indice,Date,Time,FQI171,PIR171
1,9/1/2023,9/1/2023 5:00,46.83,15.29
2,9/1/2023,9/1/2023 5:01,75.86,15.23
3,9/1/2023,9/1/2023 5:03,137.86,14.97
4,9/1/2023,9/1/2023 5:04,107.36,15.07
5,9/1/2023,9/1/2023 5:06,92.67,15.12
6,9/1/2023,9/1/2023 5:07,115.08,15.01
7,9/1/2023,9/1/2023 5:09,127.00,14.96
8,9/1/2023,9/1/2023 5:10,91.50,15.09
9,9/1/2023,9/1/2023 5:12,89.50,15.08
10,9/1/2023,9/1/2023 5:13,112.43,14.99
11,9/1/2023,9/1/2023 5:15,120.11,14.95
12,9/1/2023,9/1/2023 5:16,121.80,14.93
13,9/1/2023,9/1/2023 5:18,114.30,14.94
14,9/1/2023,9/1/2023 5:19,149.25,14.76
15,9/1/2023,9/1/2023 5:21,160.23,14.76
16,9/1/2023,9/1/2023 5:22,171.64,14.69
17,9/1/2023,9/1/2023 5:24,161.92,14.73
18,9/1/2023,9/1/2023 5:25,144.38,14.81
19,9/1/2023,9/1/2023 5:27,139.71,14.84
20,9/1/2023,9/1/2023 5:28,120.30,14.94
21,9/1/2023,9/1/2023 5:30,127.71,14.91
22,9/1/2023,9/1/2023 5:31,121.25,14.95
23,9/1/2023,9/1/2023 5:33,114.75,14.98
24,9/1/2023,9/1/2023 5:34,134.22,14.90
25,9/1/2023,9/1/2023 5:36,140.43,14.88
26,9/1/2023,9/1/2023 5:37,154.33,14.82
27,9/1/2023,9/1/2023 5:39,179.40,14.68
28,9/1/2023,9/1/2023 5:40,137.00,14.89
29,9/1/2023,9/1/2023 5:42,79.18,15.16
30,9/1/2023,9/1/2023 5:43,60.50,15.22
31,9/1/2023,9/1/2023 5:45,126.75,15.05
32,9/1/2023,9/1/2023 5:46,103.09,15.08
33,9/1/2023,9/1/2023 5:48,109.88,15.06
34,9/1/2023,9/1/2023 5:49,153.00,14.85
35,9/1/2023,9/1/2023 5:51,170.14,14.71
36,9/1/2023,9/1/2023 5:52,209.08,14.47
37,9/1/2023,9/1/2023 5:54,161.11,14.71
38,9/1/2023,9/1/2023 5:55,155.00,14.75
39,9/1/2023,9/1/2023 5:57,153.09,14.77
40,9/1/2023,9/1/2023 5:58,152.71,14.79
41,9/1/2023,9/1/2023 6:00,141.56,14.86
42,9/1/2023,9/1/2023 6:01,118.40,14.97
43,9/1/2023,9/1/2023 6:03,119.60,15.03
44,9/1/2023,9/1/2023 6:04,122.67,15.11
45,9/1/2023,9/1/2023 6:06,142.88,15.02
46,9/1/2023,9/1/2023 6:07,162.50,14.91
47,9/1/2023,9/1/2023 6:09,171.00,14.85
48,9/1/2023,9/1/2023 6:10,159.15,14.91
49,9/1/2023,9/1/2023 6:12,137.56,15.01
50,9/1/2023,9/1/2023 6:13,134.21,15.04
51,9/1/2023,9/1/2023 6:15,154.90,14.92
52,9/1/2023,9/1/2023 6:16,161.00,14.89
53,9/1/2023,9/1/2023 6:18,150.64,14.94
54,9/1/2023,9/1/2023 6:19,145.17,14.97
55,9/1/2023,9/1/2023 6:21,139.75,15.00
56,9/1/2023,9/1/2023 6:22,131.00,15.05
57,9/1/2023,9/1/2023 6:24,147.75,14.97
58,9/1/2023,9/1/2023 6:25,173.00,14.82
59,9/1/2023,9/1/2023 6:27,171.78,14.84
60,9/1/2023,9/1/2023 6:28,219.50,14.54
61,9/1/2023,9/1/2023 6:30,215.38,14.53
62,9/1/2023,9/1/2023 6:31,190.06,14.70
63,9/1/2023,9/1/2023 6:33,159.44,14.87
64,9/1/2023,9/1/2023 6:34,136.14,15.00
65,9/1/2023,9/1/2023 6:36,136.00,15.02
66,9/1/2023,9/1/2023 6:37,139.79,15.00
67,9/1/2023,9/1/2023 6:39,132.88,15.03
68,9/1/2023,9/1/2023 6:40,157.88,14.91
69,9/1/2023,9/1/2023 6:42,156.83,14.90
70,9/1/2023,9/1/2023 6:43,169.50,14.84
71,9/1/2023,9/1/2023 6:45,153.50,14.91
72,9/1/2023,9/1/2023 6:46,140.88,15.02
73,9/1/2023,9/1/2023 6:48,144.29,15.10
74,9/1/2023,9/1/2023 6:49,136.27,15.27
75,9/1/2023,9/1/2023 6:51,118.20,15.39
76,9/1/2023,9/1/2023 6:52,118.00,15.36
77,9/1/2023,9/1/2023 6:54,130.29,15.28
78,9/1/2023,9/1/2023 6:55,94.56,15.40
79,9/1/2023,9/1/2023 6:57,92.40,15.38
80,9/1/2023,9/1/2023 6:58,42.20,15.53
81,9/1/2023,9/1/2023 7:00,67.56,15.46
82,9/1/2023,9/1/2023 7:01,128.00,15.27
83,9/1/2023,9/1/2023 7:03,159.80,15.06
84,9/1/2023,9/1/2023 7:04,142.67,15.10
85,9/1/2023,9/1/2023 7:06,98.30,15.27
86,9/1/2023,9/1/2023 7:07,82.80,15.31
87,9/1/2023,9/1/2023 7:09,81.78,15.32
88,9/1/2023,9/1/2023 7:10,81.56,15.32
89,9/1/2023,9/1/2023 7:12,81.33,15.31
90,9/1/2023,9/1/2023 7:13,81.50,15.30
91,9/1/2023,9/1/2023 7:15,108.00,15.19
92,9/1/2023,9/1/2023 7:16,143.18,15.01
93,9/1/2023,9/1/2023 7:18,175.86,14.81
94,9/1/2023,9/1/2023 7:19,180.23,14.74
95,9/1/2023,9/1/2023 7:21,177.90,14.74
96,9/1/2023,9/1/2023 7:22,163.56,14.79
97,9/1/2023,9/1/2023 7:24,116.90,15.04
98,9/1/2023,9/1/2023 7:25,122.17,15.16
99,9/1/2023,9/1/2023 7:27,126.21,15.44
100,9/1/2023,9/1/2023 7:28,153.62,15.50
101,9/1/2023,9/1/2023 7:30,175.90,15.37
102,9/1/2023,9/1/2023 7:31,163.29,15.37
103,9/1/2023,9/1/2023 7:33,136.09,15.44
104,9/1/2023,9/1/2023 7:34,149.21,15.35
105,9/1/2023,9/1/2023 7:36,183.47,15.13
106,9/1/2023,9/1/2023 7:37,187.00,15.07
107,9/1/2023,9/1/2023 7:39,206.83,14.92
108,9/1/2023,9/1/2023 7:40,157.00,15.15
109,9/1/2023,9/1/2023 7:42,145.58,15.19
110,9/1/2023,9/1/2023 7:43,170.38,15.05
111,9/1/2023,9/1/2023 7:45,175.07,14.99
112,9/1/2023,9/1/2023 7:46,181.50,14.94
113,9/1/2023,9/1/2023 7:48,162.82,15.01
114,9/1/2023,9/1/2023 7:49,141.25,15.11
115,9/1/2023,9/1/2023 7:51,138.18,15.12
116,9/1/2023,9/1/2023 7:52,130.44,15.15
117,9/1/2023,9/1/2023 7:54,126.00,15.16
118,9/1/2023,9/1/2023 7:55,69.00,15.37
119,9/1/2023,9/1/2023 7:57,54.70,15.42
120,9/1/2023,9/1/2023 7:58,94.13,15.30
121,9/1/2023,9/1/2023 8:00,57.47,15.40
122,9/1/2023,9/1/2023 8:01,83.91,15.33
123,9/1/2023,9/1/2023 8:03,79.17,15.33
124,9/1/2023,9/1/2023 8:04,72.20,15.33
125,9/1/2023,9/1/2023 8:06,109.72,15.18
126,9/1/2023,9/1/2023 8:07,117.40,15.18
127,9/1/2023,9/1/2023 8:09,108.25,15.19
128,9/1/2023,9/1/2023 8:10,95.50,15.20
129,9/1/2023,9/1/2023 8:12,103.00,15.19
130,9/1/2023,9/1/2023 8:13,91.43,15.21
131,9/1/2023,9/1/2023 8:15,88.50,15.21
132,9/1/2023,9/1/2023 8:16,89.00,15.21
133,9/1/2023,9/1/2023 8:18,90.71,15.19
134,9/1/2023,9/1/2023 8:19,94.00,15.17
135,9/1/2023,9/1/2023 8:21,115.17,15.07
136,9/1/2023,9/1/2023 8:22,118.60,15.04
137,9/1/2023,9/1/2023 8:24,119.00,15.03
138,9/1/2023,9/1/2023 8:25,102.50,15.08
139,9/1/2023,9/1/2023 8:27,78.00,15.17
140,9/1/2023,9/1/2023 8:28,77.33,15.17
141,9/1/2023,9/1/2023 8:30,77.67,15.16
142,9/1/2023,9/1/2023 8:31,82.00,15.15
143,9/1/2023,9/1/2023 8:33,121.75,15.02
144,9/1/2023,9/1/2023 8:34,151.00,14.84
145,9/1/2023,9/1/2023 8:36,116.61,14.96
146,9/1/2023,9/1/2023 8:37,133.67,14.87
147,9/1/2023,9/1/2023 8:39,76.36,15.10
148,9/1/2023,9/1/2023 8:40,80.50,15.10
149,9/1/2023,9/1/2023 8:42,120.85,15.04
150,9/1/2023,9/1/2023 8:43,139.25,15.21
151,9/1/2023,9/1/2023 8:45,129.00,15.27
152,9/1/2023,9/1/2023 8:46,130.00,15.21
153,9/1/2023,9/1/2023 8:48,130.50,15.15
154,9/1/2023,9/1/2023 8:49,112.00,15.16
155,9/1/2023,9/1/2023 8:51,97.78,15.23
156,9/1/2023,9/1/2023 8:52,101.67,15.19
157,9/1/2023,9/1/2023 8:54,101.25,15.18
158,9/1/2023,9/1/2023 8:55,100.50,15.17
159,9/1/2023,9/1/2023 8:57,78.64,15.24
160,9/1/2023,9/1/2023 8:58,71.00,15.25
161,9/1/2023,9/1/2023 9:00,71.60,15.24
162,9/1/2023,9/1/2023 9:01,71.67,15.23
163,9/1/2023,9/1/2023 9:03,71.33,15.22
164,9/1/2023,9/1/2023 9:04,71.60,15.22
165,9/1/2023,9/1/2023 9:06,71.60,15.21
166,9/1/2023,9/1/2023 9:07,71.50,15.20
167,9/1/2023,9/1/2023 9:09,71.50,15.19
168,9/1/2023,9/1/2023 9:10,88.14,15.13
169,9/1/2023,9/1/2023 9:12,164.00,14.95
170,9/1/2023,9/1/2023 9:13,207.13,14.52
171,9/1/2023,9/1/2023 9:15,196.88,14.50
172,9/1/2023,9/1/2023 9:16,198.17,14.46
173,9/1/2023,9/1/2023 9:18,203.00,14.43
174,9/1/2023,9/1/2023 9:19,205.50,14.42
175,9/1/2023,9/1/2023 9:21,173.00,14.57
176,9/1/2023,9/1/2023 9:22,104.00,14.97
177,9/1/2023,9/1/2023 9:24,116.73,15.02
178,9/1/2023,9/1/2023 9:25,133.50,15.20
179,9/1/2023,9/1/2023 9:27,109.20,15.61
180,9/1/2023,9/1/2023 9:28,70.20,15.79
181,9/1/2023,9/1/2023 9:30,48.55,15.78
182,9/1/2023,9/1/2023 9:31,107.20,15.57
183,9/1/2023,9/1/2023 9:33,128.44,15.46
184,9/1/2023,9/1/2023 9:34,192.75,15.10
185,9/1/2023,9/1/2023 9:36,160.81,15.13
186,9/1/2023,9/1/2023 9:37,147.57,15.16
187,9/1/2023,9/1/2023 9:39,118.82,15.27
188,9/1/2023,9/1/2023 9:40,94.00,15.36
189,9/1/2023,9/1/2023 9:42,154.67,15.36
190,9/1/2023,9/1/2023 9:43,218.33,15.05
191,9/1/2023,9/1/2023 9:45,125.38,15.18
192,9/1/2023,9/1/2023 9:46,96.50,15.28
193,9/1/2023,9/1/2023 9:48,97.00,15.27
194,9/1/2023,9/1/2023 9:49,101.33,15.25
195,9/1/2023,9/1/2023 9:51,99.50,15.24
196,9/1/2023,9/1/2023 9:52,99.50,15.23
197,9/1/2023,9/1/2023 9:54,98.20,15.22
198,9/1/2023,9/1/2023 9:55,84.00,15.27
199,9/1/2023,9/1/2023 9:57,150.83,15.14
200,9/1/2023,9/1/2023 9:58,158.33,14.91
201,9/1/2023,9/1/2023 10:00,161.00,14.87
202,9/1/2023,9/1/2023 10:01,162.33,14.83
203,9/1/2023,9/1/2023 10:03,96.47,15.11
204,9/1/2023,9/1/2023 10:04,50.90,15.28
205,9/1/2023,9/1/2023 10:06,50.67,15.28
206,9/1/2023,9/1/2023 10:07,41.00,15.26
207,9/1/2023,9/1/2023 10:09,42.87,15.22
208,9/1/2023,9/1/2023 10:10,45.80,15.16
209,9/1/2023,9/1/2023 10:12,51.27,15.14
210,9/1/2023,9/1/2023 10:13,54.45,15.09
211,9/1/2023,9/1/2023 10:15,84.69,15.03
212,9/1/2023,9/1/2023 10:16,89.00,15.06
213,9/1/2023,9/1/2023 10:18,113.09,15.01
214,9/1/2023,9/1/2023 10:19,156.00,14.81
215,9/1/2023,9/1/2023 10:21,140.00,14.81
216,9/1/2023,9/1/2023 10:22,110.18,14.99
217,9/1/2023,9/1/2023 10:24,108.78,14.98
218,9/1/2023,9/1/2023 10:25,106.71,15.00
219,9/1/2023,9/1/2023 10:27,149.29,14.80
220,9/1/2023,9/1/2023 10:28,141.55,14.81
221,9/1/2023,9/1/2023 10:30,102.20,14.99
222,9/1/2023,9/1/2023 10:31,99.60,15.03
223,9/1/2023,9/1/2023 10:33,87.50,15.10
224,9/1/2023,9/1/2023 10:34,98.00,15.08
225,9/1/2023,9/1/2023 10:36,81.36,15.13
226,9/1/2023,9/1/2023 10:37,77.57,15.15
227,9/1/2023,9/1/2023 10:39,84.60,15.12
228,9/1/2023,9/1/2023 10:40,89.33,15.06
229,9/1/2023,9/1/2023 10:42,98.17,14.97
230,9/1/2023,9/1/2023 10:43,97.88,15.04
231,9/1/2023,9/1/2023 10:45,85.11,15.11
232,9/1/2023,9/1/2023 10:46,82.17,15.11
233,9/1/2023,9/1/2023 10:48,92.75,15.07
234,9/1/2023,9/1/2023 10:49,67.00,15.14
235,9/1/2023,9/1/2023 10:51,29.25,15.26
236,9/1/2023,9/1/2023 10:52,10.67,15.32
237,9/1/2023,9/1/2023 10:54,21.33,15.32
238,9/1/2023,9/1/2023 10:55,32.00,15.19
239,9/1/2023,9/1/2023 10:57,51.06,15.09
240,9/1/2023,9/1/2023 10:58,35.21,15.06
241,9/1/2023,9/1/2023 11:00,22.23,15.05
242,9/1/2023,9/1/2023 11:01,22.10,15.05
243,9/1/2023,9/1/2023 11:03,19.33,15.05
244,9/1/2023,9/1/2023 11:04,23.27,15.04
245,9/1/2023,9/1/2023 11:06,19.07,15.03
246,9/1/2023,9/1/2023 11:07,20.42,15.03
247,9/1/2023,9/1/2023 11:09,22.38,15.03
248,9/1/2023,9/1/2023 11:10,15.92,15.03
249,9/1/2023,9/1/2023 11:12,13.50,15.07
250,9/1/2023,9/1/2023 11:13,37.91,15.15
251,9/1/2023,9/1/2023 11:15,109.33,15.23
252,9/1/2023,9/1/2023 11:16,80.64,15.40
253,9/1/2023,9/1/2023 11:18,105.36,15.29
254,9/1/2023,9/1/2023 11:19,150.30,15.07
255,9/1/2023,9/1/2023 11:21,170.40,14.90
256,9/1/2023,9/1/2023 11:22,171.55,14.83
257,9/1/2023,9/1/2023 11:24,110.62,15.07
258,9/1/2023,9/1/2023 11:25,82.29,15.19
259,9/1/2023,9/1/2023 11:27,83.00,15.17
260,9/1/2023,9/1/2023 11:28,67.33,15.13
261,9/1/2023,9/1/2023 11:30,73.13,15.04
262,9/1/2023,9/1/2023 11:31,108.75,14.96
263,9/1/2023,9/1/2023 11:33,105.25,15.05
264,9/1/2023,9/1/2023 11:34,82.50,15.11
265,9/1/2023,9/1/2023 11:36,77.75,15.12
266,9/1/2023,9/1/2023 11:37,45.64,15.09
267,9/1/2023,9/1/2023 11:39,48.55,15.06
268,9/1/2023,9/1/2023 11:40,69.36,14.99
269,9/1/2023,9/1/2023 11:42,68.50,14.97
270,9/1/2023,9/1/2023 11:43,32.38,15.04
271,9/1/2023,9/1/2023 11:45,10.68,15.09
272,9/1/2023,9/1/2023 11:46,21.36,15.20
273,9/1/2023,9/1/2023 11:48,32.05,15.25
274,9/1/2023,9/1/2023 11:49,42.73,15.43
275,9/1/2023,9/1/2023 11:51,53.41,15.57
276,9/1/2023,9/1/2023 11:52,64.09,15.52
277,9/1/2023,9/1/2023 11:54,46.50,15.46
278,9/1/2023,9/1/2023 11:55,81.81,15.34
279,9/1/2023,9/1/2023 11:57,82.33,15.31
280,9/1/2023,9/1/2023 11:58,84.58,15.28
281,9/1/2023,9/1/2023 12:00,84.63,15.24
282,9/1/2023,9/1/2023 12:01,87.06,15.23
283,9/1/2023,9/1/2023 12:03,92.44,15.22
284,9/1/2023,9/1/2023 12:04,91.53,15.18
285,9/1/2023,9/1/2023 12:06,98.40,15.17
286,9/1/2023,9/1/2023 12:07,111.09,15.15
287,9/1/2023,9/1/2023 12:09,125.00,15.15
288,9/1/2023,9/1/2023 12:10,131.36,15.09
289,9/1/2023,9/1/2023 12:12,120.40,15.11
290,9/1/2023,9/1/2023 12:13,160.63,14.97
291,9/1/2023,9/1/2023 12:15,178.00,14.79
292,9/1/2023,9/1/2023 12:16,125.07,15.02
293,9/1/2023,9/1/2023 12:18,77.20,15.22
294,9/1/2023,9/1/2023 12:19,83.50,15.19
295,9/1/2023,9/1/2023 12:21,84.86,15.07
296,9/1/2023,9/1/2023 12:22,111.31,14.97
297,9/1/2023,9/1/2023 12:24,90.20,15.15
298,9/1/2023,9/1/2023 12:25,106.55,15.08
299,9/1/2023,9/1/2023 12:27,110.29,15.05
300,9/1/2023,9/1/2023 12:28,80.63,15.05
301,9/1/2023,9/1/2023 12:30,83.67,15.00
302,9/1/2023,9/1/2023 12:31,89.83,14.99
303,9/1/2023,9/1/2023 12:33,64.17,15.06
304,9/1/2023,9/1/2023 12:34,68.75,15.08
305,9/1/2023,9/1/2023 12:36,76.00,15.08
306,9/1/2023,9/1/2023 12:37,75.82,15.09
307,9/1/2023,9/1/2023 12:39,60.00,15.13
308,9/1/2023,9/1/2023 12:40,66.77,15.12
309,9/1/2023,9/1/2023 12:42,71.13,15.11
310,9/1/2023,9/1/2023 12:43,82.54,15.09
311,9/1/2023,9/1/2023 12:45,49.20,15.24
312,9/1/2023,9/1/2023 12:46,11.64,15.32
313,9/1/2023,9/1/2023 12:48,23.28,15.34
314,9/1/2023,9/1/2023 12:49,34.92,15.34
315,9/1/2023,9/1/2023 12:51,46.56,15.32
316,9/1/2023,9/1/2023 12:52,58.20,15.24
317,9/1/2023,9/1/2023 12:54,14.33,15.21
318,9/1/2023,9/1/2023 12:55,13.19,15.20
319,9/1/2023,9/1/2023 12:57,15.11,15.18
320,9/1/2023,9/1/2023 12:58,21.06,15.17
321,9/1/2023,9/1/2023 13:00,22.60,15.16
322,9/1/2023,9/1/2023 13:01,24.21,15.16
323,9/1/2023,9/1/2023 13:03,28.40,15.15
324,9/1/2023,9/1/2023 13:04,31.42,15.14
325,9/1/2023,9/1/2023 13:06,76.00,15.06
326,9/1/2023,9/1/2023 13:07,107.69,15.13
327,9/1/2023,9/1/2023 13:09,105.17,15.18
328,9/1/2023,9/1/2023 13:10,124.09,15.04
329,9/1/2023,9/1/2023 13:12,133.89,14.98
330,9/1/2023,9/1/2023 13:13,109.86,15.14
331,9/1/2023,9/1/2023 13:15,111.11,15.26
332,9/1/2023,9/1/2023 13:16,100.42,15.27
333,9/1/2023,9/1/2023 13:18,88.60,15.17
334,9/1/2023,9/1/2023 13:19,81.00,15.17
335,9/1/2023,9/1/2023 13:21,71.89,15.18
336,9/1/2023,9/1/2023 13:22,74.63,15.17
337,9/1/2023,9/1/2023 13:24,82.56,15.17
338,9/1/2023,9/1/2023 13:25,83.92,15.16
339,9/1/2023,9/1/2023 13:27,87.83,15.16
340,9/1/2023,9/1/2023 13:28,87.09,15.15
341,9/1/2023,9/1/2023 13:30,72.67,15.19
342,9/1/2023,9/1/2023 13:31,82.91,15.16
343,9/1/2023,9/1/2023 13:33,93.00,15.15
344,9/1/2023,9/1/2023 13:34,75.07,15.19
345,9/1/2023,9/1/2023 13:36,68.33,15.21
346,9/1/2023,9/1/2023 13:37,73.75,15.20
347,9/1/2023,9/1/2023 13:39,108.58,15.10
348,9/1/2023,9/1/2023 13:40,120.25,15.10
349,9/1/2023,9/1/2023 13:42,101.70,15.18
350,9/1/2023,9/1/2023 13:43,65.53,15.23
351,9/1/2023,9/1/2023 13:45,68.22,15.23
352,9/1/2023,9/1/2023 13:46,43.63,15.34
353,9/1/2023,9/1/2023 13:48,27.91,15.43
354,9/1/2023,9/1/2023 13:49,55.82,15.43
355,9/1/2023,9/1/2023 13:51,83.73,15.41
356,9/1/2023,9/1/2023 13:52,111.64,15.16
357,9/1/2023,9/1/2023 13:54,65.40,15.41
358,9/1/2023,9/1/2023 13:55,39.06,15.43
359,9/1/2023,9/1/2023 13:57,22.23,15.39
360,9/1/2023,9/1/2023 13:58,39.08,15.29
361,9/1/2023,9/1/2023 14:00,44.91,15.28
362,9/1/2023,9/1/2023 14:01,43.85,15.27
363,9/1/2023,9/1/2023 14:03,44.55,15.27
364,9/1/2023,9/1/2023 14:04,44.50,15.26
365,9/1/2023,9/1/2023 14:06,44.17,15.27
366,9/1/2023,9/1/2023 14:07,74.07,15.20
367,9/1/2023,9/1/2023 14:09,91.73,15.18
368,9/1/2023,9/1/2023 14:10,91.69,15.18
369,9/1/2023,9/1/2023 14:12,91.50,15.17
370,9/1/2023,9/1/2023 14:13,100.50,15.13
371,9/1/2023,9/1/2023 14:15,90.20,15.16
372,9/1/2023,9/1/2023 14:16,94.45,15.15
373,9/1/2023,9/1/2023 14:18,105.50,15.11
374,9/1/2023,9/1/2023 14:19,117.27,15.08
375,9/1/2023,9/1/2023 14:21,82.17,15.16
376,9/1/2023,9/1/2023 14:22,82.82,15.14
377,9/1/2023,9/1/2023 14:24,129.09,15.02
378,9/1/2023,9/1/2023 14:25,117.55,15.07
379,9/1/2023,9/1/2023 14:27,79.90,15.14
380,9/1/2023,9/1/2023 14:28,87.33,15.22
381,9/1/2023,9/1/2023 14:30,87.47,15.21
382,9/1/2023,9/1/2023 14:31,90.33,15.19
383,9/1/2023,9/1/2023 14:33,97.33,15.15
384,9/1/2023,9/1/2023 14:34,95.50,15.15
385,9/1/2023,9/1/2023 14:36,80.21,15.18
386,9/1/2023,9/1/2023 14:37,82.00,15.18
387,9/1/2023,9/1/2023 14:39,95.17,15.15
388,9/1/2023,9/1/2023 14:40,41.25,15.32
389,9/1/2023,9/1/2023 14:42,16.90,15.40
390,9/1/2023,9/1/2023 14:43,33.80,15.40
391,9/1/2023,9/1/2023 14:45,50.70,15.38
392,9/1/2023,9/1/2023 14:46,67.60,15.36
393,9/1/2023,9/1/2023 14:48,84.50,15.20
394,9/1/2023,9/1/2023 14:49,77.22,15.18
395,9/1/2023,9/1/2023 14:51,104.62,15.09
396,9/1/2023,9/1/2023 14:52,39.91,15.19
397,9/1/2023,9/1/2023 14:54,39.53,15.20
398,9/1/2023,9/1/2023 14:55,37.13,15.18
399,9/1/2023,9/1/2023 14:57,39.44,15.18
400,9/1/2023,9/1/2023 14:58,40.30,15.17
401,9/1/2023,9/1/2023 15:00,38.94,15.16
402,9/1/2023,9/1/2023 15:01,41.60,15.16
403,9/1/2023,9/1/2023 15:03,38.19,15.16
404,9/1/2023,9/1/2023 15:04,43.64,15.14
405,9/1/2023,9/1/2023 15:06,78.82,15.08
406,9/1/2023,9/1/2023 15:07,81.67,15.07
407,9/1/2023,9/1/2023 15:09,82.24,15.06
408,9/1/2023,9/1/2023 15:10,46.09,15.11
409,9/1/2023,9/1/2023 15:12,26.14,15.15
410,9/1/2023,9/1/2023 15:13,3.00,15.15
411,9/1/2023,9/1/2023 15:15,4.91,15.15
412,9/1/2023,9/1/2023 15:16,45.00,15.10
413,9/1/2023,9/1/2023 15:18,19.69,15.13
414,9/1/2023,9/1/2023 15:19,44.33,15.09
415,9/1/2023,9/1/2023 15:21,75.00,15.04
416,9/1/2023,9/1/2023 15:22,55.63,15.07
417,9/1/2023,9/1/2023 15:24,0.50,15.15
418,9/1/2023,9/1/2023 15:25,0.63,15.15
419,9/1/2023,9/1/2023 15:27,1.25,15.15
420,9/1/2023,9/1/2023 15:28,1.88,15.15
421,9/1/2023,9/1/2023 15:30,2.50,15.15
422,9/1/2023,9/1/2023 15:31,3.63,15.14
423,9/1/2023,9/1/2023 15:33,7.25,15.15
424,9/1/2023,9/1/2023 15:34,10.88,15.15
425,9/1/2023,9/1/2023 15:36,14.50,15.13
426,9/1/2023,9/1/2023 15:37,32.68,15.17
427,9/1/2023,9/1/2023 15:39,65.35,15.06
428,9/1/2023,9/1/2023 15:40,30.89,15.11
429,9/1/2023,9/1/2023 15:42,61.00,15.02
430,9/1/2023,9/1/2023 15:43,7.33,15.17
431,9/1/2023,9/1/2023 15:45,28.86,15.24
432,9/1/2023,9/1/2023 15:46,57.71,15.17
433,9/1/2023,9/1/2023 15:48,48.67,15.13
434,9/1/2023,9/1/2023 15:49,99.71,15.04
435,9/1/2023,9/1/2023 15:51,92.73,15.04
436,9/1/2023,9/1/2023 15:52,96.30,15.02
437,9/1/2023,9/1/2023 15:54,102.17,15.00
438,9/1/2023,9/1/2023 15:55,77.62,15.06
439,9/1/2023,9/1/2023 15:57,41.41,15.12
440,9/1/2023,9/1/2023 15:58,75.00,15.09
441,9/1/2023,9/1/2023 16:00,22.24,15.21
442,9/1/2023,9/1/2023 16:01,34.20,15.40
443,9/1/2023,9/1/2023 16:03,29.29,15.56
444,9/1/2023,9/1/2023 16:04,55.91,15.67
445,9/1/2023,9/1/2023 16:06,21.69,15.81
446,9/1/2023,9/1/2023 16:07,19.71,15.90
447,9/1/2023,9/1/2023 16:09,61.62,15.93
448,9/1/2023,9/1/2023 16:10,53.00,15.93
449,9/1/2023,9/1/2023 16:12,53.88,15.89
450,9/1/2023,9/1/2023 16:13,11.30,15.89
451,9/1/2023,9/1/2023 16:15,4.77,15.87
452,9/1/2023,9/1/2023 16:16,3.70,15.84
453,9/1/2023,9/1/2023 16:18,25.25,15.81
454,9/1/2023,9/1/2023 16:19,54.09,15.75
455,9/1/2023,9/1/2023 16:21,52.00,15.73
456,9/1/2023,9/1/2023 16:22,87.90,15.64
457,9/1/2023,9/1/2023 16:24,99.08,15.62
458,9/1/2023,9/1/2023 16:25,105.36,15.58
459,9/1/2023,9/1/2023 16:27,110.55,15.56
460,9/1/2023,9/1/2023 16:28,8.80,15.71
461,9/1/2023,9/1/2023 16:30,8.31,15.73
462,9/1/2023,9/1/2023 16:31,7.40,15.74
463,9/1/2023,9/1/2023 16:33,8.21,15.78
464,9/1/2023,9/1/2023 16:34,25.09,15.79
465,9/1/2023,9/1/2023 16:36,62.38,15.75
466,9/1/2023,9/1/2023 16:37,65.88,15.75
467,9/1/2023,9/1/2023 16:39,67.92,15.75
468,9/1/2023,9/1/2023 16:40,48.64,15.76
469,9/1/2023,9/1/2023 16:42,8.36,15.82
470,9/1/2023,9/1/2023 16:43,3.17,15.81
471,9/1/2023,9/1/2023 16:45,4.60,15.82
472,9/1/2023,9/1/2023 16:46,67.45,15.74
473,9/1/2023,9/1/2023 16:48,96.82,15.71
474,9/1/2023,9/1/2023 16:49,86.73,15.73
475,9/1/2023,9/1/2023 16:51,109.88,15.67
476,9/1/2023,9/1/2023 16:52,103.94,15.72
477,9/1/2023,9/1/2023 16:54,82.90,15.78
478,9/1/2023,9/1/2023 16:55,15.46,15.89
479,9/1/2023,9/1/2023 16:57,43.33,15.90
480,9/1/2023,9/1/2023 16:58,57.47,15.89
481,9/1/2023,9/1/2023 17:00,59.50,15.92
482,9/1/2023,9/1/2023 17:01,84.36,15.84
483,9/1/2023,9/1/2023 17:03,113.33,15.80
484,9/1/2023,9/1/2023 17:04,98.40,15.82
485,9/1/2023,9/1/2023 17:06,106.18,15.78
486,9/1/2023,9/1/2023 17:07,116.00,15.73
487,9/1/2023,9/1/2023 17:09,124.38,15.67
488,9/1/2023,9/1/2023 17:10,134.13,15.64
489,9/1/2023,9/1/2023 17:12,110.14,15.68
490,9/1/2023,9/1/2023 17:13,115.40,15.65
491,9/1/2023,9/1/2023 17:15,124.40,15.60
492,9/1/2023,9/1/2023 17:16,75.92,15.72
493,9/1/2023,9/1/2023 17:18,71.50,15.72
494,9/1/2023,9/1/2023 17:19,92.21,15.66
495,9/1/2023,9/1/2023 17:21,83.44,15.68
496,9/1/2023,9/1/2023 17:22,55.81,15.71
497,9/1/2023,9/1/2023 17:24,53.20,15.71
498,9/1/2023,9/1/2023 17:25,53.60,15.68
499,9/1/2023,9/1/2023 17:27,100.83,15.59
500,9/1/2023,9/1/2023 17:28,107.60,15.56
501,9/1/2023,9/1/2023 17:30,86.11,15.61
502,9/1/2023,9/1/2023 17:31,74.07,15.63
503,9/1/2023,9/1/2023 17:33,68.43,15.62
504,9/1/2023,9/1/2023 17:34,86.41,15.57
505,9/1/2023,9/1/2023 17:36,114.38,15.49
506,9/1/2023,9/1/2023 17:37,108.40,15.49
507,9/1/2023,9/1/2023 17:39,101.20,15.51
508,9/1/2023,9/1/2023 17:40,87.85,15.53
509,9/1/2023,9/1/2023 17:42,32.27,15.60
510,9/1/2023,9/1/2023 17:43,29.20,15.60
511,9/1/2023,9/1/2023 17:45,31.20,15.60
512,9/1/2023,9/1/2023 17:46,12.38,15.61
513,9/1/2023,9/1/2023 17:48,1.67,15.62
514,9/1/2023,9/1/2023 17:49,1.50,15.62
515,9/1/2023,9/1/2023 17:51,1.00,15.61
516,9/1/2023,9/1/2023 17:52,31.37,15.59
517,9/1/2023,9/1/2023 17:54,65.44,15.54
518,9/1/2023,9/1/2023 17:55,115.25,15.38
519,9/1/2023,9/1/2023 17:57,126.63,15.36
520,9/1/2023,9/1/2023 17:58,15.31,15.57
521,9/1/2023,9/1/2023 18:00,47.27,15.51
522,9/1/2023,9/1/2023 18:01,94.33,15.41
523,9/1/2023,9/1/2023 18:03,101.71,15.39
524,9/1/2023,9/1/2023 18:04,104.29,15.37
525,9/1/2023,9/1/2023 18:06,104.50,15.36
526,9/1/2023,9/1/2023 18:07,98.00,15.37
527,9/1/2023,9/1/2023 18:09,78.67,15.39
528,9/1/2023,9/1/2023 18:10,95.19,15.36
529,9/1/2023,9/1/2023 18:12,73.89,15.40
530,9/1/2023,9/1/2023 18:13,62.72,15.41
531,9/1/2023,9/1/2023 18:15,48.00,15.42
532,9/1/2023,9/1/2023 18:16,26.50,15.43
533,9/1/2023,9/1/2023 18:18,25.56,15.43
534,9/1/2023,9/1/2023 18:19,42.05,15.40
535,9/1/2023,9/1/2023 18:21,92.38,15.30
536,9/1/2023,9/1/2023 18:22,107.73,15.25
537,9/1/2023,9/1/2023 18:24,131.22,15.16
538,9/1/2023,9/1/2023 18:25,121.25,15.19
539,9/1/2023,9/1/2023 18:27,119.00,15.19
540,9/1/2023,9/1/2023 18:28,112.17,15.20
541,9/1/2023,9/1/2023 18:30,86.44,15.25
542,9/1/2023,9/1/2023 18:31,47.14,15.33
543,9/1/2023,9/1/2023 18:33,80.70,15.26
544,9/1/2023,9/1/2023 18:34,80.13,15.26
545,9/1/2023,9/1/2023 18:36,79.85,15.25
546,9/1/2023,9/1/2023 18:37,101.38,15.18
547,9/1/2023,9/1/2023 18:39,115.50,15.13
548,9/1/2023,9/1/2023 18:40,124.29,15.08
549,9/1/2023,9/1/2023 18:42,103.14,15.15
550,9/1/2023,9/1/2023 18:43,73.06,15.21
551,9/1/2023,9/1/2023 18:45,141.29,15.04
552,9/1/2023,9/1/2023 18:46,157.18,14.92
553,9/1/2023,9/1/2023 18:48,148.73,14.93
554,9/1/2023,9/1/2023 18:49,111.00,15.05
555,9/1/2023,9/1/2023 18:51,87.88,15.14
556,9/1/2023,9/1/2023 18:52,104.94,15.05
557,9/1/2023,9/1/2023 18:54,183.20,14.75
558,9/1/2023,9/1/2023 18:55,110.21,15.05
559,9/1/2023,9/1/2023 18:57,118.50,15.01
560,9/1/2023,9/1/2023 18:58,133.53,14.92
561,9/1/2023,9/1/2023 19:00,95.50,15.05
562,9/1/2023,9/1/2023 19:01,90.14,15.07
563,9/1/2023,9/1/2023 19:03,110.22,14.99
564,9/1/2023,9/1/2023 19:04,127.08,14.91
565,9/1/2023,9/1/2023 19:06,139.25,14.86
566,9/1/2023,9/1/2023 19:07,125.23,14.90
567,9/1/2023,9/1/2023 19:09,129.86,14.88
568,9/1/2023,9/1/2023 19:10,113.06,14.93
569,9/1/2023,9/1/2023 19:12,86.55,14.98
570,9/1/2023,9/1/2023 19:13,124.38,14.84
571,9/1/2023,9/1/2023 19:15,131.90,14.81
572,9/1/2023,9/1/2023 19:16,148.28,14.73
573,9/1/2023,9/1/2023 19:18,137.40,14.73
574,9/1/2023,9/1/2023 19:19,146.36,14.78
575,9/1/2023,9/1/2023 19:21,159.60,14.66
576,9/1/2023,9/1/2023 19:22,72.69,14.33
577,9/1/2023,9/1/2023 19:24,118.43,13.93
578,9/1/2023,9/1/2023 19:25,118.92,14.25
579,9/1/2023,9/1/2023 19:27,108.78,14.54
580,9/1/2023,9/1/2023 19:28,100.42,14.61
581,9/1/2023,9/1/2023 19:30,99.11,14.65
582,9/1/2023,9/1/2023 19:31,94.57,14.66
583,9/1/2023,9/1/2023 19:33,134.55,14.55
584,9/1/2023,9/1/2023 19:34,113.87,14.63
585,9/1/2023,9/1/2023 19:36,67.31,14.68
586,9/1/2023,9/1/2023 19:37,42.40,14.76
587,9/1/2023,9/1/2023 19:39,11.00,14.79
588,9/1/2023,9/1/2023 19:40,39.40,14.82
589,9/1/2023,9/1/2023 19:42,132.71,14.58
590,9/1/2023,9/1/2023 19:43,124.08,14.74
591,9/1/2023,9/1/2023 19:45,119.71,14.79
592,9/1/2023,9/1/2023 19:46,138.42,14.71
593,9/1/2023,9/1/2023 19:48,114.75,14.84
594,9/1/2023,9/1/2023 19:49,113.27,14.84
595,9/1/2023,9/1/2023 19:51,113.54,14.81
596,9/1/2023,9/1/2023 19:52,125.86,14.73
597,9/1/2023,9/1/2023 19:54,119.00,14.70
598,9/1/2023,9/1/2023 19:55,157.00,14.48
599,9/1/2023,9/1/2023 19:57,122.53,14.57
600,9/1/2023,9/1/2023 19:58,111.82,14.58
601,9/1/2023,9/1/2023 20:00,138.64,14.37
602,9/1/2023,9/1/2023 20:01,128.80,14.35
603,9/1/2023,9/1/2023 20:03,116.31,14.55
604,9/1/2023,9/1/2023 20:04,114.75,14.66
605,9/1/2023,9/1/2023 20:06,116.38,14.84
606,9/1/2023,9/1/2023 20:07,123.45,14.92
607,9/1/2023,9/1/2023 20:09,122.29,15.08
608,9/1/2023,9/1/2023 20:10,122.10,15.21
609,9/1/2023,9/1/2023 20:12,124.33,15.39
610,9/1/2023,9/1/2023 20:13,126.20,15.50
611,9/1/2023,9/1/2023 20:15,121.07,15.32
612,9/1/2023,9/1/2023 20:16,139.55,15.21
613,9/1/2023,9/1/2023 20:18,121.43,15.29
614,9/1/2023,9/1/2023 20:19,126.40,15.25
615,9/1/2023,9/1/2023 20:21,197.92,14.85
616,9/1/2023,9/1/2023 20:22,199.36,14.74
617,9/1/2023,9/1/2023 20:24,192.56,14.76
618,9/1/2023,9/1/2023 20:25,168.40,14.90
619,9/1/2023,9/1/2023 20:27,132.12,15.08
620,9/1/2023,9/1/2023 20:28,106.00,15.18
621,9/1/2023,9/1/2023 20:30,105.71,15.17
622,9/1/2023,9/1/2023 20:31,100.33,15.19
623,9/1/2023,9/1/2023 20:33,97.92,15.19
624,9/1/2023,9/1/2023 20:34,101.18,15.18
625,9/1/2023,9/1/2023 20:36,114.38,15.12
626,9/1/2023,9/1/2023 20:37,117.89,15.08
627,9/1/2023,9/1/2023 20:39,102.76,15.13
628,9/1/2023,9/1/2023 20:40,98.30,15.14
629,9/1/2023,9/1/2023 20:42,84.63,15.17
630,9/1/2023,9/1/2023 20:43,91.64,15.18
631,9/1/2023,9/1/2023 20:45,81.50,15.20
632,9/1/2023,9/1/2023 20:46,121.00,15.05
633,9/1/2023,9/1/2023 20:48,166.00,15.03
634,9/1/2023,9/1/2023 20:49,161.00,15.23
635,9/1/2023,9/1/2023 20:51,148.13,15.33
636,9/1/2023,9/1/2023 20:52,94.00,15.56
637,9/1/2023,9/1/2023 20:54,139.71,15.33
638,9/1/2023,9/1/2023 20:55,142.40,15.27
639,9/1/2023,9/1/2023 20:57,170.40,15.08
640,9/1/2023,9/1/2023 20:58,210.36,14.76
641,9/1/2023,9/1/2023 21:00,178.69,14.90
642,9/1/2023,9/1/2023 21:01,185.29,14.88
643,9/1/2023,9/1/2023 21:03,200.00,14.80
644,9/1/2023,9/1/2023 21:04,214.20,14.74
645,9/1/2023,9/1/2023 21:06,251.20,14.58
646,9/1/2023,9/1/2023 21:07,298.45,14.10
647,9/1/2023,9/1/2023 21:09,258.56,14.38
648,9/1/2023,9/1/2023 21:10,208.82,14.77
649,9/1/2023,9/1/2023 21:12,142.27,15.20
650,9/1/2023,9/1/2023 21:13,117.10,15.34
651,9/1/2023,9/1/2023 21:15,119.70,15.33
652,9/1/2023,9/1/2023 21:16,108.75,15.35
653,9/1/2023,9/1/2023 21:18,116.62,15.32
654,9/1/2023,9/1/2023 21:19,134.33,15.22
655,9/1/2023,9/1/2023 21:21,113.44,15.33
656,9/1/2023,9/1/2023 21:22,81.20,15.45
657,9/1/2023,9/1/2023 21:24,72.88,15.49
658,9/1/2023,9/1/2023 21:25,102.82,15.38
659,9/1/2023,9/1/2023 21:27,118.73,15.33
660,9/1/2023,9/1/2023 21:28,80.43,15.45
661,9/1/2023,9/1/2023 21:30,100.13,15.37
662,9/1/2023,9/1/2023 21:31,130.22,15.25
663,9/1/2023,9/1/2023 21:33,62.21,15.47
664,9/1/2023,9/1/2023 21:34,132.25,15.21
665,9/1/2023,9/1/2023 21:36,303.44,14.06
666,9/1/2023,9/1/2023 21:37,344.18,13.79
667,9/1/2023,9/1/2023 21:39,344.35,14.26
668,9/1/2023,9/1/2023 21:40,291.60,14.68
669,9/1/2023,9/1/2023 21:42,304.50,14.45
670,9/1/2023,9/1/2023 21:43,350.09,13.83
671,9/1/2023,9/1/2023 21:45,330.18,13.86
672,9/1/2023,9/1/2023 21:46,312.75,13.98
673,9/1/2023,9/1/2023 21:48,310.59,13.94
674,9/1/2023,9/1/2023 21:49,309.67,13.89
675,9/1/2023,9/1/2023 21:51,286.84,14.05
676,9/1/2023,9/1/2023 21:52,330.83,13.56
677,9/1/2023,9/1/2023 21:54,341.30,13.38
678,9/1/2023,9/1/2023 21:55,252.56,14.03
679,9/1/2023,9/1/2023 21:57,284.38,14.07
680,9/1/2023,9/1/2023 21:58,306.17,13.82
681,9/1/2023,9/1/2023 22:00,299.82,13.92
682,9/1/2023,9/1/2023 22:01,298.89,13.96
683,9/1/2023,9/1/2023 22:03,299.53,13.98
684,9/1/2023,9/1/2023 22:04,307.90,14.08
685,9/1/2023,9/1/2023 22:06,320.44,14.40
686,9/1/2023,9/1/2023 22:07,309.13,14.47
687,9/1/2023,9/1/2023 22:09,341.43,14.05
688,9/1/2023,9/1/2023 22:10,261.29,14.36
689,9/1/2023,9/1/2023 22:12,180.24,15.15
690,9/1/2023,9/1/2023 22:13,139.38,15.39
691,9/1/2023,9/1/2023 22:15,124.47,15.43
692,9/1/2023,9/1/2023 22:16,90.30,15.55
693,9/1/2023,9/1/2023 22:18,109.13,15.45
694,9/1/2023,9/1/2023 22:19,124.67,15.36
695,9/1/2023,9/1/2023 22:21,164.36,15.16
696,9/1/2023,9/1/2023 22:22,205.22,14.85
697,9/1/2023,9/1/2023 22:24,147.56,15.10
698,9/1/2023,9/1/2023 22:25,148.56,15.11
699,9/1/2023,9/1/2023 22:27,146.19,15.06
700,9/1/2023,9/1/2023 22:28,226.89,14.63
701,9/1/2023,9/1/2023 22:30,113.94,15.14
702,9/1/2023,9/1/2023 22:31,63.00,15.36
703,9/1/2023,9/1/2023 22:33,57.17,15.37
704,9/1/2023,9/1/2023 22:34,65.40,15.34
705,9/1/2023,9/1/2023 22:36,141.86,15.09
706,9/1/2023,9/1/2023 22:37,123.67,15.11
707,9/1/2023,9/1/2023 22:39,95.00,15.27
708,9/1/2023,9/1/2023 22:40,119.50,15.17
709,9/1/2023,9/1/2023 22:42,126.14,15.16
710,9/1/2023,9/1/2023 22:43,126.63,15.22
711,9/1/2023,9/1/2023 22:45,90.46,15.43
712,9/1/2023,9/1/2023 22:46,90.38,15.42
713,9/1/2023,9/1/2023 22:48,103.83,15.37
714,9/1/2023,9/1/2023 22:49,123.00,15.32
715,9/1/2023,9/1/2023 22:51,183.54,14.98
716,9/1/2023,9/1/2023 22:52,193.71,14.89
717,9/1/2023,9/1/2023 22:54,170.31,15.01
718,9/1/2023,9/1/2023 22:55,157.00,15.06
719,9/1/2023,9/1/2023 22:57,88.13,15.38
720,9/1/2023,9/1/2023 22:58,43.00,15.53
721,9/1/2023,9/1/2023 23:00,36.50,15.55
722,9/1/2023,9/1/2023 23:01,35.80,15.57
723,9/1/2023,9/1/2023 23:03,51.60,15.55
724,9/1/2023,9/1/2023 23:04,138.25,15.21
725,9/1/2023,9/1/2023 23:06,152.12,15.15
726,9/1/2023,9/1/2023 23:07,111.73,15.31
727,9/1/2023,9/1/2023 23:09,220.82,14.70
728,9/1/2023,9/1/2023 23:10,259.33,14.42
729,9/1/2023,9/1/2023 23:12,219.86,14.57
730,9/1/2023,9/1/2023 23:13,169.89,15.02
731,9/1/2023,9/1/2023 23:15,123.50,15.26
732,9/1/2023,9/1/2023 23:16,202.25,14.77
733,9/1/2023,9/1/2023 23:18,173.47,14.96
734,9/1/2023,9/1/2023 23:19,107.75,15.28
735,9/1/2023,9/1/2023 23:21,146.76,15.14
736,9/1/2023,9/1/2023 23:22,226.67,14.63
737,9/1/2023,9/1/2023 23:24,238.09,14.52
738,9/1/2023,9/1/2023 23:25,243.11,14.48
739,9/1/2023,9/1/2023 23:27,288.31,14.12
740,9/1/2023,9/1/2023 23:28,242.89,14.37
741,9/1/2023,9/1/2023 23:30,231.07,14.79
742,9/1/2023,9/1/2023 23:31,229.22,15.30
743,9/1/2023,9/1/2023 23:33,245.63,15.17
744,9/1/2023,9/1/2023 23:34,249.80,14.97
745,9/1/2023,9/1/2023 23:36,240.17,14.98
746,9/1/2023,9/1/2023 23:37,240.80,14.90
747,9/1/2023,9/1/2023 23:39,242.18,14.84
748,9/1/2023,9/1/2023 23:40,262.10,14.65
749,9/1/2023,9/1/2023 23:42,279.36,14.43
750,9/1/2023,9/1/2023 23:43,154.00,15.27
751,9/1/2023,9/1/2023 23:45,119.94,15.43
752,9/1/2023,9/1/2023 23:46,157.43,15.23
753,9/1/2023,9/1/2023 23:48,140.58,15.29
754,9/1/2023,9/1/2023 23:49,101.92,15.46
755,9/1/2023,9/1/2023 23:51,99.00,15.48
756,9/1/2023,9/1/2023 23:52,95.40,15.50
757,9/1/2023,9/1/2023 23:54,76.75,15.57
758,9/1/2023,9/1/2023 23:55,90.78,15.54
759,9/1/2023,9/1/2023 23:57,136.73,15.36
760,9/1/2023,9/1/2023 23:58,106.50,15.49
761,9/1/2023,9/2/2023 0:00,85.00,15.56
762,9/1/2023,9/2/2023 0:01,88.88,15.57
763,9/1/2023,9/2/2023 0:03,101.27,15.54
764,9/1/2023,9/2/2023 0:04,87.89,15.58
765,9/1/2023,9/2/2023 0:06,81.75,15.60
766,9/1/2023,9/2/2023 0:07,95.67,15.55
767,9/1/2023,9/2/2023 0:09,140.00,15.37
768,9/1/2023,9/2/2023 0:10,115.25,15.45
769,9/1/2023,9/2/2023 0:12,114.73,15.44
770,9/1/2023,9/2/2023 0:13,202.64,14.97
771,9/1/2023,9/2/2023 0:15,174.86,15.10
772,9/1/2023,9/2/2023 0:16,122.78,15.39
773,9/1/2023,9/2/2023 0:18,91.57,15.53
774,9/1/2023,9/2/2023 0:19,100.63,15.51
775,9/1/2023,9/2/2023 0:21,95.00,15.55
776,9/1/2023,9/2/2023 0:22,83.00,15.62
777,9/1/2023,9/2/2023 0:24,87.20,15.62
778,9/1/2023,9/2/2023 0:25,73.78,15.66
779,9/1/2023,9/2/2023 0:27,78.22,15.65
780,9/1/2023,9/2/2023 0:28,120.42,15.51
781,9/1/2023,9/2/2023 0:30,136.64,15.44
782,9/1/2023,9/2/2023 0:31,94.13,15.60
783,9/1/2023,9/2/2023 0:33,76.50,15.65
784,9/1/2023,9/2/2023 0:34,104.08,15.57
785,9/1/2023,9/2/2023 0:36,100.33,15.59
786,9/1/2023,9/2/2023 0:37,5.50,15.79
787,9/1/2023,9/2/2023 0:39,14.75,15.80
788,9/1/2023,9/2/2023 0:40,86.43,15.68
789,9/1/2023,9/2/2023 0:42,83.50,15.68
790,9/1/2023,9/2/2023 0:43,54.88,15.76
791,9/1/2023,9/2/2023 0:45,57.60,15.76
792,9/1/2023,9/2/2023 0:46,99.70,15.65
793,9/1/2023,9/2/2023 0:48,137.18,15.47
794,9/1/2023,9/2/2023 0:49,182.91,15.20
795,9/1/2023,9/2/2023 0:51,175.38,15.21
796,9/1/2023,9/2/2023 0:52,137.70,15.39
797,9/1/2023,9/2/2023 0:54,136.27,15.38
798,9/1/2023,9/2/2023 0:55,98.92,15.55
799,9/1/2023,9/2/2023 0:57,131.92,15.43
800,9/1/2023,9/2/2023 0:58,186.08,15.10
801,9/1/2023,9/2/2023 1:00,186.13,15.07
802,9/1/2023,9/2/2023 1:01,166.08,15.14
803,9/1/2023,9/2/2023 1:03,157.71,15.19
804,9/1/2023,9/2/2023 1:04,97.77,15.47
805,9/1/2023,9/2/2023 1:06,72.38,15.57
806,9/1/2023,9/2/2023 1:07,106.92,15.46
807,9/1/2023,9/2/2023 1:09,117.42,15.42
808,9/1/2023,9/2/2023 1:10,122.90,15.39
809,9/1/2023,9/2/2023 1:12,126.33,15.37
810,9/1/2023,9/2/2023 1:13,159.36,15.19
811,9/1/2023,9/2/2023 1:15,127.11,15.34
812,9/1/2023,9/2/2023 1:16,93.20,15.49
813,9/1/2023,9/2/2023 1:18,75.29,15.56
814,9/1/2023,9/2/2023 1:19,99.94,15.48
815,9/1/2023,9/2/2023 1:21,111.09,15.44
816,9/1/2023,9/2/2023 1:22,70.00,15.59
817,9/1/2023,9/2/2023 1:24,117.67,15.42
818,9/1/2023,9/2/2023 1:25,83.55,15.54
819,9/1/2023,9/2/2023 1:27,124.54,15.37
820,9/1/2023,9/2/2023 1:28,125.17,15.35
821,9/1/2023,9/2/2023 1:30,152.46,15.20
822,9/1/2023,9/2/2023 1:31,109.58,15.39
823,9/1/2023,9/2/2023 1:33,77.46,15.52
824,9/1/2023,9/2/2023 1:34,61.67,15.59
825,9/1/2023,9/2/2023 1:36,119.78,15.39
826,9/1/2023,9/2/2023 1:37,134.17,15.32
827,9/1/2023,9/2/2023 1:39,144.67,15.26
828,9/1/2023,9/2/2023 1:40,177.25,15.06
829,9/1/2023,9/2/2023 1:42,186.43,14.98
830,9/1/2023,9/2/2023 1:43,198.69,14.88
831,9/1/2023,9/2/2023 1:45,204.22,14.83
832,9/1/2023,9/2/2023 1:46,195.88,14.91
833,9/1/2023,9/2/2023 1:48,122.09,15.34
834,9/1/2023,9/2/2023 1:49,112.94,15.40
835,9/1/2023,9/2/2023 1:51,115.57,15.41
836,9/1/2023,9/2/2023 1:52,116.91,15.40
837,9/1/2023,9/2/2023 1:54,89.10,15.52
838,9/1/2023,9/2/2023 1:55,95.44,15.53
839,9/1/2023,9/2/2023 1:57,108.50,15.44
840,9/1/2023,9/2/2023 1:58,69.00,15.58
841,9/1/2023,9/2/2023 2:00,45.00,15.60
842,9/1/2023,9/2/2023 2:01,130.31,15.33
843,9/1/2023,9/2/2023 2:03,87.70,15.49
844,9/1/2023,9/2/2023 2:04,20.27,15.63
845,9/1/2023,9/2/2023 2:06,26.00,15.62
846,9/1/2023,9/2/2023 2:07,109.60,15.41
847,9/1/2023,9/2/2023 2:09,70.90,15.54
848,9/1/2023,9/2/2023 2:10,121.67,15.36
849,9/1/2023,9/2/2023 2:12,143.33,15.30
850,9/1/2023,9/2/2023 2:13,247.06,14.57
851,9/1/2023,9/2/2023 2:15,329.00,13.81
852,9/1/2023,9/2/2023 2:16,327.46,13.70
853,9/1/2023,9/2/2023 2:18,320.89,13.79
854,9/1/2023,9/2/2023 2:19,312.10,13.89
855,9/1/2023,9/2/2023 2:21,303.20,13.96
856,9/1/2023,9/2/2023 2:22,280.88,14.13
857,9/1/2023,9/2/2023 2:24,225.73,14.55
858,9/1/2023,9/2/2023 2:25,223.19,14.92
859,9/1/2023,9/2/2023 2:27,210.67,15.24
860,9/1/2023,9/2/2023 2:28,225.07,15.17
861,9/1/2023,9/2/2023 2:30,212.40,15.17
862,9/1/2023,9/2/2023 2:31,123.65,15.62
863,9/1/2023,9/2/2023 2:33,130.00,15.57
864,9/1/2023,9/2/2023 2:34,143.93,15.48
865,9/1/2023,9/2/2023 2:36,126.64,15.54
866,9/1/2023,9/2/2023 2:37,80.67,15.73
867,9/1/2023,9/2/2023 2:39,102.50,15.64
868,9/1/2023,9/2/2023 2:40,79.10,15.71
869,9/1/2023,9/2/2023 2:42,86.67,15.69
870,9/1/2023,9/2/2023 2:43,95.20,15.62
871,9/1/2023,9/2/2023 2:45,87.00,15.63
872,9/1/2023,9/2/2023 2:46,75.50,15.66
873,9/1/2023,9/2/2023 2:48,134.00,15.50
874,9/1/2023,9/2/2023 2:49,151.69,15.31
875,9/1/2023,9/2/2023 2:51,150.17,15.23
876,9/1/2023,9/2/2023 2:52,109.14,15.43
877,9/1/2023,9/2/2023 2:54,105.71,15.44
878,9/1/2023,9/2/2023 2:55,73.31,15.54
879,9/1/2023,9/2/2023 2:57,36.29,15.64
880,9/1/2023,9/2/2023 2:58,130.26,15.34
881,9/1/2023,9/2/2023 3:00,126.67,15.34
882,9/1/2023,9/2/2023 3:01,141.07,15.22
883,9/1/2023,9/2/2023 3:03,136.50,15.24
884,9/1/2023,9/2/2023 3:04,151.35,15.13
885,9/1/2023,9/2/2023 3:06,161.56,15.08
886,9/1/2023,9/2/2023 3:07,159.69,15.04
887,9/1/2023,9/2/2023 3:09,120.60,15.21
888,9/1/2023,9/2/2023 3:10,155.59,15.04
889,9/1/2023,9/2/2023 3:12,145.36,15.06
890,9/1/2023,9/2/2023 3:13,130.20,15.13
891,9/1/2023,9/2/2023 3:15,133.60,15.11
892,9/1/2023,9/2/2023 3:16,124.31,15.15
893,9/1/2023,9/2/2023 3:18,146.13,15.03
894,9/1/2023,9/2/2023 3:19,170.93,14.85
895,9/1/2023,9/2/2023 3:21,214.00,14.56
896,9/1/2023,9/2/2023 3:22,204.59,14.58
897,9/1/2023,9/2/2023 3:24,194.00,14.68
898,9/1/2023,9/2/2023 3:25,141.35,15.00
899,9/1/2023,9/2/2023 3:27,104.80,15.21
900,9/1/2023,9/2/2023 3:28,116.36,15.17
901,9/1/2023,9/2/2023 3:30,131.00,15.09
902,9/1/2023,9/2/2023 3:31,140.13,15.05
903,9/1/2023,9/2/2023 3:33,134.50,15.06
904,9/1/2023,9/2/2023 3:34,127.00,15.09
905,9/1/2023,9/2/2023 3:36,152.83,14.97
906,9/1/2023,9/2/2023 3:37,115.47,15.14
907,9/1/2023,9/2/2023 3:39,62.80,15.34
908,9/1/2023,9/2/2023 3:40,41.33,15.40
909,9/1/2023,9/2/2023 3:42,42.80,15.41
910,9/1/2023,9/2/2023 3:43,87.00,15.31
911,9/1/2023,9/2/2023 3:45,89.50,15.31
912,9/1/2023,9/2/2023 3:46,121.31,15.19
913,9/1/2023,9/2/2023 3:48,134.40,15.10
914,9/1/2023,9/2/2023 3:49,143.27,15.02
915,9/1/2023,9/2/2023 3:51,135.90,15.04
916,9/1/2023,9/2/2023 3:52,141.83,15.00
917,9/1/2023,9/2/2023 3:54,167.75,14.88
918,9/1/2023,9/2/2023 3:55,88.00,15.39
919,9/1/2023,9/2/2023 3:57,105.18,15.60
920,9/1/2023,9/2/2023 3:58,96.60,15.60
921,9/1/2023,9/2/2023 4:00,115.29,15.44
922,9/1/2023,9/2/2023 4:01,195.00,14.92
923,9/1/2023,9/2/2023 4:03,318.22,13.85
924,9/1/2023,9/2/2023 4:04,322.60,13.71
925,9/1/2023,9/2/2023 4:06,342.50,13.38
926,9/1/2023,9/2/2023 4:07,329.80,13.46
927,9/1/2023,9/2/2023 4:09,320.17,13.50
928,9/1/2023,9/2/2023 4:10,319.33,13.48
929,9/1/2023,9/2/2023 4:12,306.27,13.56
930,9/1/2023,9/2/2023 4:13,335.00,13.41
931,9/1/2023,9/2/2023 4:15,213.93,14.36
932,9/1/2023,9/2/2023 4:16,190.09,14.61
933,9/1/2023,9/2/2023 4:18,155.71,14.86
934,9/1/2023,9/2/2023 4:19,145.44,14.95
935,9/1/2023,9/2/2023 4:21,186.79,14.70
936,9/1/2023,9/2/2023 4:22,304.55,13.90
937,9/1/2023,9/2/2023 4:24,335.57,13.40
938,9/1/2023,9/2/2023 4:25,337.00,13.31
939,9/1/2023,9/2/2023 4:27,208.93,14.40
940,9/1/2023,9/2/2023 4:28,142.20,14.90
941,9/1/2023,9/2/2023 4:30,80.94,15.25
942,9/1/2023,9/2/2023 4:31,73.00,15.30
943,9/1/2023,9/2/2023 4:33,80.50,15.28
944,9/1/2023,9/2/2023 4:34,117.09,15.29
945,9/1/2023,9/2/2023 4:36,153.19,14.97
946,9/1/2023,9/2/2023 4:37,174.14,14.84
947,9/1/2023,9/2/2023 4:39,155.67,14.88
948,9/1/2023,9/2/2023 4:40,142.67,14.95
949,9/1/2023,9/2/2023 4:42,162.41,14.86
950,9/1/2023,9/2/2023 4:43,215.27,14.54
951,9/1/2023,9/2/2023 4:45,201.41,14.61
952,9/1/2023,9/2/2023 4:46,159.57,14.84
953,9/1/2023,9/2/2023 4:48,151.35,14.92
954,9/1/2023,9/2/2023 4:49,194.67,14.69
955,9/1/2023,9/2/2023 4:51,201.29,14.62
956,9/1/2023,9/2/2023 4:52,214.58,14.51
957,9/1/2023,9/2/2023 4:54,242.29,14.28
958,9/1/2023,9/2/2023 4:55,242.13,14.26
959,9/1/2023,9/2/2023 4:57,279.13,13.96
960,9/1/2023,9/2/2023 4:58,233.55,14.40
