"TIME,BOVEDA_CAUDAL_ENT,TEMP_ENT_BOVEDA,TEMP_SAL_BOVEDA,MW_BOV_DISPTERM,SEMITINO_CAUDAL_ENT,SEMITINO_TEMP_ENT,SEMITINO_TEMP_RET,MW_SEM_DISPTERM,BOVEDIN_CAUDAL_ENT,BOVEDIN_TEMP_ENT,BOVEDIN_TEMP_RET,MW_BODIN_DISPTERM,LANZA1_CAUDAL_ENT,LANZA1_TEMP_ENT,LANZA1_TEMP_RET,MW_LANZAS_DISPTERM,ANILLO_SACRIF_CAUDAL_ENT,ANILLO_SACRIF_TEMP_ENT,ANILLO_SACRIF_TEMP_RET,MW_ANISAC_DISPTERM,POTENCIATOTAL"
" 05:46:30,554.8,37,51,9.03,492.4,33.7,36.5,1.6,17.46,34.7,41.5,0.14,16.56,35.1,35.6,0.03,15.6,36.8,40.7,0.07,10.87"
" 05:47:00,554.2,37,52,9.66,493.1,33.3,37,2.12,17.4,35.5,41,0.11,16.5,34.8,36,0.07,15.6,36.3,40.5,0.08,12.04"
" 05:47:30,553.6,38,52,9.01,493.2,33.2,37.5,2.46,17.4,34.9,41.4,0.13,16.5,34.9,35.6,0.04,15.6,36,40.3,0.08,11.72"
" 05:48:00,554.7,37,52,9.67,491.5,33.6,36.7,1.77,17.46,34.9,40.9,0.12,16.56,34.9,35.9,0.06,15.6,36.2,40,0.07,11.69"
" 05:48:30,555.1,37,52,9.68,491.9,33.8,37.9,2.34,17.4,35,40.5,0.11,16.56,35.1,35.9,0.05,15.6,36.9,40.7,0.07,12.25"
" 05:49:00,555.4,37,52,9.68,491.7,33.5,37.6,2.34,17.4,35.2,40.2,0.1,16.56,35,35.7,0.04,15.6,36.2,40.9,0.09,12.25"
" 05:49:30,554.5,37,51,9.02,490.9,33.7,37.1,1.94,17.46,35,39.9,0.1,16.56,35,35.8,0.05,15.6,36.9,41,0.07,11.18"
" 05:50:00,556.2,37,50,8.4,492,33.5,36.9,1.94,17.4,35,40.1,0.1,16.56,34.6,35.9,0.08,15.6,36.5,41.2,0.09,10.61"
" 05:50:30,555.3,37,50,8.39,492.4,33.4,37.2,2.17,17.46,35,40,0.1,16.5,35,35.8,0.05,15.6,36.6,40.9,0.08,10.79"
" 05:51:00,554.5,38,49,7.09,492.7,33.5,37.4,2.23,17.4,35.4,39.7,0.09,16.56,34.7,35.8,0.06,15.66,36.6,40.7,0.07,9.55"
" 05:51:30,554.9,37,50,8.38,493.2,33.4,36.9,2.01,17.4,35.2,40.7,0.11,16.56,34.4,35.5,0.06,15.66,36.5,40.5,0.07,10.64"
" 05:52:00,554.4,37,50,8.38,492.1,33.5,37.1,2.06,17.46,34.6,41.1,0.13,16.56,34.7,35.3,0.03,15.6,36.9,41.4,0.08,10.68"
" 05:52:30,554.6,37,51,9.02,492.6,33.5,36.6,1.77,17.46,34.6,40.4,0.12,16.5,35,35.6,0.03,15.6,36.9,41.7,0.09,11.04"
" 05:53:00,555.8,37,51,9.04,492.9,33.4,37.7,2.46,17.46,35.2,40.6,0.11,16.56,35,35.7,0.04,15.66,36.9,41.8,0.09,11.75"
" 05:53:30,555.1,37,52,9.68,492.8,33.7,37.3,2.06,17.46,35.6,41.4,0.12,16.56,34.4,35.6,0.07,15.6,36.7,42.1,0.1,12.02"
" 05:54:00,554.7,37,53,10.31,491.9,33.6,37.1,2,17.46,34.6,41.4,0.14,16.56,34.7,35.4,0.04,15.6,35.8,42.1,0.11,12.61"
" 05:54:30,554.6,37,53,10.31,491.4,33.8,36.5,1.54,17.46,35.1,41.9,0.14,16.62,34.6,35.6,0.06,15.6,36.5,41.6,0.09,12.14"
" 05:55:00,554.1,37,53,10.3,492.1,33.6,37.1,2,17.4,35.2,41.1,0.12,16.5,35.1,35.7,0.03,15.6,36.2,42.3,0.11,12.57"
" 05:55:30,554.1,38,53,9.66,491.8,33.5,37.4,2.23,17.4,35.2,41.3,0.12,16.5,35.1,35.8,0.04,15.6,36.2,41.5,0.1,12.15"
" 05:56:00,554,37,53,10.3,492.3,33.9,38.2,2.46,17.46,35.7,42.2,0.13,16.56,34.8,36,0.07,15.54,36.7,41.7,0.09,13.05"
" 05:56:30,554.6,37,53,10.31,491.7,33.7,38.8,2.91,17.46,34.6,42,0.15,16.56,35.1,35.6,0.03,15.6,36.6,42.1,0.1,13.51"
" 05:57:00,553.7,38,53,9.65,491.8,34,38.9,2.8,17.46,34.8,41.9,0.14,16.5,35.1,35.7,0.03,15.6,36.6,42.3,0.1,12.74"
" 05:57:30,553.7,37,53,10.3,491.7,34.1,38,2.23,17.46,34.9,41.8,0.14,16.5,35.5,35.9,0.02,15.6,36.3,41.8,0.1,12.79"
" 05:58:00,554.2,37,53,10.31,492,33.9,38.2,2.46,17.4,35.9,42.4,0.13,16.5,35.4,36.2,0.05,15.66,36.4,41.5,0.09,13.03"
" 05:58:30,554.5,38,53,9.67,492.2,34,38.1,2.35,17.46,35.5,42.2,0.14,16.5,35.6,36.1,0.03,15.6,36.3,41.1,0.09,12.26"
" 05:59:00,554.2,38,53,9.66,491.3,34.1,38.6,2.57,17.4,35.5,42.1,0.13,16.56,35.6,36.1,0.03,15.6,36.4,41,0.08,12.48"
" 05:59:30,553.5,38,53,9.65,491.4,34.1,38.7,2.63,17.4,35.3,43,0.16,16.5,35.1,36.3,0.07,15.6,36.7,41.4,0.09,12.59"
" 06:00:00,554.3,38,53,9.66,492.2,34.1,38.9,2.75,17.46,35.7,42.3,0.13,16.5,35.7,36.1,0.02,15.66,35.9,41.8,0.11,12.67"
" 06:00:30,553.9,37,53,10.3,492.3,34.2,38.3,2.35,17.4,35.9,43.3,0.15,16.56,35.3,36.4,0.06,15.6,36.9,41.8,0.09,12.95"
" 06:01:00,554.7,38,53,9.67,492.4,34.2,38.1,2.23,17.4,36.2,43.3,0.14,16.5,35.4,36.4,0.06,15.6,36.6,42.3,0.1,12.21"
" 06:01:30,554.2,37,54,10.95,492.5,34.3,38.3,2.29,17.46,36.2,43.1,0.14,16.5,35.7,36.4,0.04,15.6,36.1,42.1,0.11,13.53"
" 06:02:00,554.6,38,53,9.67,492.5,34.2,38.5,2.46,17.52,36.1,43.2,0.14,16.56,35.7,36.5,0.05,15.6,36,41.7,0.1,12.42"
" 06:02:30,554.4,38,54,10.31,492.3,34.1,38.7,2.63,17.46,35.9,43.2,0.15,16.56,35.8,36.5,0.04,15.6,37,42.3,0.1,13.23"
" 06:03:00,554.9,37,54,10.96,491.9,34.3,38.9,2.63,17.46,36.1,43.7,0.15,16.5,35.4,36.7,0.07,15.6,37.2,42.5,0.1,13.92"
" 06:03:30,554.7,38,54,10.31,492.9,34.3,39.4,2.92,17.46,36.3,43.7,0.15,16.56,35.7,36.7,0.06,15.6,36.2,42.3,0.11,13.56"
" 06:04:00,554.8,38,54,10.32,492.4,34.1,39.4,3.03,17.46,36.3,43.6,0.15,16.5,35.9,36.7,0.05,15.6,36,42.9,0.13,13.67"
" 06:04:30,555.2,38,54,10.32,492.3,34.3,39.5,2.98,17.46,35.4,43.5,0.16,16.56,35.3,36.9,0.09,15.6,36.6,43.7,0.13,13.68"
" 06:05:00,554.9,38,54,10.32,491.8,34.5,40.3,3.32,17.46,35.4,43.2,0.16,16.5,35.7,36.4,0.04,15.6,36.2,43.5,0.13,13.96"
" 06:05:30,555.1,38,54,10.32,492.1,34.4,39.7,3.03,17.4,36.2,43.2,0.14,16.56,35.8,36.4,0.03,15.6,36.6,43,0.12,13.65"
" 06:06:00,554.6,38,54,10.31,491.6,34.4,40.1,3.26,17.4,36.5,43.8,0.15,16.56,35.8,36.5,0.04,15.6,36.5,42.9,0.12,13.87"
" 06:06:30,555.1,38,54,10.32,492.1,34.4,40.1,3.26,17.46,36.4,43.4,0.14,16.56,35.9,36.6,0.04,15.6,36.2,43.3,0.13,13.89"
" 06:07:00,554.9,38,54,10.32,492.7,34.5,40.4,3.38,17.4,35.7,43.9,0.17,16.5,35.6,36.9,0.07,15.54,36.8,43,0.11,14.05"
" 06:07:30,554.7,38,54,10.31,492.8,34.4,40.1,3.26,17.46,36.4,43.3,0.14,16.5,35.9,36.6,0.04,15.6,37.1,43.3,0.11,13.87"
" 06:08:00,554.6,38,53,9.67,492.3,34.4,38.7,2.46,17.52,35.6,43.5,0.16,16.56,35.6,36.6,0.06,15.6,36.4,43.8,0.13,12.48"
" 06:08:30,555.1,38,54,10.32,492.3,34.4,38.5,2.35,17.52,35.9,44,0.16,16.56,35.8,36.9,0.06,15.6,37,42.9,0.11,13"
" 06:09:00,554.8,38,53,9.67,492.3,34.5,38.9,2.52,17.46,36.5,43.7,0.15,16.56,36.1,36.9,0.05,15.6,37,43.8,0.12,12.51"
" 06:09:30,555.1,38,53,9.68,492.7,34.7,39.6,2.81,17.46,36.5,43.4,0.14,16.56,36.2,36.5,0.02,15.6,36.1,43.2,0.13,12.77"
" 06:10:00,554.7,38,53,9.67,491.7,34.8,40,2.97,17.4,36.4,43.9,0.15,16.56,35.8,36.9,0.06,15.6,37.1,42.8,0.1,12.96"
" 06:10:30,554.7,38,53,9.67,491.8,34.6,39.7,2.92,17.46,35.7,43.6,0.16,16.56,35.8,36.8,0.06,15.6,36.3,42.6,0.11,12.92"
" 06:11:00,554.8,38,53,9.67,492.8,34.8,38.9,2.35,17.4,36.3,43.8,0.15,16.56,36,36.9,0.05,15.6,36.2,43.4,0.13,12.35"
" 06:11:30,554.8,38,53,9.67,492.5,34.4,39,2.63,17.46,36.6,44,0.15,16.56,36.3,36.9,0.03,15.54,36.2,42.8,0.12,12.61"
" 06:12:00,554.7,38,53,9.67,492.6,34.9,38.8,2.23,17.46,36,44,0.16,16.56,35.9,37,0.06,15.6,37,42.6,0.1,12.23"
" 06:12:30,554.7,38,53,9.67,492.6,34.6,39.7,2.92,17.46,36.3,43.8,0.15,16.5,36.2,37.1,0.05,15.6,36.4,42.7,0.11,12.91"
" 06:13:00,555.3,38,53,9.68,492.4,34.9,40.6,3.26,17.46,36.1,43.5,0.15,16.56,36,36.9,0.05,15.6,36.7,42.5,0.11,13.25"
" 06:13:30,555.3,38,53,9.68,491.7,35,40.6,3.2,17.46,36.2,43.1,0.14,16.56,35.9,37,0.06,15.6,36.5,43.4,0.13,13.21"
" 06:14:00,555.2,38,53,9.68,492.4,34.7,40.8,3.49,17.46,36.2,42.9,0.14,16.56,35.9,37,0.06,15.6,36.8,42.9,0.11,13.48"
" 06:14:30,555.1,38,52,9.03,491.7,34.9,40,2.91,17.46,36.2,42.7,0.13,16.5,35.9,36.8,0.05,15.6,36.8,43.8,0.13,12.26"
" 06:15:00,555.1,38,52,9.03,491.5,34.9,40.5,3.2,17.4,36.2,42.7,0.13,16.5,36.2,37.1,0.05,15.6,37.4,43.4,0.11,12.52"
" 06:15:30,555.2,38,52,9.03,492.8,34.7,40.6,3.38,17.46,36.1,42.6,0.13,16.56,35.8,36.8,0.06,15.6,36.5,43.5,0.13,12.73"
" 06:16:00,556,38,52,9.05,491.4,34.8,39.7,2.8,17.4,36.1,42.6,0.13,16.56,36.3,36.8,0.03,15.6,36.5,43.5,0.13,12.13"
" 06:16:30,555.4,38,51,8.39,492.5,34.9,40.9,3.43,17.46,36.1,42.4,0.13,16.56,35.8,37.1,0.08,15.6,36.8,44.3,0.14,12.16"
" 06:17:00,555.4,38,51,8.39,492.4,34.8,39.7,2.8,17.4,36.3,42.5,0.13,16.56,36.2,36.9,0.04,15.6,36.9,43.4,0.12,11.48"
" 06:17:30,555.8,38,51,8.4,492.7,34.8,39.4,2.63,17.46,36.3,42.5,0.13,16.56,35.8,36.7,0.05,15.6,37.1,43.4,0.11,11.32"
" 06:18:00,555.2,38,51,8.39,491.4,34.5,38.9,2.51,17.4,36.3,42.8,0.13,16.56,36.1,36.9,0.05,15.6,36.9,43.6,0.12,11.2"
" 06:18:30,554.9,38,50,7.74,491.8,34.6,38.9,2.46,17.4,36.1,42.9,0.14,16.56,36.2,36.8,0.03,15.6,37.3,43.6,0.11,10.48"
" 06:19:00,555.2,38,49,7.1,492.9,34.5,38.9,2.52,17.4,36.1,43.5,0.15,16.5,35.8,37,0.07,15.6,37.3,44.4,0.13,9.97"
" 06:19:30,555.2,38,49,7.1,493.1,34.5,38.5,2.29,17.52,35.6,43,0.15,16.56,36,37.1,0.06,15.6,36.7,44,0.13,9.74"
" 06:20:00,555.1,38,49,7.1,493,34.5,38.4,2.23,17.52,36.4,43.2,0.14,16.56,36.1,36.7,0.03,15.6,37.6,43.8,0.11,9.62"
" 06:20:30,554.2,38,49,7.09,493.4,34.6,37.7,1.78,17.46,36.6,42.4,0.12,16.56,35.8,36.7,0.05,15.6,36.7,44.3,0.14,9.17"
" 06:21:00,554.9,39,49,6.45,493.8,34.7,37.3,1.49,17.4,36.1,42.2,0.12,16.5,35.6,36.9,0.07,15.66,37.1,43.9,0.12,8.26"
" 06:21:30,555,38,50,7.74,493,34.5,38.4,2.23,17.4,35.6,42.5,0.14,16.56,35.6,37.3,0.1,15.66,37.1,43.9,0.12,10.34"
" 06:22:00,555.4,39,50,7.1,493.3,34.6,38.5,2.24,17.46,35.7,43.1,0.15,16.56,36,37.3,0.08,15.66,37,43.4,0.12,9.68"
" 06:22:30,555.3,38,51,8.39,493.5,34.7,39.9,2.98,17.46,36.4,43.3,0.14,16.56,36.1,36.9,0.05,15.6,37.1,43.1,0.11,11.67"
" 06:23:00,554.4,39,52,8.38,492.8,34.8,39.8,2.86,17.46,36.6,43,0.13,16.56,35.8,36.9,0.06,15.66,37,43,0.11,11.54"
" 06:23:30,554.6,38,52,9.02,492.1,34.6,40.9,3.6,17.46,36.3,42.4,0.12,16.56,35.6,37.1,0.09,15.6,36.9,43,0.11,12.95"
" 06:24:00,554.4,39,52,8.38,492,34.7,41.6,3.95,17.4,35.6,43.2,0.15,16.56,36,37.2,0.07,15.6,37,42.8,0.11,12.65"
" 06:24:30,555.1,38,52,9.03,491.7,34.5,41.6,4.06,17.46,36,42.8,0.14,16.56,35.7,37,0.08,15.66,37.1,42.8,0.1,13.41"
" 06:25:00,555.6,38,52,9.04,491.5,34.5,41.5,4,17.46,35.8,42.5,0.14,16.56,35.6,36.6,0.06,15.66,36.9,42.5,0.1,13.33"
" 06:25:30,555.2,38,51,8.39,491.6,34.6,41,3.66,17.46,35.9,42.9,0.14,16.56,35.7,36.6,0.05,15.66,36.9,42.5,0.1,12.34"
" 06:26:00,554.7,38,50,7.74,492.6,34.4,40.6,3.55,17.46,35.8,43.2,0.15,16.56,35.8,36.7,0.05,15.6,37,42.5,0.1,11.59"
" 06:26:30,555.8,38,50,7.75,491.7,34.5,40.5,3.43,17.46,35.9,43.7,0.16,16.56,35.9,36.7,0.05,15.6,37,42.3,0.1,11.48"
" 06:27:00,555.8,38,49,7.11,491,34.8,39.2,2.51,17.46,36.2,43,0.14,16.5,35.9,36.6,0.04,15.6,36.9,42.3,0.1,9.89"
" 06:27:30,554.9,38,49,7.09,491.9,34.8,39.6,2.74,17.46,35.9,42.2,0.13,16.5,35.5,36.5,0.06,15.6,37.1,42.1,0.09,10.11"
" 06:28:00,554.6,38,48,6.45,492.3,34.7,38.4,2.12,17.4,35.9,42.1,0.13,16.56,35.9,36.6,0.04,15.66,37,42.2,0.09,8.82"
" 06:28:30,554.3,38,48,6.44,491.5,34.5,37.3,1.6,17.46,36,42.2,0.13,16.5,35.7,36.4,0.04,15.6,37,42.1,0.09,8.3"
" 06:29:00,555.4,38,49,7.1,493.3,34.4,37.6,1.83,17.4,36.3,41.9,0.11,16.5,35.4,36.7,0.07,15.66,37,41.9,0.09,9.21"
" 06:29:30,554.3,39,49,6.44,491.5,34.6,38,1.94,17.52,36.3,41.9,0.11,16.56,35.5,36.8,0.08,15.66,36.7,41.5,0.09,8.66"
" 06:30:00,553.8,38,49,7.08,492.6,34.6,38.6,2.29,17.46,35.9,42.2,0.13,16.5,35.8,36.8,0.06,15.6,37.2,41.5,0.08,9.63"
" 06:30:30,553.9,38,49,7.08,493.1,34,38.5,2.58,17.46,35.3,42.5,0.15,16.5,36,36.7,0.04,15.66,36.7,41.6,0.09,9.94"
" 06:31:00,554.5,38,50,7.73,493.2,34.7,39.4,2.69,17.46,35.3,42.5,0.15,16.5,35.9,36.7,0.05,15.6,36.2,42.1,0.11,10.73"
" 06:31:30,554.2,38,50,7.73,492.1,34.7,39.2,2.57,17.46,36.5,42.4,0.12,16.56,35.4,36.8,0.08,15.66,36.5,42.4,0.11,10.61"
" 06:32:00,554.6,38,51,8.38,493.2,34.3,39.1,2.75,17.46,35.5,43.1,0.15,16.5,36,36.6,0.03,15.66,37,42.5,0.1,11.42"
" 06:32:30,553.3,38,51,8.36,492.7,34.5,38.8,2.46,17.46,35.5,42.5,0.14,16.56,35.8,36.8,0.06,15.6,36.6,42.6,0.11,11.13"
" 06:33:00,554.6,38,52,9.02,491,34.4,39.8,3.08,17.46,36,42.5,0.13,16.56,35.7,36.9,0.07,15.6,36.4,42.7,0.11,12.42"
" 06:33:30,554.4,38,52,9.02,491.2,34.4,40.8,3.65,17.4,36.4,42.6,0.13,16.5,35.3,36.7,0.08,15.6,36.5,42.7,0.11,12.99"
" 06:34:00,554.2,38,52,9.02,492.2,34.4,41.2,3.89,17.4,36,43.1,0.14,16.56,35.4,36.4,0.06,15.6,37,42.1,0.09,13.2"
" 06:34:30,554.2,38,52,9.02,491.9,34.2,41,3.89,17.4,36.3,42.6,0.13,16.56,35.3,36.6,0.08,15.66,36.4,42.4,0.11,13.22"
" 06:35:00,554.1,38,52,9.02,491.8,34.5,41.3,3.89,17.46,35,42.7,0.16,16.5,35.8,36.4,0.03,15.66,36.4,42.2,0.11,13.2"
" 06:35:30,554.4,38,52,9.02,492.6,34.7,41.7,4.01,17.4,35.3,42.3,0.14,16.56,35.8,36.5,0.04,15.66,36.4,42.4,0.11,13.32"
" 06:36:00,554.8,38,52,9.03,492,34.2,40.5,3.6,17.46,35.8,43.4,0.15,16.56,35.4,36.3,0.05,15.66,36.3,42.6,0.11,12.95"
" 06:36:30,554.2,38,52,9.02,492.3,34.1,40.6,3.72,17.4,35.2,42.5,0.15,16.56,35.8,36.2,0.02,15.6,36.6,41.8,0.09,13"
" 06:37:00,554.5,38,52,9.02,491.8,34.2,39.6,3.09,17.46,35,42.9,0.16,16.56,35.6,36.1,0.03,15.6,36.6,41.6,0.09,12.39"
" 06:37:30,554.7,38,52,9.03,492.3,34.1,40.2,3.49,17.46,36.2,42.9,0.14,16.5,35.4,36.4,0.06,15.66,36.7,41.1,0.08,12.79"
" 06:38:00,553.8,38,52,9.01,492.9,34.2,40.4,3.55,17.4,35.9,43.5,0.15,16.5,35.1,36.4,0.07,15.6,36.5,41.7,0.09,12.89"
" 06:38:30,554.2,38,52,9.02,492.4,34.1,40,3.38,17.4,35.4,43.5,0.16,16.5,35.1,36,0.05,15.66,36.3,41.1,0.09,12.7"
" 06:39:00,553.9,38,52,9.01,491.6,34.1,40.3,3.54,17.46,35.1,42.8,0.16,16.5,35.7,36.1,0.02,15.66,35.6,41.3,0.1,12.84"
" 06:39:30,554,38,52,9.01,492.1,34.3,40.6,3.6,17.4,35.9,42.6,0.14,16.5,35.6,36.4,0.05,15.6,36.4,41.1,0.09,12.88"
" 06:40:00,554.4,38,52,9.02,491.7,34,40.2,3.54,17.4,35.1,43.1,0.16,16.5,35.5,36,0.03,15.6,36.3,42.3,0.11,12.86"
" 06:40:30,553.4,38,52,9,491.5,34.3,39.9,3.2,17.52,35.6,43.3,0.16,16.56,35.3,36.2,0.05,15.6,36.1,42.5,0.12,12.53"
" 06:41:00,553.6,38,52,9.01,491.8,34.4,40,3.2,17.46,36.2,43.4,0.15,16.5,35.4,36.5,0.06,15.6,35.5,41.9,0.12,12.53"
" 06:41:30,553.7,38,52,9.01,491.6,34.4,40.2,3.31,17.4,36.3,42.7,0.13,16.5,35.8,36.4,0.03,15.6,36.2,41.6,0.1,12.58"
" 06:42:00,554.1,38,52,9.02,491.2,34.5,40.3,3.31,17.46,35.3,42.5,0.15,16.5,35.9,36.3,0.02,15.6,35.6,42.5,0.13,12.62"
" 06:42:30,553.8,38,52,9.01,492.4,34.5,39.8,3.03,17.4,36.4,43,0.13,16.5,35.8,36.6,0.05,15.6,36.4,42.8,0.12,12.34"
" 06:43:00,554.3,38,52,9.02,492.4,34.3,41.1,3.89,17.4,36.1,43.7,0.15,16.5,35.6,36.5,0.05,15.6,36.2,42.9,0.12,13.24"
" 06:43:30,554.1,38,52,9.02,491.6,34.5,40.2,3.26,17.4,36.3,42.8,0.13,16.56,36.1,36.5,0.02,15.6,35.9,42.6,0.12,12.55"
" 06:44:00,554,38,52,9.01,492.5,34.7,40.4,3.26,17.4,36.3,43.8,0.15,16.5,35.5,36.7,0.07,15.6,36.5,42.2,0.1,12.6"
" 06:44:30,554.3,38,52,9.02,492.2,34.6,40.4,3.32,17.46,36.7,43,0.13,16.5,35.9,37,0.06,15.6,36.2,42.3,0.11,12.64"
" 06:45:00,555,38,52,9.03,491.9,34.7,40.4,3.26,17.46,36.8,43.3,0.13,16.56,36,37.1,0.06,15.6,36.7,42.5,0.11,12.59"
" 06:45:30,553.9,38,53,9.66,492.4,34.9,39.6,2.69,17.4,36.7,43.4,0.14,16.5,36.2,37,0.05,15.6,36.3,42.3,0.11,12.64"
" 06:46:00,554.6,38,53,9.67,492.9,34.8,40.2,3.09,17.46,36.7,43.8,0.14,16.56,36.3,37.2,0.05,15.6,36.7,42.9,0.11,13.07"
" 06:46:30,555,38,53,9.68,492.5,34.8,40.4,3.21,17.46,36.4,43.7,0.15,16.56,36.3,36.9,0.03,15.6,36,43,0.13,13.19"
" 06:47:00,554.7,38,53,9.67,492.7,35,39.9,2.81,17.4,36,44.3,0.17,16.5,36.2,37,0.05,15.6,36.6,42.5,0.11,12.8"
" 06:47:30,555.1,38,53,9.68,492.4,35.1,40.4,3.03,17.46,36.1,44.7,0.17,16.56,36,37.2,0.07,15.6,36.4,43.1,0.12,13.08"
" 06:48:00,554.5,38,53,9.67,492.2,35,40.5,3.15,17.46,35.9,44.3,0.17,16.5,36.1,37.1,0.06,15.6,35.8,43,0.13,13.17"
" 06:48:30,555.2,38,53,9.68,491.4,35.2,41,3.31,17.46,36.4,44.5,0.16,16.5,36,37.3,0.07,15.6,35.8,42.9,0.13,13.36"
" 06:49:00,554.5,39,53,9.02,492.8,35.2,40.9,3.26,17.4,36.8,43.5,0.14,16.56,36.7,37.2,0.03,15.6,36,42.7,0.12,12.57"
" 06:49:30,554.9,38,53,9.67,492.8,35.2,40.4,2.98,17.46,36.8,43.6,0.14,16.56,36.8,37.2,0.02,15.6,35.8,42.6,0.12,12.94"
" 06:50:00,555.1,39,53,9.03,493.4,35.3,40.1,2.75,17.46,36.5,44.4,0.16,16.56,36.4,37.5,0.06,15.6,36.3,42.5,0.11,12.12"
" 06:50:30,555.1,39,53,9.03,493,35.2,39.9,2.69,17.46,36.6,43.8,0.15,16.56,36.8,37.2,0.02,15.66,36.3,42.8,0.12,12.01"
" 06:51:00,554.8,38,53,9.67,493.2,35.3,39.9,2.64,17.46,36.5,44.6,0.16,16.5,36.5,37.6,0.06,15.66,36.2,43.1,0.13,12.66"
" 06:51:30,555.3,39,53,9.04,492.5,35.6,40.1,2.58,17.46,37.3,44.4,0.14,16.56,36.7,37.3,0.03,15.6,36,42.9,0.13,11.91"
" 06:52:00,555.1,39,53,9.03,492.8,35.4,39.9,2.58,17.46,36.4,44.5,0.16,16.56,36.4,37.3,0.05,15.6,36.1,42.7,0.12,11.95"
" 06:52:30,555,39,53,9.03,492.5,35.6,40.1,2.58,17.46,37.4,44.4,0.14,16.5,36.7,37.6,0.05,15.6,36.3,43.2,0.13,11.93"
" 06:53:00,554.9,39,53,9.03,493,35.5,40.4,2.81,17.46,37.1,44.5,0.15,16.56,36.7,37.7,0.06,15.6,35.9,43.1,0.13,12.17"
" 06:53:30,555.3,39,53,9.04,493.6,35.7,40.1,2.52,17.46,36.5,44.4,0.16,16.56,36.6,37.5,0.05,15.6,36.2,43.1,0.13,11.9"
" 06:54:00,555.5,39,53,9.04,492.9,35.6,40.3,2.69,17.46,37.1,44.3,0.15,16.56,36.9,37.5,0.03,15.6,35.9,43,0.13,12.04"
" 06:54:30,555.2,39,54,9.68,492.9,35.7,40.3,2.64,17.46,36.6,44.5,0.16,16.56,36.7,37.6,0.05,15.6,36,42.6,0.12,12.65"
" 06:55:00,555.4,39,54,9.68,492.7,35.6,40.3,2.69,17.46,37.1,44.2,0.14,16.56,37,37.7,0.04,15.6,35.8,43,0.13,12.69"
" 06:55:30,555.1,39,53,9.03,492.2,35.7,40.1,2.52,17.46,37.2,44.5,0.15,16.62,36.9,38,0.06,15.6,36,43.1,0.13,11.89"
" 06:56:00,555.7,39,53,9.04,492.8,35.7,40.2,2.58,17.52,36.8,44.4,0.15,16.56,36.6,37.9,0.08,15.54,35.9,42.9,0.13,11.98"
" 06:56:30,556,39,54,9.69,493.4,35.4,40.3,2.81,17.46,37.5,44.8,0.15,16.56,37.1,37.9,0.05,15.6,35.9,43.4,0.14,12.83"
" 06:57:00,554.7,39,53,9.03,492.7,35.7,39.3,2.06,17.46,37.2,44.5,0.15,16.56,36.9,37.9,0.06,15.6,36.4,43.8,0.13,11.43"
" 06:57:30,555.3,39,53,9.04,493.4,35.8,39.2,1.95,17.46,37,44.7,0.16,16.56,36.9,37.8,0.05,15.6,36.7,43.8,0.13,11.32"
" 06:58:00,555.7,39,53,9.04,493.2,35.7,39.2,2.01,17.52,37.2,44.6,0.15,16.56,36.9,37.9,0.06,15.54,36.3,43.5,0.13,11.39"
" 06:58:30,555.5,39,53,9.04,493.1,35.8,39.1,1.89,17.46,37.2,44.4,0.15,16.62,37.1,38,0.05,15.6,36,43.6,0.14,11.27"
" 06:59:00,557,39,53,9.06,492.3,35.7,40.5,2.75,17.46,37.2,44.3,0.14,16.62,37.2,38.1,0.05,15.6,36.7,43.4,0.12,12.13"
" 06:59:30,556.4,39,53,9.05,493.6,35.9,40,2.35,17.46,37.2,43.9,0.14,16.56,37.2,38.1,0.05,15.6,36,43.1,0.13,11.72"
" 07:00:00,556.9,39,53,9.06,492.7,36,40.2,2.41,17.46,37.2,43.8,0.13,16.62,37,38.1,0.06,15.6,36.7,43.5,0.12,11.79"
" 07:00:30,557.2,39,53,9.07,492.4,35.9,40.3,2.52,17.46,37.2,43.7,0.13,16.62,37.1,38,0.05,15.6,36.2,43.7,0.14,11.9"
" 07:01:00,557,39,53,9.06,493.3,35.8,39.5,2.12,17.46,37.2,43.6,0.13,16.56,37.2,38.2,0.06,15.54,36.2,43.8,0.14,11.51"
" 07:01:30,556.5,39,52,8.41,492.3,35.9,40.3,2.52,17.46,37.3,43.7,0.13,16.56,37,38.2,0.07,15.6,36.1,43.7,0.14,11.26"
" 07:02:00,556.8,39,52,8.41,492.1,35.9,39.7,2.17,17.46,37.3,43.5,0.13,16.56,37.1,38.2,0.06,15.6,36.3,43.6,0.13,10.91"
" 07:02:30,556.3,39,52,8.41,493.1,35.8,39.9,2.35,17.46,37.3,43.4,0.12,16.56,37.1,38.2,0.06,15.6,36.2,43.9,0.14,11.08"
" 07:03:00,556.4,39,52,8.41,491.2,35.9,40.7,2.74,17.46,37.2,43.3,0.12,16.5,37,38.2,0.07,15.6,36.3,43.2,0.13,11.46"
" 07:03:30,556.3,39,52,8.41,492.6,35.9,40.1,2.4,17.46,37.3,43.4,0.12,16.56,37.2,38.4,0.07,15.6,36,43.8,0.14,11.14"
" 07:04:00,556.3,39,51,7.76,492.6,35.9,39.9,2.29,17.4,37.3,43.4,0.12,16.62,37.3,38.2,0.05,15.6,36.4,43.2,0.12,10.35"
" 07:04:30,555.6,39,51,7.75,491.8,36,39.9,2.23,17.46,37.3,43.8,0.13,16.56,36.9,38,0.06,15.6,36.7,43.3,0.12,10.29"
" 07:05:00,556.4,39,50,7.11,492.5,35.9,39.8,2.23,17.52,37.2,43.9,0.14,16.56,37.1,38,0.05,15.6,36.9,43.8,0.13,9.66"
" 07:05:30,556.2,39,50,7.11,492.1,35.9,40.3,2.52,17.46,37.2,43.9,0.14,16.56,36.9,37.9,0.06,15.54,36.9,43.5,0.12,9.94"
" 07:06:00,556.4,39,49,6.47,492.2,35.6,39.2,2.06,17.46,37.1,43.7,0.13,16.62,37.1,38,0.05,15.6,36.8,43.2,0.12,8.83"
" 07:06:30,556.2,39,49,6.46,492.3,35.8,38.7,1.66,17.46,37,43.9,0.14,16.56,37.1,38,0.05,15.6,36.5,43.1,0.12,8.44"
" 07:07:00,556.4,40,49,5.82,492.3,35.7,39.1,1.95,17.46,36.8,43.1,0.13,16.56,36.9,37.8,0.05,15.6,35.8,43.5,0.14,8.08"
" 07:07:30,555.9,39,49,6.46,493.8,35.8,38.8,1.72,17.46,37.4,43.6,0.13,16.56,36.9,37.7,0.05,15.6,36.5,43.9,0.13,8.49"
" 07:08:00,556.2,39,49,6.46,494,35.7,38,1.32,17.52,37.5,43.6,0.12,16.56,36.9,37.8,0.05,15.6,36.2,43.2,0.13,8.09"
" 07:08:30,555.6,39,49,6.46,493.9,35.7,38.2,1.44,17.4,37.6,43.7,0.12,16.56,36.6,37.8,0.07,15.54,37,43.5,0.12,8.2"
" 07:09:00,555.3,40,50,6.45,493.8,35.6,38.6,1.72,17.46,36.7,43.6,0.14,16.56,37,37.9,0.05,15.54,37.1,43.5,0.12,8.48"
" 07:09:30,554.7,39,50,7.09,492.5,35.5,38.8,1.89,17.46,37.4,44,0.13,16.56,36.6,37.6,0.06,15.54,36.7,42.9,0.11,9.28"
" 07:10:00,555.3,39,51,7.74,492.8,35.6,38.8,1.83,17.46,37.2,44,0.14,16.56,37,37.8,0.05,15.54,36.7,43.1,0.12,9.88"
" 07:10:30,554.9,39,51,7.74,493.1,35.5,38.8,1.89,17.46,37,43.3,0.13,16.56,36.6,37.8,0.07,15.6,36.7,43.4,0.12,9.95"
" 07:11:00,554.9,39,52,8.38,492,35.6,39.7,2.34,17.46,37.1,44.1,0.14,16.56,36.8,37.3,0.03,15.6,36.7,43.3,0.12,11.02"
" 07:11:30,555.4,39,52,8.39,492.6,35.4,40.1,2.69,17.46,36.5,43.5,0.14,16.56,36.9,37.7,0.05,15.6,36.7,42.9,0.11,11.38"
" 07:12:00,555.2,39,52,8.39,492.1,35.3,40,2.69,17.4,37.2,43.4,0.13,16.5,36.3,37.5,0.07,15.6,36.8,42.9,0.11,11.38"
" 07:12:30,554.7,40,52,7.74,492.1,35.1,40.5,3.09,17.46,35.9,43.7,0.16,16.56,36.7,37.5,0.05,15.6,36.9,43,0.11,11.14"
" 07:13:00,555.2,39,52,8.39,491.7,35.2,40.6,3.09,17.46,36.6,43.5,0.14,16.5,36.6,37.5,0.05,15.6,36.7,42.9,0.11,11.78"
" 07:13:30,555.7,39,53,9.04,492.8,35.2,40.4,2.98,17.46,36.5,43.3,0.14,16.56,36.4,37.4,0.06,15.66,36.9,42.9,0.11,12.33"
" 07:14:00,556.2,39,52,8.4,491,35.1,40.8,3.25,17.4,36.4,43.7,0.15,16.56,36.2,37.3,0.06,15.6,36.9,42.7,0.11,11.97"
" 07:14:30,555.1,39,51,7.74,492.3,34.9,40.1,2.98,17.4,36.3,43.8,0.15,16.56,36.2,37.3,0.06,15.6,37,42.6,0.1,11.03"
" 07:15:00,555.2,39,50,7.1,491.6,34.9,40.4,3.14,17.46,36.4,43.5,0.14,16.56,35.9,37.2,0.08,15.6,37.1,42.7,0.1,10.56"
" 07:15:30,555.2,39,49,6.45,492.5,34.8,40,2.98,17.46,36.4,43,0.13,16.56,36,37,0.06,15.6,37.1,42.8,0.1,9.72"
" 07:16:00,555.2,39,49,6.45,492.6,34.8,39,2.4,17.4,36.3,42.4,0.12,16.56,36.1,36.8,0.04,15.6,37,43.1,0.11,9.13"
" 07:16:30,555.2,38,49,7.1,492.2,34.8,38.6,2.17,17.46,35.9,42.2,0.13,16.56,36.2,36.9,0.04,15.6,37,42.6,0.1,9.54"
" 07:17:00,555.5,38,48,6.46,492.5,34.7,38,1.89,17.4,36.2,41.5,0.11,16.56,36,37,0.06,15.66,36.5,41.9,0.1,8.61"
" 07:17:30,553.7,38,48,6.44,493.4,34.7,37.7,1.72,17.52,36.3,42.4,0.12,16.56,36.2,36.6,0.02,15.6,36.5,42.2,0.1,8.41"
" 07:18:00,554.6,38,48,6.45,493.5,34.4,37.1,1.55,17.46,36.6,42.4,0.12,16.62,35.7,36.8,0.06,15.54,36.6,41.8,0.09,8.27"
" 07:18:30,556.2,39,48,5.82,493.4,34.5,37.5,1.72,17.52,36.4,42.6,0.13,16.56,35.8,37,0.07,15.66,37.2,42,0.09,7.82"
" 07:19:00,554.7,39,48,5.8,493.9,34.6,37.5,1.66,17.46,35.7,41.9,0.13,16.62,35.9,36.9,0.06,15.6,37.3,42.3,0.09,7.74"
" 07:19:30,556.3,38,48,6.47,492.9,34.7,37.2,1.43,17.46,36.1,42.3,0.13,16.56,35.7,36.7,0.06,15.6,36.8,42.5,0.1,8.18"
" 07:20:00,556.4,38,48,6.47,492.6,34.7,36.5,1.03,17.46,36.2,41.7,0.11,16.56,35.8,36.6,0.05,15.6,37.1,42.6,0.1,7.75"
" 07:20:30,555.8,38,47,5.81,492.1,34.8,37,1.26,17.46,36.1,41.3,0.11,16.56,36.1,36.7,0.03,15.6,36.7,42.5,0.11,7.32"
" 07:21:00,556,38,47,5.82,491.7,34.9,37,1.2,17.4,36.3,41.1,0.1,16.56,36.1,37,0.05,15.6,36.4,43.1,0.12,7.29"
" 07:21:30,555.7,39,47,5.17,494,34.8,36.7,1.09,17.52,36.1,41.4,0.11,16.56,35.9,36.6,0.04,15.6,36.7,43.7,0.13,6.53"
" 07:22:00,556.4,39,47,5.17,493.9,34.7,36.5,1.03,17.46,36.8,41.3,0.09,16.56,36.1,36.9,0.05,15.54,36.4,43.4,0.13,6.47"
" 07:22:30,556,39,47,5.17,494.8,34.8,36.5,0.98,17.46,36.3,42.3,0.12,16.56,35.8,36.6,0.05,15.6,37.3,43.2,0.11,6.42"
" 07:23:00,555.7,38,47,5.81,494.4,34.9,36.5,0.92,17.52,35.6,41.4,0.12,16.56,36.4,36.6,0.01,15.54,37,43.7,0.12,6.98"
" 07:23:30,555.7,38,48,6.46,493.6,34.7,36.6,1.09,17.52,35.6,41.6,0.12,16.56,36.2,36.6,0.02,15.54,37.5,43.2,0.1,7.8"
" 07:24:00,556,38,49,7.11,493.4,34.8,37.9,1.78,17.52,36.8,41.9,0.1,16.56,36.1,36.9,0.05,15.6,36.3,43.6,0.13,9.17"
" 07:24:30,555.5,39,49,6.46,493.5,34.7,38.7,2.29,17.52,36.9,42.1,0.11,16.56,36.1,36.7,0.03,15.6,36.4,43.2,0.12,9.01"
" 07:25:00,555.4,38,50,7.75,493.8,34.7,39.1,2.53,17.4,36.4,42.1,0.12,16.5,36.1,37,0.05,15.6,37.4,43.5,0.11,10.55"
" 07:25:30,556,38,51,8.4,492.6,34.7,40.3,3.21,17.4,36.2,42.1,0.12,16.56,36,36.9,0.05,15.66,36.7,43.3,0.12,11.9"
" 07:26:00,555.6,38,51,8.39,492.1,34.8,41.1,3.6,17.46,36.3,41.7,0.11,16.56,36.3,36.9,0.03,15.66,36.7,43,0.11,12.26"
" 07:26:30,555.7,38,50,7.75,491.5,34.9,41,3.48,17.46,36.3,41.4,0.1,16.56,36.2,36.9,0.04,15.6,36.6,43.2,0.12,11.5"
" 07:27:00,555.6,39,50,7.1,492.2,34.9,40.8,3.38,17.4,35.9,41.1,0.11,16.56,36.4,36.7,0.02,15.66,36.6,43.3,0.12,10.72"
" 07:27:30,555.5,38,50,7.75,492.9,34.7,40.2,3.15,17.46,37.1,41.8,0.1,16.56,36.2,37.1,0.05,15.6,36.5,43.5,0.13,11.17"
" 07:28:00,554.8,38,50,7.74,492.7,34.8,39.4,2.63,17.46,37.3,42.1,0.1,16.56,36.3,37,0.04,15.6,36.4,42.4,0.11,10.62"
" 07:28:30,555.2,39,50,7.1,492.8,35.1,39.9,2.75,17.46,36.6,43,0.13,16.56,35.8,37.1,0.08,15.6,36.8,42.4,0.1,10.15"
" 07:29:00,555.6,39,51,7.75,492.2,35,39.4,2.52,17.46,35.9,42.2,0.13,16.56,36.2,36.9,0.04,15.6,36.9,42.1,0.09,10.53"
" 07:29:30,555.8,39,51,7.75,493.5,35.1,39.5,2.52,17.52,35.7,42.4,0.14,16.56,36.2,36.9,0.04,15.66,36.2,41.2,0.09,10.54"
" 07:30:00,556.1,38,51,8.4,492.7,34.9,40.8,3.38,17.46,36.9,42.8,0.12,16.56,36.1,37.1,0.06,15.6,36.9,41.6,0.09,12.04"
" 07:30:30,555.3,39,52,8.39,492.6,34.9,40.3,3.09,17.52,35.7,42.6,0.14,16.56,35.9,36.7,0.05,15.6,36.8,41.7,0.09,11.76"
" 07:31:00,555.1,39,52,8.39,493.1,34.9,40.2,3.04,17.46,36.8,42.9,0.12,16.56,36.1,37.1,0.06,15.6,36.3,42.9,0.12,11.73"
" 07:31:30,555.8,39,53,9.04,492.9,34.7,40.7,3.44,17.52,36,42.7,0.14,16.56,36.2,36.8,0.03,15.6,36,42.2,0.11,12.76"
" 07:32:00,555.4,39,53,9.04,492.8,34.9,41,3.49,17.46,36.3,43.1,0.14,16.56,35.9,37.1,0.07,15.66,36.3,42,0.1,12.84"
" 07:32:30,554.7,39,53,9.03,492.5,35,41.5,3.72,17.46,36.7,42.9,0.13,16.56,36.1,37.1,0.06,15.6,36.4,42,0.1,13.03"
" 07:33:00,554.8,38,54,10.32,492.5,34.8,42,4.12,17.46,36.7,43,0.13,16.56,36.2,37.1,0.05,15.6,35.9,42.3,0.12,14.73"
" 07:33:30,554.7,39,53,9.03,493.3,34.7,42.1,4.24,17.52,36.5,42.5,0.12,16.56,36.3,36.8,0.03,15.6,36.5,42.1,0.1,13.52"
" 07:34:00,555.1,39,54,9.68,492.4,34.8,41.7,3.95,17.46,36.5,43,0.13,16.56,36.2,36.8,0.03,15.6,37.1,42.4,0.1,13.89"
" 07:34:30,554,39,53,9.01,492.2,34.8,41.6,3.89,17.46,35.7,42.6,0.14,16.5,35.8,36.7,0.05,15.6,36.4,42.2,0.11,13.2"
" 07:35:00,554.5,38,53,9.67,492.3,34.7,41.4,3.83,17.46,35.7,42.9,0.15,16.56,35.7,36.7,0.06,15.6,35.9,42.9,0.13,13.83"
" 07:35:30,554.7,38,53,9.67,492.5,34.4,41.3,3.95,17.4,35.9,43.2,0.15,16.56,35.7,37.1,0.08,15.6,37,43.2,0.11,13.96"
" 07:36:00,554.7,39,54,9.67,492.2,34.6,40.6,3.43,17.46,35.5,43,0.15,16.56,35.6,37,0.08,15.6,36.3,42.8,0.12,13.45"
" 07:36:30,555.6,38,53,9.69,492.1,34.6,41.1,3.72,17.46,35.7,42.7,0.14,16.5,35.5,36.7,0.07,15.6,36.7,43.4,0.12,13.74"
" 07:37:00,555,38,53,9.68,493.5,34.5,40.6,3.5,17.46,35.4,42.4,0.14,16.56,35.5,36.6,0.06,15.6,36.7,43.3,0.12,13.5"
" 07:37:30,554.7,38,53,9.67,492.6,34.5,41.1,3.78,17.46,36.5,42.9,0.13,16.5,35.9,36.7,0.05,15.6,36.2,43.3,0.13,13.75"
" 07:38:00,554.7,38,53,9.67,491.6,34.1,39.7,3.2,17.46,35.7,42.3,0.13,16.56,35.5,36.6,0.06,15.6,36.7,43.5,0.12,13.19"
" 07:38:30,554,39,53,9.01,492.6,34.4,39.5,2.92,17.46,36.1,43.3,0.15,16.5,35.7,37,0.07,15.6,36.8,42.8,0.11,12.26"
" 07:39:00,554.7,39,53,9.03,492.2,34.5,39.4,2.8,17.4,35.8,42.4,0.13,16.56,35.7,36.6,0.05,15.6,36.2,42.8,0.12,12.13"
" 07:39:30,554,38,53,9.66,491.3,34.5,39.3,2.74,17.4,35.9,43.3,0.15,16.56,35.8,36.9,0.06,15.6,37,43,0.11,12.72"
" 07:40:00,554.4,38,53,9.67,491.5,34.6,39.7,2.91,17.4,36.1,42.5,0.13,16.56,35.8,36.5,0.04,15.6,37.2,43.8,0.12,12.87"
" 07:40:30,554,38,53,9.66,492,34.3,38.7,2.52,17.46,35.9,43.5,0.15,16.5,35.7,36.8,0.06,15.6,36.2,43.1,0.13,12.52"
" 07:41:00,553.8,38,53,9.65,491.9,34.3,38.6,2.46,17.46,36.1,43.5,0.15,16.56,35.9,36.7,0.05,15.6,36.2,43.2,0.13,12.44"
" 07:41:30,553.9,39,53,9.01,492.4,34.5,39.3,2.75,17.46,36.4,43.3,0.14,16.5,35.9,36.8,0.05,15.6,36.9,44,0.13,12.08"
" 07:42:00,553.8,38,53,9.65,492.3,34.5,39.7,2.98,17.4,36.5,43.4,0.14,16.56,36.2,36.9,0.04,15.6,36.6,43.8,0.13,12.94"
" 07:42:30,554.1,39,53,9.02,491.5,34.6,39.9,3.03,17.46,36.6,43.1,0.13,16.5,36.1,36.5,0.02,15.6,36.7,42.7,0.11,12.31"
" 07:43:00,554,38,53,9.66,492.2,34.5,39.4,2.8,17.46,36.6,43.3,0.14,16.56,36,36.6,0.03,15.6,36.9,43.7,0.12,12.75"
" 07:43:30,554.1,39,54,9.66,492,34.6,40.3,3.26,17.4,35.8,43.7,0.16,16.5,36.1,37,0.05,15.6,36.6,44,0.13,13.26"
" 07:44:00,553.9,38,54,10.3,492.1,34.9,40.4,3.15,17.4,36.3,43.8,0.15,16.5,36.2,37,0.05,15.66,37.5,43.6,0.11,13.75"
" 07:44:30,554.7,38,54,10.31,491.9,34.7,41.2,3.72,17.4,35.6,43.2,0.15,16.56,35.9,37.1,0.07,15.54,37,43.2,0.11,14.37"
" 07:45:00,554.8,38,54,10.32,492.5,34.8,40.7,3.38,17.4,35.7,43.2,0.15,16.5,35.8,37.2,0.08,15.6,36.6,43.9,0.13,14.06"
" 07:45:30,554.3,39,54,9.66,491.4,34.8,41.1,3.6,17.4,35.9,43.8,0.16,16.5,36.1,37.3,0.07,15.6,36.9,43.8,0.13,13.62"
" 07:46:00,554.2,38,54,10.31,491.8,34.9,41.2,3.6,17.4,35.9,43.9,0.16,16.56,36.2,37.3,0.06,15.6,36.2,43.1,0.13,14.26"
" 07:46:30,554.4,39,54,9.67,491.8,34.9,41.5,3.77,17.4,36.2,43.9,0.16,16.5,36.3,37.6,0.07,15.54,37.4,43.5,0.11,13.78"
" 07:47:00,554.4,38,54,10.31,491.4,34.8,40.8,3.43,17.4,36.8,43.8,0.14,16.5,36.3,37,0.04,15.6,37.3,43.3,0.11,14.03"
" 07:47:30,554.7,39,54,9.67,491.2,34.8,40.4,3.2,17.46,36.9,43.9,0.14,16.56,36.3,37,0.04,15.6,36.6,43.2,0.12,13.17"
" 07:48:00,554,38,54,10.3,492.2,34.8,40.4,3.2,17.46,35.8,43.9,0.16,16.5,36.2,37.4,0.07,15.6,36.5,44.1,0.14,13.88"
" 07:48:30,554.6,39,54,9.67,491.6,34.8,40.2,3.09,17.46,35.7,43.5,0.16,16.5,36.1,37.3,0.07,15.6,37.3,43.6,0.11,13.1"
" 07:49:00,553.5,39,54,9.65,492.1,35,40.3,3.03,17.4,36.8,43.5,0.14,16.5,36,36.9,0.05,15.6,36.2,43.6,0.13,13"
" 07:49:30,553.8,39,54,9.65,491.7,34.9,39.3,2.51,17.4,36.5,44.3,0.16,16.56,36.6,37.3,0.04,15.6,36.7,44.2,0.14,12.5"
" 07:50:00,554.3,39,53,9.02,491.7,34.8,40.7,3.37,17.46,36.9,43.7,0.14,16.56,36,36.9,0.05,15.6,36.3,43.7,0.13,12.71"
" 07:50:30,555,39,54,9.68,491.5,35.2,40.2,2.86,17.4,36.4,43.8,0.15,16.56,36.3,37.1,0.05,15.6,37.2,44.3,0.13,12.86"
" 07:51:00,554.8,39,54,9.67,491.4,34.9,40.7,3.31,17.4,36.5,43.3,0.14,16.56,36.6,37.2,0.03,15.6,37.4,43.8,0.12,13.27"
" 07:51:30,555.5,39,53,9.04,491.5,35,41,3.43,17.46,36.4,43,0.13,16.56,36.3,37.3,0.06,15.6,36.4,44.3,0.14,12.8"
" 07:52:00,554.8,39,53,9.03,492.3,35.1,40.9,3.32,17.4,36.5,42.8,0.13,16.56,36.2,37.3,0.06,15.6,37.5,43.8,0.11,12.65"
" 07:52:30,554.7,39,53,9.03,492,35.1,40.4,3.03,17.4,36.5,42.8,0.13,16.56,36.5,37.3,0.05,15.6,36.6,43.5,0.13,12.35"
" 07:53:00,554.7,39,52,8.38,491.7,35.2,40.2,2.86,17.46,36.5,42.7,0.13,16.56,36.4,37.4,0.06,15.66,37.1,43.9,0.12,11.55"
" 07:53:30,555.7,39,52,8.4,492.5,35.2,40.1,2.8,17.4,36.5,42.8,0.13,16.56,36.6,37.3,0.04,15.66,37.2,43.8,0.12,11.49"
" 07:54:00,555.7,39,52,8.4,491.8,35,40.1,2.92,17.4,36.6,42.8,0.13,16.56,36.3,37.1,0.05,15.66,37.2,43.7,0.12,11.6"
" 07:54:30,555.6,39,52,8.39,491.9,35.3,40.4,2.92,17.46,36.7,42.8,0.12,16.56,36.4,37.3,0.05,15.6,37.3,43.6,0.11,11.6"
" 07:55:00,555.5,39,52,8.39,491.4,35.2,39.9,2.68,17.4,36.8,42.8,0.12,16.56,36.4,37.4,0.06,15.66,37.3,43.6,0.11,11.37"
" 07:55:30,556.3,39,51,7.76,491.6,35.4,39.6,2.4,17.4,36.8,42.6,0.12,16.56,36.8,37.6,0.05,15.6,37.2,43.7,0.12,10.44"
" 07:56:00,555.9,39,51,7.75,491.7,35.4,40.1,2.69,17.4,36.9,42.7,0.12,16.56,37,37.5,0.03,15.66,37.3,43.5,0.11,10.7"
" 07:56:30,555.1,39,51,7.74,492.1,35.5,39.9,2.52,17.46,37,42.6,0.11,16.56,36.7,37.7,0.06,15.66,37.4,43.4,0.11,10.54"
" 07:57:00,556.2,39,51,7.76,491.9,35.4,39.6,2.4,17.46,36.9,42.9,0.12,16.56,36.7,37.4,0.04,15.6,37.4,43.2,0.11,10.43"
" 07:57:30,555.8,39,51,7.75,491.9,35.7,38.9,1.83,17.4,37.1,42.8,0.12,16.56,36.7,37.7,0.06,15.66,37.5,43,0.1,9.85"
" 07:58:00,556.1,39,51,7.76,492,35.6,39.5,2.23,17.4,37.2,42.8,0.11,16.56,36.9,37.6,0.04,15.6,37.5,42.9,0.1,10.24"
" 07:58:30,555.8,39,51,7.75,491.9,35.7,39.3,2.06,17.46,37.1,42.8,0.12,16.56,37.2,37.6,0.02,15.66,37.4,42.9,0.1,10.05"
" 07:59:00,554.7,39,50,7.09,491.8,35.6,38.8,1.83,17.46,37.1,43.2,0.12,16.56,37.3,37.6,0.02,15.66,37.4,43,0.1,9.16"
" 07:59:30,555.5,39,49,6.46,492.1,35.5,39.2,2.12,17.46,37.2,43.3,0.12,16.56,37.2,37.7,0.03,15.6,37.4,42.7,0.1,8.82"
" 08:00:00,555.5,39,49,6.46,492.7,35.6,39,1.95,17.46,37.2,43.2,0.12,16.56,37.3,37.6,0.02,15.66,37.4,42.7,0.1,8.64"
" 08:00:30,556.4,40,49,5.82,493.1,35.6,38.4,1.6,17.52,37.6,43.2,0.11,16.56,37,37.7,0.04,15.6,37.6,42.5,0.09,7.67"
" 08:01:00,555.5,39,49,6.46,493.3,35.8,38.3,1.43,17.4,37.6,42.8,0.11,16.56,37,38.1,0.06,15.6,37.5,42.5,0.09,8.15"
" 08:01:30,554.7,39,49,6.45,492.8,35.8,38.8,1.72,17.4,36.9,43.7,0.14,16.56,37.2,38,0.05,15.66,37.6,42.2,0.08,8.43"
" 08:02:00,554.8,39,49,6.45,492.5,35.8,38.9,1.77,17.46,37.4,43,0.11,16.56,37.1,38.4,0.08,15.6,37.5,42.1,0.08,8.49"
" 08:02:30,555.4,39,49,6.45,492.2,35.8,38.1,1.32,17.52,37.3,43.9,0.13,16.56,37,37.8,0.05,15.6,37.6,42.1,0.08,8.03"
" 08:03:00,555,39,49,6.45,492.1,35.7,37.9,1.26,17.46,36.4,43.3,0.14,16.62,37.4,38,0.03,15.6,37.6,42.1,0.08,7.96"
" 08:03:30,554.7,39,50,7.09,492.7,35.8,38.3,1.43,17.46,37.8,43.9,0.12,16.56,36.7,38,0.08,15.6,37.6,42,0.08,8.8"
" 08:04:00,554.8,39,51,7.74,491,35.8,38.8,1.71,17.46,36.4,43.5,0.14,16.56,37.3,37.9,0.03,15.6,37.7,42.7,0.09,9.72"
" 08:04:30,555,40,52,7.74,492.6,35.6,39.7,2.35,17.4,36.8,43.9,0.14,16.56,36.9,37.7,0.05,15.48,37.7,42,0.08,10.35"
" 08:05:00,554.4,39,52,8.38,491.8,35.8,40.6,2.74,17.46,36.7,43.1,0.13,16.5,37.1,37.9,0.05,15.54,37.3,41.8,0.08,11.38"
" 08:05:30,555,39,52,8.39,491.4,35.8,40.6,2.74,17.46,36.7,43.8,0.14,16.56,37.1,37.7,0.03,15.6,37.7,41.8,0.07,11.38"
" 08:06:00,554.2,39,52,8.37,490.9,35.7,41.2,3.14,17.4,37,43.5,0.13,16.5,36.7,37.9,0.07,15.6,37.2,41.8,0.08,11.8"
" 08:06:30,555.5,39,53,9.04,490.9,35.6,41.4,3.31,17.4,37.1,43.2,0.12,16.5,36.8,38.2,0.08,15.6,37.3,42,0.09,12.64"
" 08:07:00,554.7,39,53,9.03,490.7,35.3,41,3.25,17.4,37,43.4,0.13,16.56,36.6,38.2,0.09,15.54,37.7,41.9,0.08,12.57"
" 08:07:30,554.7,39,52,8.38,492.2,35.4,41.2,3.32,17.4,36.9,43.6,0.14,16.56,36.9,37.8,0.05,15.6,37.7,42.8,0.09,11.98"
" 08:08:00,554.7,39,51,7.74,491.7,35.5,40.7,2.97,17.4,36.9,43.4,0.13,16.56,36.6,37.6,0.06,15.6,37.7,42.9,0.09,10.99"
" 08:08:30,554.2,39,50,7.09,491.5,35.7,39.4,2.11,17.4,37.1,42.6,0.11,16.56,36.9,37.9,0.06,15.66,37.6,42.3,0.09,9.45"
" 08:09:00,554.2,39,50,7.09,492.9,35.5,39.5,2.29,17.46,37.2,43.1,0.12,16.56,36.5,37.9,0.08,15.6,37.8,42.4,0.08,9.66"
" 08:09:30,554.5,39,50,7.09,492.8,35.5,39.3,2.18,17.46,37.2,42.7,0.11,16.56,36.9,37.9,0.06,15.6,37.1,42.5,0.1,9.53"
" 08:10:00,557.2,40,49,5.83,491.1,35.4,39.1,2.11,17.46,37.2,42.6,0.11,16.56,36.8,37.8,0.06,15.6,36.5,43.1,0.12,8.23"
" 08:10:30,554.7,39,49,6.45,492.8,35.5,38.6,1.78,17.46,36.4,42.4,0.12,16.56,36.9,37.5,0.03,15.6,37.7,43.2,0.1,8.48"
" 08:11:00,554.6,39,49,6.45,491.2,35.4,38.7,1.88,17.4,36.7,43.3,0.13,16.56,36.3,37.6,0.08,15.6,37.6,43.1,0.1,8.64"
" 08:11:30,555,40,49,5.81,491.3,35.1,38.6,2,17.46,37,42.6,0.11,16.56,36.8,37.8,0.06,15.66,37.1,43.9,0.12,8.1"
" 08:12:00,554.9,39,50,7.09,491.7,35,38.5,2,17.46,36.4,42.4,0.12,16.56,36.7,37.5,0.05,15.6,37.2,42.9,0.1,9.37"
" 08:12:30,554.1,39,50,7.08,492.2,35.1,38.8,2.12,17.46,36.5,43.2,0.14,16.56,36.2,37.5,0.08,15.6,36.3,43.6,0.13,9.54"
" 08:13:00,555.9,38,50,7.75,492.5,35.4,39.1,2.12,17.46,36.3,43.1,0.14,16.56,36.2,37.4,0.07,15.66,36.8,43.3,0.12,10.2"
" 08:13:30,554.9,39,51,7.74,491.8,35.1,39.7,2.63,17.46,35.9,42.4,0.13,16.5,36.4,37.3,0.05,15.66,36.7,43.1,0.12,10.67"
" 08:14:00,553.8,39,51,7.72,491.4,35.1,40.2,2.91,17.4,37.1,42.6,0.11,16.5,36.5,37.8,0.07,15.66,36.7,43.3,0.12,10.94"
" 08:14:30,553.5,39,52,8.36,492.3,35.1,41.2,3.49,17.46,36.4,42.2,0.12,16.56,36.6,37.4,0.05,15.6,36.6,42.8,0.11,12.13"
" 08:15:00,554.2,39,52,8.37,492.6,35,41.7,3.84,17.46,36.1,42.2,0.12,16.56,36.4,37.1,0.04,15.6,36.5,42,0.1,12.47"
" 08:15:30,554.1,39,52,8.37,491.5,35.2,42.2,4,17.4,35.9,43.1,0.15,16.5,36,37.1,0.06,15.66,36.5,41.9,0.1,12.68"
" 08:16:00,553.8,38,52,9.01,491,35,41.6,3.77,17.4,37.1,43.3,0.13,16.56,36.3,37.4,0.06,15.66,36.5,41.3,0.09,13.05"
" 08:16:30,554.1,38,53,9.66,492.3,35.1,41.8,3.83,17.46,36.6,42.4,0.12,16.5,36.6,36.9,0.02,15.6,36.5,40.8,0.08,13.71"
" 08:17:00,554.1,38,53,9.66,491.8,35.1,42.4,4.17,17.46,36.5,43.5,0.14,16.5,35.9,37.1,0.07,15.6,36.3,40.3,0.07,14.12"
" 08:17:30,554,39,53,9.01,491.9,35,42,4,17.46,35.8,42.8,0.14,16.56,36.1,36.9,0.05,15.6,36.2,40.7,0.08,13.29"
" 08:18:00,553.9,38,53,9.66,491.4,35,41.7,3.83,17.4,35.7,42.8,0.14,16.5,35.9,36.8,0.05,15.54,36.2,40.7,0.08,13.76"
" 08:18:30,554.1,38,53,9.66,491.1,35,41.7,3.82,17.46,36.9,43,0.12,16.5,36.4,37.1,0.04,15.6,36,40.8,0.09,13.74"
" 08:19:00,553.6,39,53,9.01,491.9,34.9,41.8,3.94,17.46,35.6,42.8,0.15,16.56,35.9,36.7,0.05,15.66,36.7,40.8,0.07,13.22"
" 08:19:30,554.4,38,53,9.67,492.3,34.7,42.1,4.23,17.4,36.9,43,0.12,16.56,36.4,36.9,0.03,15.6,36.5,40.9,0.08,14.13"
" 08:20:00,554.7,39,54,9.67,492.3,34.7,42.1,4.23,17.4,36.2,43.5,0.15,16.5,36.1,37.1,0.06,15.6,36.8,40.9,0.07,14.18"
" 08:20:30,553.6,38,54,10.29,492,34.8,41.5,3.83,17.4,36.2,43.4,0.15,16.5,36,37,0.06,15.6,37.1,41.8,0.09,14.41"
" 08:21:00,554.9,38,54,10.32,492.5,34.7,42,4.18,17.4,36.2,43.3,0.14,16.5,35.9,36.9,0.06,15.6,37.2,41.2,0.07,14.77"
" 08:21:30,554.7,39,54,9.67,492.1,34.7,42.5,4.46,17.46,36.3,43.5,0.15,16.56,36.1,37,0.05,15.6,37.1,42.1,0.09,14.42"
" 08:22:00,554.5,38,54,10.31,492.4,34.8,42,4.12,17.46,37,42.8,0.12,16.56,36.2,36.8,0.03,15.6,37.2,42.2,0.09,14.67"
" 08:22:30,554.5,39,54,9.67,492.3,34.8,41.6,3.89,17.46,36.5,43.3,0.14,16.56,36.2,37,0.05,15.6,37.3,42.3,0.09,13.83"
" 08:23:00,554.2,38,54,10.31,491.2,34.9,42,4.05,17.4,36.6,42.8,0.13,16.5,36.3,36.9,0.03,15.6,36.9,41.9,0.09,14.61"
" 08:23:30,554.2,38,54,10.31,492.6,34.9,42.1,4.12,17.4,36.1,42.6,0.13,16.5,36.1,36.6,0.03,15.66,37,41.6,0.08,14.67"
" 08:24:00,554.2,38,54,10.31,491.1,34.8,41.9,4.05,17.46,36.5,43.6,0.14,16.56,36.3,37,0.04,15.66,37.1,41.3,0.08,14.62"
" 08:24:30,554.4,38,54,10.31,490.9,34.8,41.4,3.77,17.4,35.7,43.1,0.15,16.56,35.8,37.1,0.08,15.6,37.2,41.2,0.07,14.37"
" 08:25:00,554.6,38,54,10.31,492.3,34.8,41.4,3.78,17.4,35.8,42.9,0.14,16.5,35.9,37.1,0.07,15.66,37.2,41,0.07,14.37"
" 08:25:30,554.1,38,54,10.3,492.4,35,41.7,3.83,17.46,36.3,42.8,0.13,16.5,36.1,37,0.05,15.6,37.7,41.5,0.07,14.39"
" 08:26:00,554,38,55,10.95,491.6,34.9,40.7,3.31,17.4,36.1,43.9,0.16,16.5,36.1,37.5,0.08,15.6,36.6,41.4,0.09,14.58"
" 08:26:30,554.2,39,54,9.66,491.5,35.1,40.1,2.86,17.46,36.7,44,0.15,16.5,36.4,37.3,0.05,15.6,37.8,42.5,0.09,12.8"
" 08:27:00,555.1,39,54,9.68,491.5,35.1,40.2,2.91,17.4,36.6,43.1,0.13,16.5,36.1,37.1,0.06,15.6,37.7,43.1,0.1,12.88"
" 08:27:30,554.2,38,54,10.31,492.3,35,40.1,2.92,17.46,36.3,43.8,0.15,16.5,36.4,37.4,0.06,15.6,36.5,41.9,0.1,13.53"
" 08:28:00,554.4,38,54,10.31,490.9,35,40.9,3.37,17.4,36,43.5,0.15,16.56,36.2,37.6,0.08,15.6,37.6,42.5,0.09,14"
" 08:28:30,554,39,54,9.66,490.8,35.2,40.7,3.14,17.46,36.3,43.1,0.14,16.5,36.3,37.3,0.06,15.6,36.5,43.2,0.12,13.11"
" 08:29:00,554.8,39,55,10.32,491.6,35.3,41.5,3.54,17.46,36.9,43.2,0.13,16.56,36.6,37.3,0.04,15.6,37.4,42.7,0.1,14.12"
" 08:29:30,554.5,39,55,10.31,492.3,35.3,42.1,3.89,17.46,36.4,43.9,0.15,16.5,36.5,37.7,0.07,15.6,36.9,42.5,0.1,14.52"
" 08:30:00,554.7,38,55,10.96,491.8,35.2,41.7,3.72,17.46,37.3,43.6,0.13,16.56,36.5,37.3,0.05,15.6,37.4,42.1,0.09,14.93"
" 08:30:30,554.7,38,55,10.96,491.9,35.4,41.8,3.66,17.4,36.2,43.9,0.16,16.5,36.7,37.6,0.05,15.6,37.5,41.7,0.08,14.9"
" 08:31:00,554.5,39,55,10.31,491.5,35.4,42.2,3.88,17.46,37.1,44.3,0.15,16.56,36.9,37.6,0.04,15.6,37.2,42.4,0.09,14.48"
" 08:31:30,553.9,39,55,10.3,491.2,35.5,42.5,4,17.4,37,44.4,0.15,16.56,37.1,37.5,0.02,15.6,36.7,41.8,0.09,14.56"
" 08:32:00,554.3,39,55,10.31,491.7,35.6,42.8,4.11,17.46,37.5,44.4,0.14,16.5,37,37.5,0.03,15.6,36.7,41.8,0.09,14.68"
" 08:32:30,554.7,39,55,10.31,491.1,35.6,43.1,4.28,17.4,37.5,43.9,0.13,16.5,36.9,37.5,0.03,15.6,36.8,41.5,0.09,14.84"
" 08:33:00,554.7,39,55,10.31,491.6,35.7,42.9,4.11,17.46,37.5,44.8,0.15,16.56,37,37.8,0.05,15.6,36.6,41.2,0.08,14.71"
" 08:33:30,554.8,39,56,10.96,491.6,35.7,42.8,4.06,17.52,37.6,44.5,0.14,16.56,37.2,37.8,0.03,15.6,36.7,41,0.08,15.27"
" 08:34:00,554.3,39,55,10.31,492,35.8,43,4.12,17.46,37.3,44.9,0.15,16.5,37.1,38.1,0.06,15.6,37.2,40.8,0.07,14.7"
" 08:34:30,555.2,39,56,10.97,492.1,35.8,42.5,3.83,17.4,37.3,44.3,0.14,16.5,37,38.3,0.07,15.6,36.2,41.6,0.1,15.12"
" 08:35:00,555.2,39,56,10.97,492.5,35.8,43.4,4.35,17.4,37.2,44.9,0.16,16.56,37.1,38.3,0.07,15.6,37.3,41.7,0.08,15.62"
" 08:35:30,554.9,39,56,10.96,492.4,35.8,43.5,4.41,17.46,37.5,44.4,0.14,16.56,36.9,38.2,0.08,15.6,36.3,41.8,0.1,15.68"
" 08:36:00,554.7,40,55,9.67,492,35.7,43.5,4.46,17.46,37.2,45,0.16,16.56,37.2,38,0.05,15.6,36.4,42.8,0.12,14.45"
" 08:36:30,554.9,39,55,10.32,492.6,35.8,44,4.69,17.4,37.4,45,0.15,16.56,37.2,38.2,0.06,15.6,37.3,42.3,0.09,15.32"
" 08:37:00,555.2,39,55,10.32,492,35.8,43.6,4.46,17.46,37.3,44.6,0.15,16.56,36.7,37.8,0.06,15.6,36.9,42.1,0.09,15.09"
" 08:37:30,555,40,55,9.68,492.3,35.9,43.5,4.35,17.46,37.1,44.3,0.15,16.56,36.9,38.1,0.07,15.6,36.6,43.1,0.12,14.36"
" 08:38:00,555.1,39,55,10.32,492.2,36,43,4,17.52,37.4,45.1,0.16,16.56,37.1,37.8,0.04,15.6,36.5,43.2,0.12,14.65"
" 08:38:30,554.7,39,55,10.31,491.2,35.7,42.4,3.82,17.52,36.9,44.4,0.15,16.56,36.9,38.2,0.08,15.6,37.1,43.2,0.11,14.48"
" 08:39:00,555.5,40,55,9.68,492.9,35.7,42,3.61,17.46,36.8,44.8,0.16,16.5,37.3,38,0.04,15.6,36.6,43,0.12,13.61"
" 08:39:30,555.6,39,56,10.98,492.3,35.7,42.3,3.78,17.46,37.6,44.6,0.14,16.56,36.8,37.9,0.06,15.6,37,42.6,0.1,15.06"
" 08:40:00,554.8,39,55,10.32,492.2,35.9,42.2,3.6,17.46,37,44.8,0.16,16.5,37,38.2,0.07,15.6,37,42.6,0.1,14.25"
" 08:40:30,556.2,39,55,10.34,492,36,42,3.43,17.52,37.3,45,0.16,16.56,37.1,38,0.05,15.54,36.5,43.1,0.12,14.1"
" 08:41:00,556.6,39,55,10.35,492.6,35.9,42.9,4.01,17.46,37.2,44.4,0.15,16.56,37.5,38.1,0.03,15.6,36.6,43.1,0.12,14.66"
" 08:41:30,556.2,39,55,10.34,492.7,35.9,42.9,4.01,17.46,37.2,44.2,0.14,16.56,37,38,0.06,15.6,37.4,42.7,0.1,14.65"
" 08:42:00,556.4,39,55,10.35,491.8,36,42.4,3.66,17.46,37.4,44,0.13,16.56,37.2,38,0.05,15.6,36.9,43.4,0.12,14.3"
" 08:42:30,555.7,39,54,9.69,491.8,36.2,42.4,3.54,17.52,37.3,43.9,0.13,16.56,37.3,38,0.04,15.6,37.4,42.8,0.1,13.5"
" 08:43:00,556.2,39,54,9.7,492.2,36.1,41.5,3.09,17.46,37.3,43.9,0.13,16.56,37.3,38.2,0.05,15.6,36.6,43.3,0.12,13.09"
" 08:43:30,555.8,39,54,9.69,491.6,36.1,41.7,3.2,17.4,37.6,43.8,0.13,16.56,37.1,38.2,0.06,15.54,36.6,42.7,0.11,13.19"
" 08:44:00,556.4,39,53,9.05,492.8,36.1,41.5,3.09,17.46,37.5,43.8,0.13,16.56,37.2,38.1,0.05,15.6,36.5,42.8,0.11,12.44"
" 08:44:30,556.2,40,53,8.4,492,36.1,41.4,3.03,17.46,37.7,43.7,0.12,16.62,37.4,38.3,0.05,15.6,36.5,43.2,0.12,11.73"
" 08:45:00,556.4,40,53,8.41,491.4,36.1,41.2,2.91,17.4,37.6,43.8,0.13,16.56,37.7,38.4,0.04,15.6,36.6,43.6,0.13,11.61"
" 08:45:30,555.7,40,53,8.4,491.1,36.1,41.5,3.08,17.4,37.6,43.7,0.12,16.56,37.3,38.4,0.06,15.6,36.4,43.5,0.13,11.79"
" 08:46:00,555.1,40,52,7.74,491.7,36.3,41.4,2.91,17.46,37.7,43.8,0.12,16.5,37.4,38.2,0.05,15.54,37.1,44.2,0.13,10.95"
" 08:46:30,555.7,40,52,7.75,491.3,36.5,41.1,2.63,17.46,37.8,43.8,0.12,16.56,37.8,38.3,0.03,15.6,37.2,44.2,0.13,10.65"
" 08:47:00,556.3,40,52,7.76,491.7,36.6,41.3,2.69,17.4,37.9,43.9,0.12,16.5,37.9,38.6,0.04,15.6,37.5,43.4,0.11,10.71"
" 08:47:30,555.2,40,51,7.1,492.2,36.5,40.5,2.29,17.46,38,44.1,0.12,16.56,38,38.5,0.03,15.6,36.7,43.9,0.13,9.67"
" 08:48:00,555.9,40,51,7.11,491.4,36.6,40.6,2.28,17.4,37.9,44.1,0.13,16.56,37.9,38.6,0.04,15.6,37.9,44.1,0.11,9.67"
" 08:48:30,556.3,40,50,6.47,492,36.7,39.9,1.83,17.46,38.3,43.9,0.11,16.56,37.6,38.4,0.05,15.6,36.7,44.6,0.14,8.6"
" 08:49:00,556.2,40,50,6.46,493,36.5,39.8,1.89,17.46,37.7,44.1,0.13,16.56,38,38.4,0.02,15.6,37.8,44,0.11,8.62"
" 08:49:30,556.4,40,50,6.47,493,36.5,39.5,1.72,17.46,38.4,44,0.11,16.62,37.8,38.7,0.05,15.6,37,44.8,0.14,8.49"
" 08:50:00,555.8,40,50,6.46,493.2,36.5,40.7,2.41,17.46,38.6,44.7,0.12,16.56,37.7,38.8,0.06,15.6,37.4,43.8,0.12,9.17"
" 08:50:30,555.9,40,50,6.46,493.4,36.5,41.1,2.64,17.52,38.3,44.7,0.13,16.56,37.7,38.8,0.06,15.54,38,43.9,0.11,9.4"
" 08:51:00,556.5,41,50,5.82,494.4,36.6,40.6,2.3,17.46,38,44.6,0.13,16.56,37.8,38.5,0.04,15.54,38,44,0.11,8.4"
" 08:51:30,556.2,40,50,6.46,492.2,36.7,40.2,2,17.52,38.5,44.7,0.13,16.56,37.8,38.9,0.06,15.54,38,44.1,0.11,8.77"
" 08:52:00,555.6,40,51,7.1,493,36.8,41.3,2.58,17.46,38.5,44.5,0.12,16.56,37.7,38.8,0.06,15.6,37.9,43.8,0.11,9.97"
" 08:52:30,555.4,41,52,7.1,493.3,36.8,42.1,3.04,17.46,38.1,44,0.12,16.56,38.1,38.8,0.04,15.6,37.9,43.7,0.11,10.4"
" 08:53:00,554.8,40,53,8.38,492.5,36.6,43,3.66,17.46,38,44.8,0.14,16.56,37.8,38.9,0.06,15.6,36.7,44.3,0.14,12.39"
" 08:53:30,554.9,40,53,8.38,492.1,36.5,43.6,4.06,17.4,37.4,44.4,0.14,16.5,38,38.8,0.05,15.54,37.1,44.4,0.13,12.76"
" 08:54:00,555.4,40,53,8.39,492.4,36.6,43.2,3.78,17.46,38,44.4,0.13,16.56,37.6,38.8,0.07,15.6,37.7,43.5,0.11,12.47"
" 08:54:30,556.1,40,53,8.4,492,36.4,44.4,4.57,17.46,38,44,0.12,16.62,37.7,38.8,0.06,15.6,37.3,43.9,0.12,13.28"
" 08:55:00,555.6,40,53,8.39,491.6,36.6,44.2,4.34,17.4,37.9,44.3,0.13,16.56,37.9,38.6,0.04,15.6,37.2,43.5,0.11,13.02"
" 08:55:30,555.4,40,52,7.75,491.7,36.5,44.1,4.34,17.46,37.8,44.1,0.13,16.56,37.5,38.6,0.06,15.6,37.2,43.2,0.11,12.39"
" 08:56:00,555.1,40,51,7.1,492,36.6,42.6,3.43,17.52,38.1,43.5,0.11,16.56,38,38.6,0.03,15.6,37.2,43,0.11,10.78"
" 08:56:30,554.7,40,50,6.45,491.6,36.3,41.7,3.09,17.46,37.8,44.1,0.13,16.56,37.4,38.4,0.06,15.6,37.1,43,0.11,9.82"
" 08:57:00,554.7,40,50,6.45,491.8,36.3,40.5,2.4,17.52,37.4,44.5,0.14,16.56,37.3,38.5,0.07,15.6,37.2,42.8,0.1,9.16"
" 08:57:30,555.7,40,50,6.46,492.8,36.3,40.3,2.29,17.52,37.2,44.3,0.14,16.56,37.3,38.5,0.07,15.66,37.3,42.7,0.1,9.06"
" 08:58:00,555.5,41,50,5.81,493.1,36.4,40,2.06,17.4,38,44.3,0.13,16.56,37.3,38.7,0.08,15.66,37.2,42.6,0.1,8.18"
" 08:58:30,555.5,40,50,6.46,493.5,36.3,40,2.12,17.4,37.1,44.1,0.14,16.5,37.3,38.4,0.06,15.6,37.3,42.4,0.09,8.88"
" 08:59:00,554.7,40,50,6.45,491.9,36.4,39.4,1.72,17.46,38,43.9,0.12,16.56,37.8,38.7,0.05,15.6,37.3,42.3,0.09,8.42"
" 08:59:30,554.7,40,50,6.45,491.6,36.1,39.4,1.89,17.46,38.2,43.5,0.11,16.56,37.8,38.6,0.05,15.6,37.3,42.6,0.1,8.58"
" 09:00:00,554.2,41,51,6.44,492.5,36.2,39.6,1.95,17.52,37,43.9,0.14,16.56,37.3,38,0.04,15.6,37.1,42.3,0.09,8.66"
" 09:00:30,553.6,40,52,7.72,491.6,36.1,40.4,2.46,17.46,37.2,44.1,0.14,16.5,37.2,38.2,0.06,15.6,37.2,41.9,0.09,10.46"
" 09:01:00,554.2,40,52,7.73,492.2,36.3,40.6,2.46,17.46,37.9,43.5,0.11,16.56,37.8,38.2,0.02,15.6,37.2,41.8,0.08,10.41"
" 09:01:30,554.6,40,53,8.38,492.5,36.1,41.8,3.26,17.46,37.7,43.5,0.12,16.56,37.4,38.2,0.05,15.66,37.1,42.3,0.09,11.9"
" 09:02:00,553.9,39,53,9.01,492,36.1,42.4,3.6,17.46,38.2,44.1,0.12,16.56,37.6,38.5,0.05,15.6,37.2,41.8,0.08,12.87"
" 09:02:30,554.1,39,54,9.66,491.6,35.9,42.7,3.89,17.46,37,43.9,0.14,16.5,37.3,37.9,0.03,15.6,37,41.5,0.08,13.8"
" 09:03:00,554.1,39,54,9.66,491.5,36.1,43.4,4.17,17.46,38.3,44.3,0.12,16.56,37.5,38.4,0.05,15.6,37.6,41.8,0.08,14.08"
" 09:03:30,554.7,39,55,10.31,491.8,36.1,44.3,4.69,17.4,37.7,44.7,0.14,16.5,37.1,38.3,0.07,15.6,37.7,41.4,0.07,15.28"
" 09:04:00,554.2,40,55,9.66,491.8,35.9,44.8,5.09,17.46,37.2,43.6,0.13,16.56,37.3,38,0.04,15.6,37.2,41.4,0.08,15"
" 09:04:30,554.4,39,55,10.31,491.3,35.9,43.9,4.57,17.46,38,44.7,0.14,16.5,37.4,38.4,0.06,15.6,36.7,41.9,0.09,15.17"
" 09:05:00,554.4,39,55,10.31,491.3,35.9,44.2,4.74,17.46,38,44.1,0.12,16.56,37.5,38.2,0.04,15.66,37,42.5,0.1,15.31"
" 09:05:30,554.1,40,55,9.66,491.8,35.9,44.1,4.69,17.4,36.8,43.9,0.14,16.56,36.9,37.9,0.06,15.6,37.7,42.4,0.09,14.63"
" 09:06:00,554.9,40,55,9.67,491.2,35.8,43.6,4.45,17.4,37.1,43.6,0.13,16.5,37.2,37.9,0.04,15.6,36.8,41.9,0.09,14.39"
" 09:06:30,554,39,55,10.3,491.9,36,43.7,4.4,17.46,37.4,44.5,0.14,16.5,37.1,38.2,0.06,15.6,37.7,42.6,0.09,15"
" 09:07:00,553.9,39,55,10.3,491.6,35.9,43.2,4.17,17.46,37,44.4,0.15,16.5,37.1,38.1,0.06,15.6,37.5,42.3,0.09,14.77"
" 09:07:30,555.1,39,55,10.32,492.1,35.9,43.2,4.18,17.4,37.8,44.3,0.13,16.5,37.3,38,0.04,15.66,37.4,42.3,0.09,14.76"
" 09:08:00,554,40,55,9.66,492,35.8,43.2,4.23,17.46,37.4,43.5,0.12,16.5,37.1,37.7,0.03,15.6,37.3,42.3,0.09,14.14"
" 09:08:30,554.3,40,56,10.31,491.6,35.9,43.2,4.17,17.4,36.9,43.5,0.13,16.56,36.9,37.6,0.04,15.6,37.3,42.6,0.1,14.75"
" 09:09:00,554.5,40,56,10.31,491.2,35.8,43.2,4.22,17.46,37.5,43.6,0.12,16.5,37.1,37.7,0.03,15.6,37.3,42.6,0.1,14.79"
" 09:09:30,554.1,40,56,10.3,490.7,35.7,43.4,4.39,17.4,36.7,44.5,0.16,16.56,36.8,38.1,0.08,15.54,37,42.3,0.1,15.02"
" 09:10:00,554.6,39,56,10.96,491.4,35.7,44,4.74,17.4,36.6,44,0.15,16.56,36.9,38.1,0.07,15.6,37.8,42.1,0.08,15.99"
" 09:10:30,553.9,39,56,10.94,491.3,35.9,43.7,4.45,17.46,37.7,43.7,0.12,16.56,36.9,37.6,0.04,15.6,37.3,41.4,0.07,15.63"
" 09:11:00,554,40,56,10.3,490.8,35.9,43.5,4.34,17.4,37.3,43.6,0.13,16.56,37.1,37.8,0.04,15.48,37.8,42.1,0.08,14.88"
" 09:11:30,554.6,39,56,10.96,491.7,35.9,43.8,4.51,17.46,37.9,44.3,0.13,16.56,37.5,38,0.03,15.54,37.4,42.3,0.09,15.72"
" 09:12:00,554.1,39,56,10.95,491.5,35.9,43.5,4.34,17.4,37.1,44.5,0.15,16.5,37.1,38.4,0.07,15.54,36.6,41.9,0.1,15.61"
" 09:12:30,554.1,40,56,10.3,491.6,35.9,43.4,4.29,17.46,36.8,43.8,0.14,16.5,37,38.3,0.07,15.54,37.7,42.5,0.09,14.89"
" 09:13:00,553.5,39,56,10.94,491,35.9,43.4,4.28,17.4,37,43.8,0.14,16.5,37.2,38.5,0.07,15.6,36.4,42.9,0.12,15.55"
" 09:13:30,553.6,39,56,10.94,491.1,36.3,43.3,4,17.4,37.1,43.9,0.14,16.5,37.2,38.3,0.06,15.6,36.7,42.3,0.1,15.24"
" 09:14:00,553.9,40,57,10.94,492,36,43.1,4.06,17.46,37.2,43.9,0.14,16.56,37.3,38.2,0.05,15.6,37.1,43,0.11,15.3"
" 09:14:30,554.4,39,56,10.95,491.9,36.3,42.9,3.77,17.4,37.3,44.1,0.14,16.5,37.3,38.4,0.06,15.6,37.4,42.9,0.1,15.03"
" 09:15:00,554.2,39,56,10.95,491.3,36.5,43,3.71,17.46,38.1,44.4,0.13,16.56,37.6,38.2,0.03,15.54,36.7,42.9,0.11,14.94"
" 09:15:30,554.6,40,57,10.96,491.6,36.5,42.4,3.37,17.46,37.6,45.3,0.16,16.44,37.9,38.6,0.04,15.6,36.5,42.9,0.12,14.64"
" 09:16:00,553.9,40,57,10.94,490.8,36.6,42.8,3.54,17.46,37.8,44.3,0.13,16.56,37.5,38.2,0.04,15.6,37.3,43.1,0.11,14.76"
" 09:16:30,554.2,40,57,10.95,491,36.8,42.7,3.37,17.4,38,44.6,0.13,16.5,37.6,38.5,0.05,15.6,37,43.4,0.12,14.62"
" 09:17:00,554.3,40,57,10.95,491.6,36.7,43.5,3.89,17.46,38.7,45.2,0.13,16.5,38,38.5,0.03,15.6,37.7,42.6,0.09,15.09"
" 09:17:30,553.7,40,57,10.94,491.7,36.5,43.2,3.83,17.4,37.5,44.8,0.15,16.5,37.8,38.9,0.06,15.6,37.2,42.6,0.1,15.08"
" 09:18:00,554.6,40,57,10.96,491.9,36.9,43.4,3.72,17.4,38.2,44.7,0.13,16.56,37.8,38.8,0.06,15.6,37.2,43.7,0.12,14.98"
" 09:18:30,554.4,40,57,10.95,491.7,36.9,43.1,3.54,17.4,37.9,45.6,0.16,16.5,38.2,38.9,0.04,15.6,36.7,43.5,0.12,14.82"
" 09:19:00,554.2,40,57,10.95,491.7,36.8,43.3,3.71,17.46,38.5,45.7,0.15,16.56,38.3,38.9,0.03,15.6,37.8,43,0.09,14.94"
" 09:19:30,554.1,40,57,10.95,491.4,37,43.5,3.71,17.46,38.3,44.9,0.13,16.56,37.9,38.9,0.06,15.6,37.9,43.5,0.1,14.95"
" 09:20:00,554.3,40,57,10.95,491.1,36.9,43.1,3.54,17.46,38.8,45.4,0.13,16.5,38.2,38.8,0.03,15.6,36.9,43.4,0.12,14.78"
" 09:20:30,553.8,41,57,10.3,492,37,43,3.43,17.4,37.8,45.6,0.16,16.5,38,39.3,0.07,15.6,37.6,43.2,0.1,14.06"
" 09:21:00,554.2,41,57,10.31,491.4,36.4,42.4,3.43,17.46,37.9,45.3,0.15,16.5,38.1,39.2,0.06,15.6,37,44,0.13,14.07"
" 09:21:30,554,41,57,10.3,491.8,36.9,42.8,3.37,17.46,38.6,46.4,0.16,16.56,38.1,38.9,0.05,15.6,36.9,43.7,0.12,14"
" 09:22:00,554.2,40,58,11.59,493.1,36.9,43.8,3.95,17.46,38.8,46.1,0.15,16.56,38.1,38.9,0.05,15.6,37.7,44.3,0.12,15.86"
" 09:22:30,554.5,40,58,11.6,492.1,37,44,4,17.46,38.4,46.1,0.16,16.56,38.4,39,0.03,15.6,37.5,43.4,0.11,15.9"
" 09:23:00,554.6,40,58,11.6,491.6,37,43.3,3.6,17.4,38.4,45.2,0.14,16.56,37.8,39.2,0.08,15.6,37.4,44.4,0.13,15.55"
" 09:23:30,553.7,41,57,10.3,491.6,37,42.5,3.14,17.46,37.6,45.5,0.16,16.56,38.4,39.5,0.06,15.54,38,43.6,0.1,13.76"
" 09:24:00,553.9,40,58,11.59,492.6,36.6,43.4,3.89,17.4,38.7,46,0.15,16.56,38.1,38.9,0.05,15.6,37.2,44.6,0.13,15.81"
" 09:24:30,554.6,41,58,10.96,491.4,36.6,43.5,3.94,17.4,38.1,45.3,0.15,16.5,38.1,39.3,0.07,15.54,37.5,44.7,0.13,15.24"
" 09:25:00,554.3,40,57,10.95,491.3,36.6,44.1,4.28,17.46,37.7,45.2,0.15,16.56,38.2,39.2,0.06,15.6,38.2,44.2,0.11,15.55"
" 09:25:30,554.3,40,57,10.95,491.6,36.8,44,4.11,17.4,37.7,45.6,0.16,16.5,38.5,39.2,0.04,15.54,37.2,44.8,0.14,15.4"
" 09:26:00,554.5,40,57,10.96,491.9,36.7,44.4,4.4,17.4,39,45.8,0.14,16.56,38,38.8,0.05,15.6,38.2,44.4,0.11,15.65"
" 09:26:30,554.2,41,57,10.31,490.7,36.8,43.9,4.05,17.4,38.3,45.2,0.14,16.5,38.1,39.2,0.06,15.6,38.1,44.7,0.12,14.68"
" 09:27:00,554.3,40,57,10.95,491.9,37.1,44.2,4.06,17.46,37.8,45.5,0.16,16.44,38.3,39.4,0.06,15.6,37.4,44.7,0.13,15.36"
" 09:27:30,554.5,41,57,10.31,491.2,37.1,43.9,3.88,17.46,38.4,46.2,0.16,16.5,38.4,39,0.03,15.6,37.3,44.4,0.13,14.51"
" 09:28:00,554.4,40,57,10.95,492.1,36.6,43.8,4.12,17.46,38.9,45.8,0.14,16.56,38,39,0.06,15.54,37.6,44.2,0.12,15.39"
" 09:28:30,555,40,57,10.97,491.6,37.3,44.1,3.89,17.4,38.5,45.9,0.15,16.5,38.1,39.3,0.07,15.66,37.7,44.2,0.12,15.19"
" 09:29:00,554.9,40,57,10.96,492.1,37.2,44,3.89,17.46,38.4,45.6,0.15,16.5,38.3,39,0.04,15.6,38,44.5,0.12,15.16"
" 09:29:30,555.8,41,56,9.69,491.1,36.9,43.4,3.71,17.4,38.5,45.1,0.13,16.56,38.5,39.1,0.03,15.6,37.9,44.4,0.12,13.69"
" 09:30:00,556.2,41,56,9.7,492.8,37,43.1,3.49,17.46,38.6,44.9,0.13,16.62,38.6,38.9,0.02,15.6,37.3,44.7,0.13,13.47"
" 09:30:30,555.9,41,55,9.05,491.1,37,43.7,3.82,17.4,38.7,45,0.13,16.56,38.2,39.3,0.06,15.66,37.3,44.4,0.13,13.19"
" 09:31:00,555.2,41,54,8.39,491.9,37.1,42.8,3.26,17.4,38.8,44.8,0.12,16.62,38.6,39.5,0.05,15.6,37.2,44.7,0.14,11.96"
" 09:31:30,555.3,41,54,8.39,490.2,37.1,42.7,3.19,17.46,38.7,44.9,0.13,16.56,38.4,39.3,0.05,15.6,37.6,45.2,0.14,11.9"
" 09:32:00,555,41,54,8.39,491.2,37.1,41.3,2.4,17.34,38.6,44.9,0.13,16.56,38.8,39.3,0.03,15.66,37.2,45.5,0.15,11.09"
" 09:32:30,555.9,41,54,8.4,491.8,37.1,41.7,2.63,17.46,39.2,44.8,0.11,16.56,38.4,39.4,0.06,15.6,37.4,45.3,0.14,11.34"
" 09:33:00,555.4,40,53,8.39,492.7,37.4,41.6,2.41,17.46,39.3,45.2,0.12,16.56,38.6,39.3,0.04,15.6,37.4,45.1,0.14,11.1"
" 09:33:30,554.5,41,54,8.38,492.6,37.6,41.9,2.46,17.46,39.5,45,0.11,16.56,38.6,39.6,0.06,15.6,38,45.3,0.13,11.14"
" 09:34:00,555.9,41,55,9.05,491.2,37.4,42.6,2.97,17.46,38.9,45.6,0.14,16.56,39,39.6,0.03,15.6,37.6,45.5,0.14,12.33"
" 09:34:30,556.6,41,55,9.06,491.5,37.7,42.9,2.97,17.4,39.1,45.2,0.12,16.56,38.6,39.5,0.05,15.6,37.3,45.7,0.15,12.35"
" 09:35:00,555.6,41,55,9.04,491.2,37.8,42.8,2.85,17.46,39,45.1,0.12,16.56,38.6,39.6,0.06,15.6,38,45.8,0.14,12.22"
" 09:35:30,555.7,41,55,9.04,491.7,37.7,42.8,2.91,17.46,39.3,45.2,0.12,16.56,38.8,39.5,0.04,15.6,37.5,45.7,0.15,12.27"
" 09:36:00,555.2,41,55,9.03,491,37.8,42.5,2.68,17.46,39,45.1,0.12,16.56,39.1,39.5,0.02,15.6,37.4,45.7,0.15,12.01"
" 09:36:30,556,41,55,9.05,492.1,37.7,42.4,2.69,17.4,39.2,45.1,0.12,16.56,39,39.9,0.05,15.6,37.9,45.7,0.14,12.05"
" 09:37:00,555,41,55,9.03,490.8,37.9,42.8,2.8,17.4,39.2,45,0.12,16.5,38.9,39.6,0.04,15.54,38.3,45.3,0.13,12.11"
" 09:37:30,555.6,41,54,8.39,490.8,37.8,42.7,2.8,17.34,39.2,45,0.12,16.56,38.9,39.9,0.06,15.6,37.2,45.2,0.15,11.51"
" 09:38:00,556.2,41,54,8.4,491.3,37.6,42.8,2.97,17.4,39.3,45,0.12,16.56,38.9,39.9,0.06,15.6,38.3,45.5,0.13,11.68"
" 09:38:30,556.1,41,54,8.4,490.4,37.7,42.8,2.91,17.4,39.2,44.9,0.12,16.56,39.3,39.9,0.03,15.54,38.3,45.5,0.13,11.59"
" 09:39:00,556.1,41,53,7.76,491.8,37.9,42.6,2.69,17.4,39.2,45,0.12,16.56,38.9,39.9,0.06,15.6,37.4,44.8,0.13,10.75"
" 09:39:30,556.2,41,53,7.76,491.2,37.7,41.8,2.34,17.4,39.3,44.9,0.11,16.5,38.9,39.8,0.05,15.6,37.4,44.9,0.14,10.4"
" 09:40:00,555.2,41,53,7.74,491.4,37.8,41.3,2,17.4,39.2,45.4,0.13,16.56,39.3,40,0.04,15.54,38.6,44.8,0.11,10.02"
" 09:40:30,555.8,41,52,7.11,492.2,37.9,42,2.35,17.4,39.3,45.5,0.13,16.56,38.8,40,0.07,15.6,38.6,44.5,0.11,9.75"
" 09:41:00,555.2,41,51,6.45,492.4,38,41.9,2.23,17.4,39.1,45.2,0.12,16.56,39.1,39.7,0.03,15.6,37.3,44.9,0.14,8.98"
" 09:41:30,554.9,41,51,6.45,491.4,37.7,41.5,2.17,17.4,39.2,45.1,0.12,16.56,39.2,39.9,0.04,15.54,38.2,44.9,0.12,8.9"
" 09:42:00,555.1,41,50,5.81,491.7,37.7,41.4,2.11,17.4,39.1,44.9,0.12,16.56,38.8,39.9,0.06,15.6,38.1,44.6,0.12,8.22"
" 09:42:30,555.3,41,50,5.81,491.1,37.8,41.1,1.88,17.4,39.1,44.9,0.12,16.56,38.9,39.7,0.05,15.6,38.1,44.3,0.11,7.97"
" 09:43:00,555.4,41,49,5.16,491.7,37.6,40.5,1.66,17.46,38.8,44.9,0.12,16.56,38.8,39.8,0.06,15.6,38,44.2,0.11,7.12"
" 09:43:30,556.4,41,50,5.82,491,37.8,40,1.26,17.46,39,44.5,0.11,16.56,38.7,39.5,0.05,15.6,37.9,43.8,0.11,7.34"
" 09:44:00,554.8,42,50,5.16,492.4,37.6,40.1,1.43,17.46,38.6,44.9,0.13,16.56,38.6,39.6,0.06,15.6,38,43.8,0.11,6.88"
" 09:44:30,554.9,41,51,6.45,492.5,37.8,40.4,1.49,17.52,38.3,44.7,0.13,16.56,38.7,39.7,0.06,15.6,38,43.7,0.1,8.23"
" 09:45:00,556,41,51,6.46,492.8,37.4,39.9,1.43,17.52,38.7,44.3,0.11,16.56,39,39.6,0.03,15.6,38,43.5,0.1,8.14"
" 09:45:30,555.8,41,52,7.11,492.4,37.2,39.8,1.49,17.52,39.2,45.1,0.12,16.56,38.8,39.8,0.06,15.54,38,43.4,0.1,8.87"
" 09:46:00,555.5,41,53,7.75,491.9,37.3,40.6,1.89,17.46,38.3,45.2,0.14,16.56,38.3,39.5,0.07,15.6,38,43.3,0.1,9.94"
" 09:46:30,555.1,41,54,8.39,492.2,37.2,40.9,2.12,17.46,38.5,45.2,0.14,16.56,38.4,39.5,0.06,15.6,38,43.3,0.1,10.8"
" 09:47:00,555.5,42,54,7.75,492.2,37.2,41.4,2.4,17.46,38,44.8,0.14,16.56,38.6,39.2,0.03,15.6,38,43.3,0.1,10.42"
" 09:47:30,554.7,41,55,9.03,492.5,37.1,41.4,2.46,17.46,39,45.2,0.13,16.5,38.5,39.4,0.05,15.66,38,42.9,0.09,11.75"
" 09:48:00,555.1,40,55,9.68,492.3,37.2,42,2.75,17.46,38.1,44.4,0.13,16.5,38.3,39,0.04,15.6,38,43.4,0.1,12.69"
" 09:48:30,554.9,41,55,9.03,492,37.1,41.5,2.52,17.4,38.2,44.5,0.13,16.56,38.3,39.1,0.05,15.66,37.9,42.7,0.09,11.81"
" 09:49:00,556.3,41,55,9.05,491.9,37.1,41.9,2.74,17.4,38.4,44.9,0.13,16.56,38.2,39.1,0.05,15.6,38,42.5,0.08,12.06"
" 09:49:30,556.3,41,55,9.05,491.5,36.7,41.9,2.97,17.4,38.2,44.4,0.13,16.56,37.9,39.1,0.07,15.6,38,41.9,0.07,12.29"
" 09:50:00,554.4,41,54,8.38,491.4,36.8,42.5,3.26,17.4,38.4,44.8,0.13,16.56,38.2,39.3,0.06,15.6,37.6,41.8,0.08,11.9"
" 09:50:30,554.9,41,53,7.74,491.2,36.7,42.8,3.48,17.4,38.4,44.7,0.13,16.56,38.3,39.1,0.05,15.66,38.1,41.4,0.06,11.46"
" 09:51:00,555.4,41,52,7.1,491.7,36.8,42.3,3.14,17.46,38.2,44.3,0.12,16.56,38.2,38.8,0.03,15.66,37.4,41.7,0.08,10.48"
" 09:51:30,556.2,41,51,6.46,490.7,36.7,41.7,2.85,17.4,38.2,44.2,0.12,16.56,38.4,39,0.03,15.66,37.7,42.8,0.09,9.56"
" 09:52:00,555.3,41,51,6.45,491.4,37,40.6,2.06,17.46,38.2,43.9,0.12,16.5,37.8,38.9,0.06,15.6,37.2,42.6,0.1,8.79"
" 09:52:30,554.8,41,51,6.45,491.5,36.9,39.8,1.66,17.4,38.3,43.5,0.11,16.56,37.8,39,0.07,15.6,37.7,42.5,0.09,8.37"
" 09:53:00,555.4,41,50,5.81,491,36.9,39.9,1.71,17.4,37.9,43.5,0.11,16.5,37.9,39.1,0.07,15.6,38.3,42.7,0.08,7.78"
" 09:53:30,554.3,40,50,6.44,491.4,36.8,39.3,1.43,17.4,38.3,43.1,0.1,16.56,38.2,38.8,0.03,15.6,38.2,43.4,0.09,8.1"
" 09:54:00,554.5,41,50,5.8,491.4,36.9,39.6,1.54,17.46,38.8,44.1,0.11,16.5,38.4,39.2,0.05,15.6,37.7,43.3,0.1,7.6"
" 09:54:30,555.2,41,50,5.81,492.2,36.6,39.3,1.54,17.46,38,43.5,0.11,16.5,38.2,38.8,0.03,15.6,37.7,43,0.1,7.59"
" 09:55:00,554.9,40,51,7.09,492.4,36.9,39.1,1.26,17.46,37.9,43.9,0.12,16.56,38.1,38.9,0.05,15.6,37.7,42.7,0.09,8.61"
" 09:55:30,555.4,41,51,6.45,492.6,37.1,39.4,1.32,17.46,38.2,44.5,0.13,16.62,38.2,39.3,0.06,15.6,37.7,42.8,0.09,8.06"
" 09:56:00,555.1,41,51,6.45,491.8,37,39,1.14,17.46,38.8,44.6,0.12,16.56,38.5,39.2,0.04,15.6,37.7,43.1,0.1,7.85"
" 09:56:30,554.2,40,51,7.09,492.4,37.2,39.1,1.09,17.46,38.1,43.8,0.12,16.56,38.1,39,0.05,15.6,37.7,42.3,0.08,8.42"
" 09:57:00,554.2,40,51,7.09,492.2,37.2,39.8,1.49,17.4,38.4,44.7,0.13,16.56,38.2,39.5,0.08,15.6,37.8,42.3,0.08,8.86"
" 09:57:30,555.1,41,52,7.1,491.8,37.3,39.9,1.49,17.46,38.6,45.1,0.13,16.56,38.4,39.6,0.07,15.66,37.4,42.4,0.09,8.87"
" 09:58:00,555,41,53,7.74,491.7,37.2,40.2,1.71,17.46,38.2,45.1,0.14,16.5,38.6,39.7,0.06,15.6,37.6,42.6,0.09,9.75"
" 09:58:30,555.4,41,55,9.04,492.4,37.2,40.7,2,17.46,38.4,44.2,0.12,16.56,38.2,39.3,0.06,15.6,37.8,42.4,0.08,11.3"
" 09:59:00,553.7,41,56,9.65,491.8,37.2,41.3,2.34,17.46,38.7,44.4,0.12,16.5,38.4,39.3,0.05,15.6,37.7,42.6,0.09,12.25"
" 09:59:30,555.5,41,56,9.68,491,37.2,42.7,3.14,17.4,38.4,44.5,0.12,16.56,38.2,39.4,0.07,15.6,37.9,43.4,0.1,13.12"
" 10:00:00,555.2,41,56,9.68,492,37.3,42.7,3.09,17.46,38,45,0.14,16.56,38.5,39.6,0.06,15.6,38.1,43.1,0.09,13.06"
" 10:00:30,554.7,41,56,9.67,491,37.2,43.1,3.37,17.52,38,44.6,0.13,16.56,38.3,39.6,0.08,15.6,38.1,43.3,0.09,13.34"
" 10:01:00,555.2,40,56,10.32,491.9,37.1,42.9,3.32,17.46,38.1,44.6,0.13,16.56,38.2,39.6,0.08,15.6,37.7,43.4,0.1,13.96"
" 10:01:30,554.7,41,56,9.67,491.4,36.9,43.6,3.83,17.46,38,45.4,0.15,16.56,38.5,39.5,0.06,15.6,38,43.4,0.1,13.8"
" 10:02:00,554.4,40,56,10.31,491.7,37,43.6,3.77,17.4,38.9,45.2,0.13,16.5,38.2,39.1,0.05,15.6,38.4,43.5,0.09,14.35"
" 10:02:30,554.4,41,56,9.67,491.9,37,43.2,3.54,17.4,38.1,44.7,0.13,16.5,38.1,39.3,0.07,15.54,37.5,43.5,0.11,13.52"
" 10:03:00,555.4,40,56,10.33,492.4,37.1,42.9,3.32,17.4,38.9,44.9,0.12,16.56,38.2,39,0.05,15.54,38.3,43.5,0.09,13.91"
" 10:03:30,555.1,41,56,9.68,491.4,37,43.3,3.6,17.4,38.9,45.5,0.13,16.56,38.4,38.9,0.03,15.54,38,43.4,0.1,13.54"
" 10:04:00,553.9,41,56,9.66,491.8,36.8,43.4,3.77,17.46,38,45,0.14,16.5,38,39.2,0.07,15.54,38.6,44,0.1,13.74"
" 10:04:30,554.4,40,56,10.31,491.8,37.2,42.9,3.26,17.46,38.5,45.6,0.14,16.5,38.6,39.1,0.03,15.6,37.6,44,0.12,13.86"
" 10:05:00,554.8,40,56,10.32,491.9,37.1,43,3.37,17.4,38.2,44.6,0.13,16.56,37.9,39.1,0.07,15.54,38.5,44.2,0.1,13.99"
" 10:05:30,554.5,40,56,10.31,491.4,37,42.7,3.26,17.46,38.8,45.5,0.14,16.56,38.2,38.9,0.04,15.6,37.9,43.7,0.11,13.85"
" 10:06:00,554.5,41,56,9.67,491.6,36.9,42.6,3.26,17.4,38,44.7,0.14,16.5,38.1,39,0.05,15.54,38,43.9,0.11,13.22"
" 10:06:30,554.6,41,56,9.67,491.7,36.8,43.1,3.6,17.46,38.5,45.5,0.14,16.56,38.4,38.9,0.03,15.54,38,43.9,0.11,13.55"
" 10:07:00,554.2,40,56,10.31,492.1,37.1,42.9,3.32,17.4,38.4,45.6,0.15,16.56,38.5,39.1,0.03,15.6,38.4,43.8,0.1,13.9"
" 10:07:30,555.3,40,57,10.97,491.2,37.2,42.2,2.85,17.4,37.9,45.4,0.15,16.5,38.6,39.2,0.03,15.6,38.5,44.2,0.1,14.12"
" 10:08:00,554.9,41,57,10.32,491,37.1,43.1,3.42,17.46,38,45.5,0.15,16.56,38.6,39.5,0.05,15.6,37.9,45,0.13,14.08"
" 10:08:30,554.6,40,57,10.96,491.7,37,43.5,3.71,17.46,38.4,45.6,0.15,16.56,38.6,39.6,0.06,15.54,38.3,44.9,0.12,15"
" 10:09:00,555.1,40,57,10.97,491.3,36.7,43.2,3.71,17.46,39,45.4,0.13,16.56,38.2,39.5,0.08,15.6,38.5,45,0.12,15"
" 10:09:30,553.8,41,57,10.3,490.8,37.2,43.3,3.48,17.4,38,45.5,0.15,16.5,38.6,39.6,0.06,15.6,38.3,45,0.12,14.11"
" 10:10:00,554.4,41,57,10.31,491.1,37.4,42.7,3.03,17.46,38.8,45.1,0.13,16.56,38.4,39.5,0.06,15.6,37.8,44.4,0.12,13.65"
" 10:10:30,554.3,40,57,10.95,491.1,37.2,43,3.31,17.46,38.5,46.1,0.15,16.56,38.8,39.4,0.03,15.6,38.5,44.6,0.11,14.56"
" 10:11:00,554.7,40,57,10.96,491.5,37.1,42.3,2.97,17.46,39.2,45.6,0.13,16.56,38.5,39.7,0.07,15.6,37.8,45.1,0.13,14.26"
" 10:11:30,554.2,41,57,10.31,491,37.3,42.8,3.14,17.4,39.2,45.9,0.14,16.56,38.3,40,0.1,15.54,38.7,44.8,0.11,13.79"
" 10:12:00,554.7,41,57,10.31,491,37.8,43.1,3.02,17.46,39.3,45.8,0.13,16.5,38.6,40,0.08,15.6,37.7,44.7,0.13,13.68"
" 10:12:30,554.7,41,57,10.31,491,37.9,43.7,3.31,17.4,39.5,46.6,0.14,16.56,39,39.7,0.04,15.54,38.5,45.5,0.13,13.94"
" 10:13:00,554,41,57,10.3,491.1,37.9,43.2,3.03,17.4,39.2,45.9,0.14,16.5,38.8,40.1,0.07,15.6,37.9,45,0.13,13.67"
" 10:13:30,554.3,41,57,10.31,492.1,37.9,43.4,3.15,17.46,38.8,45.9,0.14,16.5,39.1,40.3,0.07,15.54,38.5,45.3,0.12,13.79"
" 10:14:00,554.7,41,57,10.31,490.4,38,43.6,3.19,17.4,39.7,46.6,0.14,16.56,38.8,40,0.07,15.54,37.8,44.8,0.13,13.84"
" 10:14:30,554,41,57,10.3,491.4,38,43.4,3.08,17.4,38.8,46.6,0.16,16.56,39.3,40,0.04,15.6,38.3,44.3,0.11,13.69"
" 10:15:00,554,42,57,9.66,492.1,37.4,42.8,3.09,17.46,39.1,47,0.16,16.5,39.2,39.9,0.04,15.6,38.8,45.1,0.11,13.06"
" 10:15:30,553.8,42,57,9.65,491.6,38.3,43,2.69,17.4,39.1,46.2,0.14,16.56,39.3,40.4,0.06,15.6,38.4,45.3,0.13,12.67"
" 10:16:00,555,41,57,10.32,492.4,38.3,42.4,2.35,17.46,38.9,46.5,0.15,16.5,39.5,40.2,0.04,15.6,38.1,45.2,0.13,12.99"
" 10:16:30,555.1,42,57,9.68,491.5,37.9,42.3,2.51,17.46,39.4,47.3,0.16,16.5,39.3,40.2,0.05,15.6,38.3,44.6,0.11,12.52"
" 10:17:00,554.5,42,57,9.67,491.7,38,42.1,2.34,17.4,40,47.2,0.15,16.5,39,40.4,0.08,15.6,38.9,44.7,0.11,12.34"
" 10:17:30,554.5,42,57,9.67,491.7,38.3,42.7,2.51,17.4,40.1,47,0.14,16.5,38.9,40.6,0.1,15.6,38.1,45.2,0.13,12.55"
" 10:18:00,554.8,41,57,10.32,492.1,38.1,43.5,3.09,17.46,39.5,46.6,0.14,16.56,39.4,40.7,0.08,15.54,38.9,44.7,0.1,13.73"
" 10:18:30,555,42,57,9.68,492.7,37.8,43.1,3.03,17.46,39,46.6,0.15,16.5,39.5,40.5,0.06,15.6,39.2,45.4,0.11,13.03"
" 10:19:00,555.3,42,58,10.33,492.4,38,43.1,2.92,17.4,39.3,46.5,0.15,16.56,39.5,40.8,0.08,15.6,39.2,45.2,0.11,13.57"
" 10:19:30,554.9,42,57,9.67,491.9,37.6,43.1,3.14,17.46,39.1,46.5,0.15,16.62,39.6,40.4,0.05,15.6,38.9,45.9,0.13,13.14"
" 10:20:00,555,41,57,10.32,491.2,38.2,43.5,3.03,17.46,40,47.5,0.15,16.5,39.1,40.5,0.08,15.6,39.1,45.1,0.11,13.69"
" 10:20:30,555.7,41,58,10.98,491.9,38.1,44,3.37,17.46,40,46.7,0.14,16.56,39.4,40.6,0.07,15.6,39.4,46,0.12,14.68"
" 10:21:00,555.1,41,58,10.97,491.2,37.9,44.4,3.71,17.4,39,46.8,0.16,16.56,39.7,40.3,0.03,15.6,39,46.1,0.13,15"
" 10:21:30,554.4,41,57,10.31,491.4,38.6,44.2,3.2,17.4,40.1,47,0.14,16.5,39.4,40.8,0.08,15.6,39.4,45.9,0.12,13.85"
" 10:22:00,555.1,42,57,9.68,491.1,38.8,44,2.97,17.46,39.2,47.4,0.17,16.5,39.4,40.2,0.05,15.6,39.5,45.5,0.11,12.97"
" 10:22:30,554.7,42,58,10.31,491.6,37.9,44.3,3.66,17.4,40,47,0.14,16.5,39.4,40.8,0.08,15.6,38.5,46.2,0.14,14.33"
" 10:23:00,554.5,42,57,9.67,492.4,38.1,44.1,3.43,17.4,39.2,47.5,0.17,16.56,39.2,40.3,0.06,15.6,38.5,45.7,0.13,13.46"
" 10:23:30,554.9,42,57,9.67,491.8,38.1,43.8,3.26,17.46,39.1,47.5,0.17,16.56,39.5,40.3,0.05,15.6,38.7,46.4,0.14,13.29"
" 10:24:00,554.7,41,57,10.31,492.1,38.3,43.7,3.09,17.46,40,47.1,0.14,16.5,39.6,40.8,0.07,15.54,38.7,46,0.13,13.75"
" 10:24:30,554.9,42,57,9.67,490.9,38.4,44.2,3.31,17.4,39.6,47.1,0.15,16.5,39.7,40.4,0.04,15.54,38.5,46,0.14,13.31"
" 10:25:00,556.4,42,57,9.7,490.9,38.1,45.3,4.11,17.46,39.6,47.1,0.15,16.56,39.1,40.4,0.08,15.6,38.6,45.6,0.13,14.16"
" 10:25:30,556,42,57,9.69,491.1,38.2,45.8,4.34,17.46,39.5,46.5,0.14,16.56,39.3,40.5,0.07,15.6,38.7,46.3,0.14,14.38"
" 10:26:00,555.8,42,57,9.69,491.4,38.2,45.1,3.94,17.4,39.6,46.5,0.14,16.5,39.8,40.5,0.04,15.54,39.3,46.1,0.12,13.93"
" 10:26:30,556.1,42,56,9.05,491.6,37.9,45.2,4.17,17.4,39.7,46.2,0.13,16.5,39.2,40.3,0.06,15.54,38.9,45.3,0.12,13.53"
" 10:27:00,556.2,42,55,8.4,490.9,38.2,44.3,3.48,17.4,39.6,46,0.13,16.56,39.8,40.5,0.04,15.6,39.2,45.9,0.12,12.18"
" 10:27:30,555.5,42,55,8.39,491.2,38.2,43.7,3.14,17.4,39.6,45.9,0.13,16.5,39.4,40.6,0.07,15.6,38.3,45.8,0.14,11.87"
" 10:28:00,555.1,42,55,8.39,491.2,38.1,44,3.37,17.4,39.7,45.9,0.13,16.56,39.5,40.7,0.07,15.6,38.7,46,0.13,12.08"
" 10:28:30,555,42,55,8.39,490.8,38.1,43.8,3.25,17.4,39.8,45.9,0.12,16.56,39.7,40.6,0.05,15.6,38.5,46.1,0.14,11.95"
" 10:29:00,555,42,55,8.39,491.3,38.3,43.7,3.08,17.4,39.9,45.7,0.12,16.56,39.3,40.4,0.06,15.6,39.1,45.6,0.12,11.77"
" 10:29:30,555,42,55,8.39,491.7,38.3,43.4,2.91,17.4,39.9,45.7,0.12,16.56,39.7,40.6,0.05,15.6,38.9,45.7,0.12,11.59"
" 10:30:00,555.4,42,55,8.39,491.5,38.1,43.8,3.26,17.4,39.7,45.3,0.11,16.5,39.3,40.5,0.07,15.6,38.6,45.5,0.13,11.95"
" 10:30:30,555.9,42,55,8.4,491,38.1,44.1,3.42,17.34,39.7,45.6,0.12,16.5,39.3,40.6,0.07,15.6,38.6,45.2,0.12,12.14"
" 10:31:00,555.5,42,54,7.75,490.9,38.2,43.8,3.19,17.4,39.7,45.8,0.12,16.5,39.6,40.8,0.07,15.6,38.6,44.6,0.11,11.24"
" 10:31:30,555,42,54,7.74,490.9,38.3,43.3,2.85,17.4,39.8,46,0.13,16.56,39.4,40.4,0.06,15.6,38.6,44.5,0.11,10.88"
" 10:32:00,555.2,42,53,7.1,491.2,38.3,43.1,2.74,17.4,39.8,46.1,0.13,16.56,39.8,40.4,0.03,15.66,38.7,44.4,0.1,10.1"
" 10:32:30,555.5,42,52,6.46,491.6,38.6,43.2,2.63,17.4,39.8,46.1,0.13,16.56,39.6,40.5,0.05,15.6,38.6,44.4,0.11,9.37"
" 10:33:00,555.1,42,52,6.45,491.6,38.1,42.9,2.74,17.4,39.7,46,0.13,16.62,39.4,40.4,0.06,15.6,38.7,44.3,0.1,9.48"
" 10:33:30,555.4,42,51,5.81,491.7,38.2,42.5,2.46,17.4,39.7,46.5,0.14,16.56,39.7,40.4,0.04,15.66,38.7,44.1,0.1,8.54"
" 10:34:00,555,42,51,5.81,492,38.6,42.2,2.06,17.4,39.4,45.5,0.12,16.5,39.4,40.2,0.05,15.6,38.6,44.1,0.1,8.13"
" 10:34:30,555.5,41,51,6.46,492.1,38.3,41.8,2,17.46,40,46.1,0.12,16.56,39.4,40.6,0.07,15.6,38.8,43.9,0.09,8.74"
" 10:35:00,555.6,42,52,6.46,491.8,38.1,41.1,1.71,17.46,39.3,46.1,0.14,16.56,39.1,40.7,0.09,15.6,38.7,44,0.1,8.5"
" 10:35:30,555,42,52,6.45,493.2,38.2,41,1.6,17.46,39.8,46.1,0.13,16.56,39.5,40.3,0.05,15.6,38.9,44.4,0.1,8.33"
" 10:36:00,555.4,41,53,7.75,492.4,38.1,42,2.23,17.46,39.2,46.7,0.15,16.62,39,40.6,0.09,15.66,38.8,44.1,0.1,10.32"
" 10:36:30,555.4,42,54,7.75,492.3,38.7,41.9,1.83,17.46,39.8,46.5,0.14,16.56,39.4,40.8,0.08,15.6,38.9,44.5,0.1,9.9"
" 10:37:00,555.8,42,54,7.75,492.3,38.4,41.6,1.83,17.52,39,46.3,0.15,16.62,39,40.7,0.1,15.54,39.3,43.6,0.08,9.91"
" 10:37:30,555.8,42,55,8.4,492.1,38.2,42.4,2.4,17.4,38.8,46.5,0.16,16.56,38.9,41,0.12,15.6,39.3,44.2,0.09,11.17"
" 10:38:00,554.5,42,55,8.38,491.6,38,42.4,2.51,17.46,38.6,45.9,0.15,16.56,39,40.7,0.1,15.6,39.1,44.3,0.09,11.23"
" 10:38:30,554.4,41,55,9.02,492.1,38.1,43.3,2.97,17.4,38.6,45.8,0.15,16.5,39,40.8,0.1,15.66,38.5,44.4,0.11,12.35"
" 10:39:00,554.2,41,55,9.02,491.1,37.9,43.9,3.42,17.46,40,46.1,0.12,16.5,39.5,40.6,0.06,15.66,38.6,44.6,0.11,12.74"
" 10:39:30,554.8,42,55,8.38,491.8,37.7,44.4,3.83,17.46,39.2,46,0.14,16.5,39.3,40.5,0.07,15.6,39,44.7,0.1,12.52"
" 10:40:00,555,42,55,8.39,490.8,37.4,44.7,4.16,17.4,39.2,45.7,0.13,16.56,39.3,40.2,0.05,15.6,39,44.7,0.1,12.84"
" 10:40:30,555.5,42,55,8.39,491.1,37.6,44.4,3.88,17.4,39.3,45.9,0.13,16.56,39.2,40.1,0.05,15.66,38.5,44.7,0.11,12.57"
" 10:41:00,554,41,54,8.37,491.5,37.6,43.8,3.54,17.4,39.2,45.9,0.14,16.56,38.8,40.2,0.08,15.6,38.6,44.2,0.1,12.23"
" 10:41:30,555,42,53,7.1,491.4,37.5,43.1,3.2,17.4,39.2,45.9,0.14,16.5,39.1,40,0.05,15.54,39.5,44.8,0.1,10.58"
" 10:42:00,553.1,41,52,7.07,492.4,37.6,42.2,2.63,17.4,39.1,45.6,0.13,16.56,38.9,40.2,0.08,15.6,39,44.8,0.11,10.02"
" 10:42:30,555,42,52,6.45,491.7,37.5,41.9,2.51,17.46,39.5,45.8,0.13,16.5,39.3,39.9,0.03,15.66,38.6,44.1,0.1,9.23"
" 10:43:00,554.4,42,52,6.44,492.1,37.3,42.3,2.86,17.4,38.8,45.7,0.14,16.56,38.9,40.1,0.07,15.6,39,45,0.11,9.62"
" 10:43:30,555,41,53,7.74,492.3,37.7,41.6,2.23,17.46,38.6,45.6,0.14,16.56,38.6,40.2,0.09,15.6,38.9,44.3,0.1,10.3"
" 10:44:00,554.5,41,53,7.73,492,37.6,42,2.52,17.46,38.8,45,0.13,16.56,38.7,39.9,0.07,15.6,39,44.4,0.1,10.54"
" 10:44:30,554.1,42,53,7.08,492.5,37.6,41.5,2.23,17.46,38.5,45.5,0.14,16.56,38.8,40.3,0.09,15.6,38.9,45,0.11,9.66"
" 10:45:00,555.5,41,53,7.75,491.3,37.7,42.3,2.63,17.46,38.8,45.3,0.13,16.56,38.7,40.3,0.09,15.66,38.8,45,0.11,10.71"
" 10:45:30,554.7,42,54,7.74,492.2,38,42.9,2.8,17.46,38.7,46.2,0.15,16.56,39.1,40.7,0.09,15.6,39.4,44,0.08,10.87"
" 10:46:00,554.7,41,55,9.03,492.2,37.5,43.9,3.66,17.4,38.9,45.3,0.13,16.62,38.8,40.5,0.1,15.6,38.3,43.9,0.1,13.02"
" 10:46:30,554.8,42,55,8.38,491.9,37.7,45.4,4.4,17.4,39.5,45.5,0.12,16.5,39,40.5,0.09,15.6,38.2,43.8,0.1,13.09"
" 10:47:00,555.3,41,55,9.04,491.9,37.8,45.5,4.4,17.4,39.7,45.4,0.12,16.5,39.1,40.3,0.07,15.6,38.6,44.4,0.11,13.73"
" 10:47:30,554.6,41,55,9.02,492.5,37.9,44.9,4.01,17.4,38.8,45.7,0.14,16.56,39.2,40.5,0.08,15.6,39.1,44.4,0.1,13.34"
" 10:48:00,554.7,42,55,8.38,491.7,38,44.4,3.66,17.4,39.1,46.2,0.14,16.56,39.5,40.5,0.06,15.6,39.1,44.3,0.09,12.33"
" 10:48:30,554.5,41,55,9.02,490.3,38.1,44.6,3.7,17.46,38.8,45.4,0.13,16.5,38.8,40.7,0.11,15.6,39.2,44,0.09,13.06"
" 10:49:00,554.5,41,55,9.02,491.1,38.1,44.9,3.88,17.46,38.9,46.1,0.15,16.56,39.3,40.6,0.08,15.6,38,44.5,0.12,13.24"
" 10:49:30,554.2,41,55,9.02,491,38.1,45.4,4.17,17.46,39.1,45.7,0.13,16.5,39.2,40.6,0.08,15.6,38.6,44,0.1,13.5"
" 10:50:00,554.8,42,55,8.38,491.2,37.8,44.9,4.05,17.4,39.1,45.6,0.13,16.56,39,40.6,0.09,15.6,39.2,44.5,0.1,12.76"
" 10:50:30,554.5,41,55,9.02,491.3,38,45.6,4.34,17.46,38.8,46,0.15,16.5,39.3,40.7,0.08,15.6,38,44.5,0.12,13.71"
" 10:51:00,554.5,41,55,9.02,490.7,37.9,45.5,4.33,17.46,38.8,45.8,0.14,16.5,39.1,40.5,0.08,15.6,38.9,44.9,0.11,13.69"
" 10:51:30,555,42,55,8.39,491.4,37.8,44.9,4.05,17.4,39.4,45.8,0.13,16.56,38.9,40.4,0.09,15.6,39.2,44.8,0.1,12.76"
" 10:52:00,554.2,41,55,9.02,492,37.8,45.9,4.63,17.4,39.2,46.8,0.15,16.5,39.5,40.2,0.04,15.6,38.6,45.2,0.12,13.96"
" 10:52:30,554.5,42,56,9.02,492.2,37.8,46.2,4.81,17.34,38.9,46.4,0.15,16.5,39.5,40.3,0.05,15.6,38.5,44.2,0.1,14.13"
" 10:53:00,553.8,42,56,9.01,491.8,37.8,46.1,4.74,17.4,39,46.6,0.15,16.5,39.5,40.2,0.04,15.54,38.1,45,0.12,14.07"
" 10:53:30,554.2,41,56,9.66,491.9,38,46.4,4.8,17.4,38.9,46.5,0.15,16.5,39.5,40.2,0.04,15.54,39.2,45,0.1,14.76"
" 10:54:00,554.7,41,56,9.67,491.7,37.8,45.8,4.57,17.4,39.6,45.8,0.13,16.5,39,40.4,0.08,15.6,39.2,44.5,0.1,14.54"
" 10:54:30,554.6,41,56,9.67,490.1,38,45.9,4.5,17.46,39,46,0.14,16.5,39.3,40.7,0.08,15.6,38.2,44.6,0.12,14.51"
" 10:55:00,553.8,42,56,9.01,491.8,38,45.9,4.52,17.4,40,46.8,0.14,16.5,39.3,40.3,0.06,15.6,38.3,44.4,0.11,13.83"
" 10:55:30,554,41,56,9.66,491.1,38.1,46.2,4.62,17.4,39.7,47,0.15,16.5,39.3,40.1,0.05,15.66,38.2,44.9,0.12,14.6"
" 10:56:00,554.7,41,56,9.67,490.5,38.3,45.5,4.1,17.4,39,46.8,0.16,16.5,39.6,40.2,0.03,15.6,39.2,45.3,0.11,14.08"
" 10:56:30,554.6,41,56,9.67,491.3,38,45.3,4.17,17.4,39.9,46.2,0.13,16.5,39.2,40.6,0.08,15.6,39.4,44.7,0.1,14.14"
" 10:57:00,553.9,42,56,9.01,490.9,38.2,45,3.88,17.46,39.7,46.2,0.13,16.5,39.3,40.7,0.08,15.6,39.3,45.2,0.11,13.21"
" 10:57:30,554.3,42,56,9.02,491.2,38.3,44.6,3.6,17.4,40.2,46.2,0.12,16.5,39.1,40.6,0.09,15.66,38.3,45.3,0.13,12.95"
" 10:58:00,553.8,42,56,9.01,491.7,38.3,44.7,3.66,17.46,39,46.6,0.15,16.56,39.7,40.3,0.03,15.6,38.2,45.3,0.13,12.99"
" 10:58:30,554.2,42,56,9.02,491.5,38.2,44,3.31,17.4,39.5,46.2,0.14,16.5,39.5,40.8,0.07,15.6,38.8,45.8,0.13,12.67"
" 10:59:00,553.8,42,56,9.01,490.6,38.1,44,3.36,17.4,40.1,46.4,0.13,16.5,39.3,40.9,0.09,15.6,39.4,45.8,0.12,12.71"
" 10:59:30,554.4,42,57,9.67,489.7,38.3,43.1,2.73,17.4,40.3,46.8,0.13,16.5,39.3,40.6,0.07,15.6,38.8,45.2,0.12,12.72"
" 11:00:00,554.2,42,57,9.66,490,38.5,43,2.56,17.4,39.6,46.3,0.14,16.56,39.9,40.9,0.06,15.6,38.4,45.4,0.13,12.54"
" 11:00:30,554.7,41,57,10.31,491.8,38.4,43.1,2.69,17.4,39.7,46.6,0.14,16.5,39.7,41.1,0.08,15.6,39.4,45.8,0.12,13.34"
" 11:01:00,554.8,42,57,9.67,492.3,38.5,42.6,2.35,17.46,39.5,46.7,0.15,16.5,40.1,41,0.05,15.6,38.9,45,0.11,12.33"
" 11:01:30,554.7,42,57,9.67,491.9,38.5,43.5,2.86,17.4,39.5,47.4,0.16,16.5,39.7,40.5,0.05,15.54,38.7,46.1,0.13,12.87"
" 11:02:00,554.8,41,57,10.32,491.1,38.7,43.6,2.8,17.4,40.4,46.8,0.13,16.5,39.7,41,0.07,15.54,39.5,45.5,0.11,13.43"
" 11:02:30,554.7,42,58,10.31,490.8,38.3,44.5,3.54,17.4,39.4,47.4,0.16,16.56,39.9,40.6,0.04,15.54,39.6,45.8,0.11,14.17"
" 11:03:00,554.5,42,58,10.31,491.6,38.6,45.2,3.77,17.4,39.6,46.8,0.15,16.5,40.1,40.8,0.04,15.6,38.8,46.4,0.14,14.41"
" 11:03:30,554.5,42,58,10.31,492,38.5,44.5,3.43,17.4,40.5,47.2,0.14,16.5,39.9,40.9,0.06,15.54,39.7,46.1,0.12,14.05"
" 11:04:00,554.4,42,58,10.31,490.8,38.6,44.9,3.59,17.4,40.4,47.7,0.15,16.5,39.7,40.9,0.07,15.54,38.6,46.8,0.15,14.27"
" 11:04:30,554.4,42,58,10.31,490.1,38.4,45,3.76,17.4,40.6,47.2,0.13,16.56,39.8,41.1,0.08,15.6,38.5,46.5,0.15,14.42"
" 11:05:00,554.2,42,58,10.31,490.5,38.5,45.2,3.82,17.4,40.4,47.8,0.15,16.5,39.6,41.1,0.09,15.54,38.7,46.6,0.14,14.5"
" 11:05:30,554.4,42,58,10.31,490.8,38.4,45,3.76,17.4,40.5,47.7,0.15,16.5,39.7,41,0.07,15.54,39.1,46.7,0.14,14.43"
" 11:06:00,554.2,43,58,9.66,491.5,38.7,45.3,3.77,17.4,39.6,47.7,0.16,16.5,40,40.8,0.05,15.6,38.7,46.7,0.15,13.79"
" 11:06:30,554.5,42,59,10.96,491.8,38.7,44.5,3.32,17.4,39.9,48.2,0.17,16.5,39.8,40.8,0.06,15.54,38.7,46.2,0.14,14.63"
" 11:07:00,554.5,43,59,10.31,491.1,38.6,45,3.65,17.4,40.7,48,0.15,16.56,40.1,41.3,0.07,15.54,39.2,45.9,0.12,14.3"
" 11:07:30,555,42,59,10.97,490.5,38.8,45.4,3.76,17.46,40.7,48,0.15,16.5,40,41.5,0.09,15.6,39.8,46.5,0.12,15.08"
" 11:08:00,554.9,42,59,10.96,491,38.8,45.3,3.71,17.4,39.8,47.9,0.16,16.5,40.1,41.1,0.06,15.6,39.7,46.4,0.12,15.02"
" 11:08:30,554.7,42,59,10.96,491.6,38.8,46.1,4.17,17.4,40.5,48.5,0.16,16.5,39.9,41.4,0.09,15.6,38.5,46.1,0.14,15.52"
" 11:09:00,554.6,43,59,10.31,492.3,38.8,46,4.12,17.46,40.3,48.6,0.17,16.5,39.9,41.4,0.09,15.6,38.9,45.9,0.13,14.81"
" 11:09:30,554.8,43,59,10.32,490.7,38.9,45.9,3.99,17.46,40.9,48.5,0.15,16.56,40.2,41.6,0.08,15.6,39.7,45.8,0.11,14.65"
" 11:10:00,554.2,42,59,10.95,491.2,39.1,46,3.94,17.4,40.1,47.9,0.16,16.5,40.5,41.2,0.04,15.6,39.3,46.4,0.13,15.22"
" 11:10:30,553.5,42,59,10.94,490.9,39,45.4,3.65,17.4,40.1,48.1,0.16,16.5,40.3,41.1,0.05,15.6,38.6,45.8,0.13,14.93"
" 11:11:00,554.7,43,59,10.31,490.7,39.1,46.4,4.16,17.4,40.6,48.9,0.17,16.5,40.1,41.2,0.06,15.6,39.7,45.8,0.11,14.82"
" 11:11:30,553.4,42,59,10.93,490.8,39,46.1,4.05,17.46,41,48.5,0.15,16.5,40.3,41.6,0.07,15.6,39,46.4,0.13,15.35"
" 11:12:00,554,43,59,10.3,490.8,39,45.6,3.76,17.4,40.9,48.3,0.15,16.56,40.6,41.4,0.05,15.66,39.6,45.9,0.11,14.38"
" 11:12:30,554.2,43,59,10.31,491.5,39,44.5,3.14,17.4,40.2,48.3,0.16,16.5,40.4,41.1,0.04,15.54,38.7,45.9,0.13,13.78"
" 11:13:00,554.4,43,59,10.31,491.4,39,44.7,3.26,17.4,40.3,48.8,0.17,16.5,40,41.4,0.08,15.6,39,46.3,0.13,13.95"
" 11:13:30,555.3,43,59,10.33,490.9,39.2,44.7,3.14,17.4,40.5,48.5,0.16,16.5,40.1,41.3,0.07,15.6,39,46.2,0.13,13.83"
" 11:14:00,555.3,43,59,10.33,490.4,39.1,45.2,3.48,17.34,40.4,48,0.15,16.5,40.7,41.4,0.04,15.6,38.5,45.7,0.13,14.13"
" 11:14:30,555.3,43,58,9.68,490.9,39,46.2,4.11,17.4,40.5,47.6,0.14,16.56,40.3,41.2,0.05,15.54,39.4,45.2,0.1,14.09"
" 11:15:00,555.3,43,58,9.68,491.6,39.1,46.7,4.34,17.4,40.4,47.5,0.14,16.5,40.5,41.4,0.05,15.6,38.8,45.7,0.13,14.34"
" 11:15:30,554.9,43,58,9.67,490.9,38.9,46,4.05,17.4,40.2,47.3,0.14,16.56,40.1,41.4,0.08,15.6,39,45.5,0.12,14.06"
" 11:16:00,554.8,43,57,9.03,490.9,38.9,46,4.05,17.4,40.3,47,0.14,16.5,40,41.3,0.07,15.6,39,45.4,0.12,13.4"
" 11:16:30,555.5,43,57,9.04,490.7,38.8,45.3,3.71,17.46,40.3,47.1,0.14,16.56,40.1,41.5,0.08,15.6,39,45,0.11,13.07"
" 11:17:00,554.4,43,57,9.02,490.4,39,44.7,3.25,17.4,40.4,46.9,0.13,16.5,40.1,41.4,0.07,15.6,39.1,44.9,0.11,12.58"
" 11:17:30,555.1,43,56,8.39,490.7,38.8,44.7,3.36,17.4,40.3,46.8,0.13,16.56,40.4,41.5,0.06,15.6,39,44.8,0.11,12.05"
" 11:18:00,554.9,42,56,9.03,490.5,38.9,44.8,3.36,17.34,40.4,46.7,0.13,16.5,40.4,41.4,0.06,15.6,39,44.8,0.11,12.68"
" 11:18:30,555,42,56,9.03,491,38.9,44.2,3.02,17.4,40.2,46.7,0.13,16.56,40.1,41,0.05,15.6,39.1,44.5,0.1,12.34"
" 11:19:00,555.4,42,55,8.39,491,39.1,44.1,2.85,17.4,40.4,46.5,0.12,16.56,40.3,41.4,0.06,15.6,39,44.4,0.1,11.53"
" 11:19:30,555.5,42,55,8.39,492.1,39.1,43.9,2.75,17.4,40.3,46.4,0.12,16.56,40.2,41.3,0.06,15.54,39.3,44.3,0.09,11.42"
" 11:20:00,555.4,42,55,8.39,492.3,38.7,44.2,3.15,17.4,40.2,46.5,0.13,16.56,40.2,41,0.05,15.54,39.2,44.5,0.1,11.81"
" 11:20:30,555.2,42,54,7.74,491.5,38.9,43.1,2.4,17.4,40.4,46.7,0.13,16.56,39.8,41,0.07,15.6,39.4,45.7,0.11,10.45"
" 11:21:00,554.7,42,54,7.74,490.8,39,43.5,2.57,17.4,40.2,47,0.14,16.56,40.2,41.3,0.06,15.6,38.9,46.3,0.13,10.64"
" 11:21:30,555.5,42,53,7.1,491.7,38.8,43,2.4,17.4,40.1,47.1,0.14,16.5,39.8,41.1,0.07,15.6,39.7,45.5,0.11,9.82"
" 11:22:00,554.7,42,53,7.09,492.2,38.9,42.8,2.23,17.46,40.1,46.9,0.14,16.5,40,41.1,0.06,15.6,39.4,45.4,0.11,9.63"
" 11:22:30,554.6,42,53,7.09,493.3,38.7,42.3,2.06,17.52,39.5,46.8,0.15,16.56,39.8,41.1,0.08,15.54,39.8,45.9,0.11,9.49"
" 11:23:00,554.7,42,53,7.09,492,38.8,42,1.83,17.46,40.1,47.3,0.15,16.56,40.1,41.3,0.07,15.66,38.9,45.9,0.13,9.26"
" 11:23:30,555.3,42,53,7.1,493.9,38.7,42.5,2.18,17.4,40.3,47.4,0.14,16.5,40.2,41.3,0.06,15.66,38.7,45.7,0.13,9.61"
" 11:24:00,555.7,42,54,7.75,491.4,38.9,43.4,2.57,17.46,40.4,47.1,0.14,16.56,40.2,41.1,0.05,15.6,39.2,45.4,0.11,10.62"
" 11:24:30,555.6,42,54,7.75,492.1,38.9,43.5,2.63,17.4,40.3,46.7,0.13,16.5,40,40.9,0.05,15.6,39.6,45.6,0.11,10.67"
" 11:25:00,555.7,43,55,7.75,492.3,38.8,44.1,3.03,17.46,39.7,46.8,0.14,16.5,39.7,41.1,0.08,15.6,40,45.7,0.1,11.11"
" 11:25:30,555.6,42,56,9.04,491.6,38.7,45,3.6,17.46,39.5,46.8,0.15,16.56,39.8,41.1,0.08,15.6,38.9,45.8,0.13,12.99"
" 11:26:00,555.1,43,56,8.39,491.7,38.5,46.1,4.34,17.46,40.1,47.6,0.15,16.5,39.9,41.3,0.08,15.6,39.3,45.6,0.11,13.08"
" 11:26:30,555.9,42,56,9.05,492.4,38.6,47.2,4.92,17.4,40.4,46.7,0.13,16.56,40,41,0.06,15.66,39.3,45.4,0.11,14.26"
" 11:27:00,555.6,42,56,9.04,491.8,38.6,46.9,4.74,17.4,40.1,47,0.14,16.56,39.7,41.2,0.09,15.6,39.4,45.3,0.11,14.12"
" 11:27:30,556.3,42,56,9.05,492.4,38.5,46.3,4.46,17.4,40,46.5,0.13,16.56,39.9,41.1,0.07,15.6,39.3,45.1,0.11,13.82"
" 11:28:00,555.9,42,56,9.05,491.5,38.4,46.2,4.46,17.34,39.9,46.7,0.14,16.56,39.7,40.8,0.06,15.6,39.1,44.8,0.1,13.8"
" 11:28:30,555.8,42,55,8.4,492.4,38.6,45.7,4.06,17.4,39.9,46.7,0.14,16.56,40,40.8,0.05,15.6,39.2,44.6,0.1,12.74"
" 11:29:00,555.8,42,54,7.75,493.3,38.3,44.7,3.67,17.46,40.3,46.2,0.12,16.56,39.7,40.5,0.05,15.6,39.1,44.4,0.1,11.68"
" 11:29:30,556.8,42,53,7.12,491.8,38.5,43.8,3.03,17.46,40.3,46.2,0.12,16.56,39.7,40.5,0.05,15.6,39,44.3,0.1,10.41"
" 11:30:00,556.7,43,53,6.47,493,38.5,43.3,2.75,17.46,39.4,46,0.13,16.5,39.7,40.8,0.06,15.6,38.9,44,0.09,9.51"
" 11:30:30,555.8,43,53,6.46,493.3,38.5,41.9,1.95,17.46,40.4,46.6,0.13,16.5,39.6,40.6,0.06,15.6,38.9,43.7,0.09,8.68"
" 11:31:00,556,43,53,6.46,493.4,38.5,42.4,2.24,17.46,39.3,46.6,0.15,16.56,39.6,41.1,0.09,15.66,38.9,43.7,0.09,9.02"
" 11:31:30,556,43,53,6.46,492.7,38.4,41.9,2,17.46,40,46.1,0.12,16.62,39.7,40.9,0.07,15.66,38.8,43.5,0.09,8.75"
" 11:32:00,556.2,42,54,7.76,494.2,38.4,42.4,2.3,17.46,40,46.7,0.14,16.56,40,40.9,0.05,15.6,38.8,43.6,0.09,10.33"
" 11:32:30,555.9,42,54,7.75,493.5,38.4,42.3,2.24,17.46,39.9,46.5,0.13,16.56,39.8,40.9,0.06,15.66,38.9,43.7,0.09,10.27"
" 11:33:00,554.5,42,54,7.73,493,38.4,42.9,2.58,17.46,40.2,46.8,0.13,16.56,40,40.8,0.05,15.6,38.9,43.7,0.09,10.58"
" 11:33:30,555.1,43,55,7.74,492.4,38.4,42.7,2.46,17.46,39.4,46.7,0.15,16.56,39.7,40.9,0.07,15.6,38.9,43.6,0.09,10.51"
" 11:34:00,554.9,42,56,9.03,492.7,38.5,44,3.15,17.46,39.3,46.8,0.15,16.56,39.8,40.8,0.06,15.6,39.1,43.7,0.08,12.47"
" 11:34:30,555.4,42,56,9.04,491.5,38.4,45.1,3.83,17.46,39.7,47.1,0.15,16.56,40,40.8,0.05,15.6,39,43.7,0.09,13.15"
" 11:35:00,555.1,42,56,9.03,493.1,38.2,44.7,3.73,17.46,39.5,46.9,0.15,16.56,39.9,40.6,0.04,15.6,39.1,43.7,0.08,13.03"
" 11:35:30,554.9,42,56,9.03,491.6,38.5,44.9,3.66,17.52,39.4,46.8,0.15,16.5,39.9,40.8,0.05,15.6,39.1,43.6,0.08,12.97"
" 11:36:00,554.7,42,56,9.03,492.2,38.3,45.2,3.95,17.46,39.3,46.3,0.14,16.56,39.6,41,0.08,15.6,39.2,43.6,0.08,13.28"
" 11:36:30,555.2,42,56,9.03,491.8,38.6,45.6,4,17.46,39.6,46.2,0.13,16.56,39.6,40.9,0.08,15.6,39.2,43.4,0.08,13.32"
" 11:37:00,554.5,42,56,9.02,491.1,38.4,45.2,3.88,17.4,39.4,46.8,0.15,16.56,39.9,41,0.06,15.6,39.3,43.5,0.08,13.19"
" 11:37:30,554.4,42,57,9.67,491.6,38.4,45.4,4,17.4,40.5,46.5,0.12,16.5,39.6,40.8,0.07,15.6,39.3,43.8,0.08,13.94"
" 11:38:00,554.7,42,57,9.67,491.6,38.5,46.4,4.51,17.4,39.3,46.9,0.15,16.56,40,40.9,0.05,15.6,39.3,44.4,0.09,14.48"
" 11:38:30,554.7,42,57,9.67,491.6,38.8,47.3,4.86,17.46,39.5,47.4,0.16,16.5,40,40.7,0.04,15.6,39.3,44.3,0.09,14.82"
" 11:39:00,554.5,42,57,9.67,491.6,38.7,47.9,5.26,17.46,40.5,46.9,0.13,16.5,39.5,40.8,0.07,15.6,39.5,43.9,0.08,15.21"
" 11:39:30,554.8,42,57,9.67,492.1,38.5,47.8,5.32,17.46,39.9,46.6,0.14,16.56,39.7,41.1,0.08,15.6,39,44.1,0.09,15.3"
" 11:40:00,553.9,42,58,10.3,491.3,38.7,47.8,5.2,17.4,40.2,47.1,0.14,16.5,39.5,40.9,0.08,15.66,38.8,43.5,0.09,15.8"
" 11:40:30,553.5,42,57,9.65,492.1,38.4,47.6,5.26,17.4,39.5,47.5,0.16,16.5,40.1,40.9,0.05,15.6,39.8,44.2,0.08,15.2"
" 11:41:00,554.2,42,57,9.66,491.3,38.5,47.8,5.31,17.4,39.7,47.5,0.16,16.5,40.2,40.7,0.03,15.6,38.7,44,0.1,15.25"
" 11:41:30,553.5,43,57,9.01,490.6,38.9,46.8,4.5,17.4,40.5,46.8,0.13,16.56,39.5,40.9,0.08,15.6,39.2,43.3,0.07,13.79"
" 11:42:00,554.4,42,58,10.31,491.4,38.7,46.4,4.4,17.4,39.5,47.2,0.16,16.56,40.2,41,0.05,15.6,38.6,44,0.1,15.01"
" 11:42:30,554.8,43,58,9.67,491.9,38.8,46.6,4.46,17.4,39.6,47,0.15,16.5,40.1,41.1,0.06,15.6,39.3,44.6,0.1,14.43"
" 11:43:00,554.4,42,58,10.31,492,38.8,45.9,4.06,17.4,40.5,47,0.13,16.5,39.6,41.3,0.1,15.6,39.3,44.4,0.09,14.69"
" 11:43:30,554,42,58,10.3,492.3,38.9,46.9,4.58,17.46,39.6,47.5,0.16,16.5,40.3,41,0.04,15.6,39.2,43.8,0.08,15.16"
" 11:44:00,554.7,42,58,10.31,492.4,39,46.5,4.29,17.46,40.8,47.1,0.13,16.5,40,41.4,0.08,15.6,39.3,44,0.09,14.9"
" 11:44:30,554.4,42,58,10.31,491.9,39.2,46.1,3.94,17.4,39.6,47.1,0.15,16.56,40.2,41.4,0.07,15.6,39.1,44.7,0.1,14.58"
" 11:45:00,554.8,43,58,9.67,492,39,45.5,3.72,17.4,39.9,47,0.14,16.56,40,41.3,0.08,15.66,38.9,44.4,0.1,13.71"
" 11:45:30,555.3,42,58,10.33,492,38.6,46.1,4.29,17.46,40.3,48.1,0.16,16.56,39.9,41,0.06,15.6,39.3,43.8,0.08,14.92"
" 11:46:00,554.6,43,58,9.67,492.1,38.4,46.1,4.4,17.4,40,47.1,0.14,16.5,40.4,41.5,0.06,15.66,38.6,43.8,0.09,14.37"
" 11:46:30,554.8,43,58,9.67,491.3,38.9,45.3,3.65,17.46,40.7,47.9,0.15,16.5,39.8,41.2,0.08,15.6,38.8,44.3,0.1,13.65"
" 11:47:00,555.1,42,59,10.97,491.5,38.8,44.7,3.37,17.46,40.8,47.4,0.13,16.5,40.2,41.7,0.09,15.6,39.6,44.5,0.09,14.65"
" 11:47:30,554.8,42,59,10.96,491.1,38.7,44.6,3.37,17.4,40,48.4,0.17,16.56,40.2,41.4,0.07,15.66,39.7,44.4,0.09,14.65"
" 11:48:00,554.6,43,59,10.31,491.7,39,44.6,3.2,17.4,40,48.6,0.17,16.5,40.1,41.4,0.07,15.6,39,44.5,0.1,13.86"
" 11:48:30,554.7,43,59,10.31,491.6,38.7,45.9,4.11,17.4,40.7,47.5,0.14,16.5,40.2,41.9,0.1,15.6,39.7,44.8,0.09,14.76"
" 11:49:00,554.5,42,59,10.96,490.7,39,46,3.99,17.46,41.1,48.1,0.14,16.56,39.9,41.7,0.1,15.6,39.7,44.3,0.08,15.28"
" 11:49:30,555,43,59,10.32,491.8,39.1,45.6,3.72,17.4,39.9,48.3,0.17,16.56,40.6,41.3,0.04,15.6,39.6,44.6,0.09,14.34"
" 11:50:00,555,43,59,10.32,491.4,39.2,45.1,3.37,17.4,40.7,47.5,0.14,16.56,40.6,41.8,0.07,15.6,39.4,45.4,0.11,14.01"
" 11:50:30,555.1,42,59,10.97,491.4,39,44.6,3.2,17.4,40.2,48.4,0.17,16.56,40.4,41.4,0.06,15.6,39.6,45.1,0.1,14.49"
" 11:51:00,554.7,42,59,10.96,492.7,39.1,44.6,3.15,17.4,41.2,48.3,0.14,16.56,40.4,42,0.09,15.6,39.6,44.6,0.09,14.44"
" 11:51:30,554.8,42,59,10.96,491.6,39.5,44,2.57,17.4,40,48.3,0.17,16.56,40.8,41.5,0.04,15.6,39.8,45,0.09,13.84"
" 11:52:00,554.8,43,59,10.32,491.1,39.7,45,3.03,17.46,41.2,48.8,0.15,16.56,40.5,41.9,0.08,15.6,39.3,45.5,0.11,13.69"
" 11:52:30,554.5,43,59,10.31,491.7,39.3,45.1,3.31,17.4,40.6,47.9,0.15,16.56,41,41.9,0.05,15.6,38.9,45.7,0.12,13.95"
" 11:53:00,555.2,42,59,10.97,492,39.5,46,3.72,17.46,40.5,47.9,0.15,16.5,41.1,41.7,0.03,15.6,39.1,44.8,0.1,14.97"
" 11:53:30,554.9,43,59,10.32,491.6,39.6,46,3.66,17.46,40.5,48,0.15,16.5,40.9,41.7,0.05,15.6,38.7,45.3,0.12,14.29"
" 11:54:00,554.9,43,59,10.32,491.6,39.5,46,3.71,17.46,41.4,48.2,0.14,16.5,40.9,42.2,0.07,15.66,38.8,46.1,0.13,14.38"
" 11:54:30,554.5,42,59,10.96,491.7,39.7,46.4,3.83,17.4,40.4,48.1,0.16,16.5,40.9,41.9,0.06,15.6,38.8,45.5,0.12,15.12"
" 11:55:00,555.1,43,59,10.32,491.7,39.9,46.8,3.94,17.4,41,48.9,0.16,16.5,40.6,42,0.08,15.6,39.5,46.2,0.12,14.63"
" 11:55:30,554.4,43,59,10.31,490.7,39.5,46.7,4.11,17.46,40.5,48.6,0.16,16.5,40.7,41.9,0.07,15.6,39.8,45.7,0.11,14.76"
" 11:56:00,554.4,43,59,10.31,491.2,39.8,46.8,4,17.4,41.3,48.2,0.14,16.5,41,42.3,0.07,15.6,39.4,45.7,0.11,14.63"
" 11:56:30,554.6,43,59,10.31,491,40,46.8,3.88,17.46,40.9,49,0.16,16.5,40.6,42.2,0.09,15.6,39.6,46.1,0.12,14.57"
" 11:57:00,554.7,43,59,10.31,491.1,39.8,45.9,3.48,17.4,41.4,49.2,0.16,16.56,40.8,42.2,0.08,15.6,38.6,45.5,0.13,14.16"
" 11:57:30,554.6,43,59,10.31,491,39.7,45.4,3.25,17.46,40.4,48.7,0.17,16.5,40.6,41.9,0.07,15.6,38.7,46.3,0.14,13.95"
" 11:58:00,554.4,43,59,10.31,491.9,39.3,46.1,3.89,17.4,40.7,48.2,0.15,16.5,41.1,41.9,0.05,15.6,38.7,46.2,0.14,14.53"
" 11:58:30,554.9,43,59,10.32,491.7,39.5,45.7,3.54,17.4,40.9,48.6,0.16,16.5,41.1,42,0.05,15.6,38.7,46.1,0.13,14.2"
" 11:59:00,556.4,43,59,10.35,493.1,39.5,46.6,4.07,17.4,41,47.9,0.14,16.56,41.1,42,0.05,15.6,38.4,45.8,0.13,14.74"
" 11:59:30,555.5,43,58,9.68,491,39.6,47.2,4.34,17.46,41,47.6,0.13,16.56,40.7,42,0.08,15.6,39.4,46,0.12,14.35"
" 12:00:00,555.4,43,58,9.68,491.4,39.4,46.9,4.28,17.4,40.8,47.4,0.13,16.5,40.6,41.8,0.07,15.6,39.7,45.6,0.11,14.28"
