indice;Date;Date;FQI161;PIR161;FQI165;FQI169;FQI177;FQI173;FQI151
1;9/10/2022;22:45:00;6809,00;13,26;896,00;3614,00;170,00;81,00;2048,00
2;9/10/2022;22:45:00;6800,33;13,27;893,00;3614,83;171,67;81,33;2039,50
3;9/10/2022;22:45:01;6791,67;13,25;890,00;3615,67;173,33;81,67;2031,00
4;9/10/2022;22:45:02;6783,00;13,23;887,00;3616,50;175,00;82,00;2022,50
5;9/10/2022;22:45:03;6774,33;13,24;886,00;3617,33;176,67;82,33;2012,00
6;9/10/2022;22:45:04;6765,67;13,24;885,00;3618,17;178,33;82,67;2001,50
7;9/10/2022;22:45:05;6757,00;13,25;884,00;3619,00;180,00;83,00;1991,00
8;9/10/2022;22:45:06;6748,33;13,24;883,50;3620,60;179,50;82,20;1982,53
9;9/10/2022;22:45:07;6739,67;13,24;883,00;3622,20;179,00;81,40;1974,07
10;9/10/2022;22:45:08;6731,00;13,23;882,50;3623,80;174,67;80,60;1969,43
11;9/10/2022;22:45:09;6729,00;13,23;882,00;3625,40;170,33;79,80;1971,47
12;9/10/2022;22:45:10;6727,00;13,22;881,50;3627,00;166,00;79,00;1973,50
13;9/10/2022;22:45:11;6725,00;13,22;881,00;3626,67;163,78;78,92;1974,64
14;9/10/2022;22:45:12;6723,00;13,21;880,50;3626,33;161,56;78,83;1975,78
15;9/10/2022;22:45:13;6721,00;13,21;880,00;3626,00;159,33;78,75;1976,92
16;9/10/2022;22:45:14;6719,00;13,22;879,00;3625,67;157,11;78,67;1978,56
17;9/10/2022;22:45:15;6717,00;13,24;878,00;3625,33;154,89;78,58;1980,19
18;9/10/2022;22:45:15;6715,00;13,25;877,00;3625,00;152,67;78,50;1981,83
19;9/10/2022;22:45:16;6713,00;13,24;877,38;3624,67;150,44;78,42;1982,10
20;9/10/2022;22:45:17;6711,00;13,24;877,75;3624,33;148,22;78,33;1982,36
21;9/10/2022;22:45:18;6709,00;13,23;878,13;3624,00;146,00;78,25;1982,63
22;9/10/2022;22:45:19;6705,38;13,23;878,50;3623,67;143,33;78,17;1981,71
23;9/10/2022;22:45:20;6701,75;13,24;878,88;3623,33;140,67;78,08;1980,79
24;9/10/2022;22:45:21;6698,13;13,24;879,25;3623,00;138,00;78,00;1979,88
25;9/10/2022;22:45:22;6694,50;13,23;879,63;3623,41;130,60;77,83;1983,03
26;9/10/2022;22:45:23;6690,88;13,21;880,00;3623,82;123,20;77,67;1986,19
27;9/10/2022;22:45:24;6687,25;13,22;881,71;3624,23;115,80;77,50;1988,01
28;9/10/2022;22:45:25;6683,63;13,22;883,43;3624,64;108,40;77,33;1989,83
29;9/10/2022;22:45:26;6680,00;13,23;885,14;3625,05;101,00;77,17;1991,65
30;9/10/2022;22:45:27;6674,50;13,23;886,86;3625,45;93,29;77,00;1991,90
31;9/10/2022;22:45:28;6669,00;13,23;888,57;3625,86;85,57;76,83;1992,16
32;9/10/2022;22:45:29;6663,50;13,22;890,29;3626,27;77,86;76,67;1992,42
33;9/10/2022;22:45:30;6658,00;13,22;892,00;3626,68;70,14;76,50;1992,68
34;9/10/2022;22:45:30;6657,18;13,22;892,88;3627,09;62,43;76,33;1998,45
35;9/10/2022;22:45:31;6656,36;13,21;893,75;3627,50;54,71;76,17;2004,23
36;9/10/2022;22:45:32;6655,55;13,21;894,63;3627,91;47,00;76,00;2010,01
37;9/10/2022;22:45:33;6654,73;13,22;895,50;3628,32;37,60;75,90;2017,41
38;9/10/2022;22:45:34;6653,91;13,23;896,38;3628,73;28,20;75,80;2024,81
39;9/10/2022;22:45:35;6653,09;13,22;897,25;3629,14;18,80;75,70;2032,20
40;9/10/2022;22:45:36;6652,27;13,22;898,13;3629,55;9,40;75,60;2039,60
41;9/10/2022;22:45:37;6651,45;13,21;899,00;3629,95;0,00;75,50;2047,00
42;9/10/2022;22:45:38;6650,64;13,20;900,40;3630,36;0,44;75,40;2044,03
43;9/10/2022;22:45:39;6649,82;13,20;901,80;3630,77;0,89;75,30;2041,06
44;9/10/2022;22:45:40;6649,00;13,19;903,20;3631,18;1,33;75,20;2038,09
45;9/10/2022;22:45:41;6656,50;13,18;904,60;3631,59;1,78;75,10;2043,43
46;9/10/2022;22:45:42;6664,00;13,18;906,00;3632,00;2,22;75,00;2048,78
47;9/10/2022;22:45:43;6671,50;13,18;908,00;3633,56;2,67;75,11;2052,17
48;9/10/2022;22:45:44;6679,00;13,19;910,00;3635,11;3,11;75,22;2055,56
49;9/10/2022;22:45:45;6686,50;13,19;912,00;3636,67;3,56;75,33;2058,94
50;9/10/2022;22:45:45;6694,00;13,19;914,00;3638,22;4,00;75,44;2062,33
51;9/10/2022;22:45:46;6716,40;13,18;915,38;3639,78;8,71;75,56;2076,98
52;9/10/2022;22:45:47;6738,80;13,17;916,75;3641,33;13,43;75,67;2091,62
53;9/10/2022;22:45:48;6761,20;13,15;918,13;3642,89;18,14;75,78;2106,27
54;9/10/2022;22:45:49;6783,60;13,14;919,50;3644,44;22,86;75,89;2120,91
55;9/10/2022;22:45:50;6806,00;13,13;920,88;3646,00;27,57;76,00;2135,55
56;9/10/2022;22:45:51;6802,00;13,09;922,25;3637,36;32,29;76,92;2133,19
57;9/10/2022;22:45:52;6798,00;13,06;923,63;3628,71;37,00;77,83;2130,83
58;9/10/2022;22:45:53;6794,00;13,02;925,00;3620,07;55,00;78,75;2115,18
59;9/10/2022;22:45:54;6790,00;12,99;1123,64;3611,43;73,00;79,67;1902,27
60;9/10/2022;22:45:55;6786,00;12,95;1322,27;3602,79;91,00;80,58;1689,36
61;9/10/2022;22:45:56;6946,00;12,94;1520,91;3594,14;88,00;81,50;1661,45
62;9/10/2022;22:45:57;7106,00;12,93;1719,55;3585,50;85,00;82,42;1633,54
63;9/10/2022;22:45:58;7266,00;12,92;1918,18;3576,86;82,00;83,33;1605,63
64;9/10/2022;22:45:59;7426,00;12,91;2116,82;3568,21;79,00;84,25;1577,72
65;9/10/2022;22:46:00;7586,00;12,90;2315,45;3559,57;76,00;85,17;1549,81
66;9/10/2022;22:46:00;7746,00;12,89;2514,09;3550,93;73,00;86,08;1521,90
67;9/10/2022;22:46:01;7906,00;12,88;2712,73;3542,29;70,00;87,00;1493,99
68;9/10/2022;22:46:02;8421,00;12,86;2911,36;3533,64;67,00;79,50;1829,49
69;9/10/2022;22:46:03;8936,00;12,84;3110,00;3525,00;64,00;72,00;2165,00
70;9/10/2022;22:46:04;8982,33;12,83;3305,00;3510,92;44,67;64,50;2057,25
71;9/10/2022;22:46:05;9028,67;12,83;3500,00;3496,83;25,33;57,00;1949,50
72;9/10/2022;22:46:06;9075,00;12,82;3695,00;3482,75;6,00;49,50;1841,75
73;9/10/2022;22:46:07;9121,33;12,81;3890,00;3468,67;5,33;42,00;1715,33
74;9/10/2022;22:46:08;9167,67;12,79;4085,00;3454,58;4,67;34,50;1588,92
75;9/10/2022;22:46:09;9214,00;12,78;4280,00;3440,50;4,00;27,00;1462,50
76;9/10/2022;22:46:10;9279,33;12,73;4475,00;3426,42;3,33;24,55;1350,04
77;9/10/2022;22:46:11;9344,67;12,68;4670,00;3412,33;2,67;22,09;1237,58
78;9/10/2022;22:46:12;9410,00;12,67;4793,25;3398,25;2,00;19,64;1196,86
79;9/10/2022;22:46:13;9475,33;12,67;4916,50;3384,17;1,33;17,18;1156,15
80;9/10/2022;22:46:14;9540,67;12,66;5039,75;3370,08;0,67;14,73;1115,44
81;9/10/2022;22:46:15;9606,00;12,65;5163,00;3356,00;0,00;12,27;1074,73
82;9/10/2022;22:46:15;9635,17;12,63;5282,00;3355,40;0,12;9,82;987,83
83;9/10/2022;22:46:16;9664,33;12,62;5401,00;3354,80;0,23;7,36;900,94
84;9/10/2022;22:46:17;9693,50;12,60;5520,00;3354,20;0,35;4,91;814,04
85;9/10/2022;22:46:18;9722,67;12,59;5639,00;3353,60;0,46;2,45;727,15
86;9/10/2022;22:46:19;9751,83;12,58;5758,00;3353,00;0,58;0,00;640,26
87;9/10/2022;22:46:20;9781,00;12,57;5877,00;3356,83;0,69;0,93;545,54
88;9/10/2022;22:46:21;9784,00;12,56;5903,63;3360,67;0,81;1,86;517,04
89;9/10/2022;22:46:22;9787,00;12,54;5930,25;3364,50;0,92;2,80;488,53
90;9/10/2022;22:46:23;9810,78;12,52;5956,88;3368,33;1,04;3,73;480,80
91;9/10/2022;22:46:24;9834,56;12,51;5983,50;3372,17;1,16;4,66;473,07
92;9/10/2022;22:46:25;9858,33;12,49;6010,13;3376,00;1,27;5,59;465,35
93;9/10/2022;22:46:26;9882,11;12,47;6036,75;3379,83;1,39;6,52;457,62
94;9/10/2022;22:46:27;9905,89;12,46;6063,38;3383,67;1,50;7,45;449,89
95;9/10/2022;22:46:28;9929,67;12,44;6090,00;3387,50;1,62;8,39;442,16
96;9/10/2022;22:46:29;9953,44;12,43;6113,00;3391,33;1,73;9,32;438,06
97;9/10/2022;22:46:30;9977,22;12,42;6136,00;3395,17;1,85;10,25;433,96
98;9/10/2022;22:46:30;10001,00;12,41;6159,00;3399,00;1,96;11,18;429,85
99;9/10/2022;22:46:31;10036,67;12,40;6182,00;3405,82;2,08;12,11;434,65
100;9/10/2022;22:46:32;10072,33;12,40;6205,00;3412,64;2,20;13,05;439,46
101;9/10/2022;22:46:33;10108,00;12,39;6228,00;3419,45;2,31;13,98;444,26
102;9/10/2022;22:46:34;10116,00;12,38;6241,00;3426,27;2,43;14,91;431,39
103;9/10/2022;22:46:35;10124,00;12,37;6254,00;3433,09;2,54;15,84;418,53
104;9/10/2022;22:46:36;10132,00;12,36;6267,00;3439,91;2,66;16,77;405,66
105;9/10/2022;22:46:37;10140,00;12,35;6280,00;3446,73;2,77;17,70;392,80
106;9/10/2022;22:46:38;10148,00;12,34;6293,00;3453,55;2,89;18,64;379,93
107;9/10/2022;22:46:39;10156,00;12,33;6249,67;3460,36;3,00;19,57;423,40
108;9/10/2022;22:46:40;10164,00;12,32;6206,33;3467,18;3,12;20,50;466,86
109;9/10/2022;22:46:41;10172,00;12,31;6163,00;3474,00;3,24;21,43;510,33
110;9/10/2022;22:46:42;10246,00;12,29;6167,78;3480,42;3,35;22,36;572,09
111;9/10/2022;22:46:43;10320,00;12,27;6172,56;3486,83;3,47;23,30;633,85
112;9/10/2022;22:46:44;10332,60;12,27;6177,33;3493,25;3,58;24,23;634,21
113;9/10/2022;22:46:45;10345,20;12,27;6182,11;3499,67;3,70;25,16;634,57
114;9/10/2022;22:46:45;10357,80;12,28;6186,89;3506,08;3,81;26,09;634,92
115;9/10/2022;22:46:46;10370,40;12,28;6191,67;3512,50;3,93;27,02;635,28
116;9/10/2022;22:46:47;10383,00;12,28;6196,44;3518,92;4,04;27,95;635,64
117;9/10/2022;22:46:48;10395,60;12,26;6201,22;3525,33;4,16;28,89;636,00
118;9/10/2022;22:46:49;10408,20;12,25;6206,00;3531,75;4,28;29,82;636,36
119;9/10/2022;22:46:50;10420,80;12,24;6221,67;3538,17;4,39;30,75;625,83
120;9/10/2022;22:46:51;10433,40;12,24;6237,33;3544,58;4,51;31,68;615,30
121;9/10/2022;22:46:52;10446,00;12,23;6253,00;3551,00;4,62;32,61;604,76
122;9/10/2022;22:46:53;10452,33;12,22;6258,20;3560,00;4,74;33,55;595,85
123;9/10/2022;22:46:54;10458,67;12,22;6263,40;3569,00;4,85;34,48;586,94
124;9/10/2022;22:46:55;10465,00;12,21;6268,60;3578,00;4,97;35,41;578,02
125;9/10/2022;22:46:56;10527,50;12,19;6273,80;3587,00;5,08;36,34;625,27
126;9/10/2022;22:46:57;10590,00;12,17;6279,00;3596,00;5,20;37,27;672,53
127;9/10/2022;22:46:58;10610,83;12,17;6285,14;3605,00;5,32;38,20;677,17
128;9/10/2022;22:46:59;10631,67;12,17;6291,29;3614,00;5,43;39,14;681,81
129;9/10/2022;22:47:00;10652,50;12,16;6297,43;3623,00;5,55;40,07;686,46
130;9/10/2022;22:47:00;10673,33;12,16;6303,57;3632,00;5,66;41,00;691,10
131;9/10/2022;22:47:01;10694,17;12,15;6309,71;3623,60;5,78;40,20;714,87
132;9/10/2022;22:47:02;10715,00;12,15;6315,86;3615,20;5,89;39,40;738,65
133;9/10/2022;22:47:03;10735,83;12,14;6322,00;3606,80;6,01;38,60;762,43
134;9/10/2022;22:47:04;10756,67;12,14;6267,00;3598,40;6,12;37,80;847,34
135;9/10/2022;22:47:05;10777,50;12,13;6212,00;3590,00;6,24;37,00;932,26
136;9/10/2022;22:47:06;10798,33;12,12;6223,67;3581,60;6,36;36,20;950,51
137;9/10/2022;22:47:07;10819,17;12,12;6235,33;3573,20;6,47;35,40;968,76
138;9/10/2022;22:47:08;10840,00;12,11;6247,00;3564,80;6,59;34,60;987,01
139;9/10/2022;22:47:09;10851,44;12,10;6248,89;3556,40;6,70;33,80;1005,65
140;9/10/2022;22:47:10;10862,89;12,10;6250,78;3548,00;6,82;33,00;1024,29
141;9/10/2022;22:47:11;10874,33;12,09;6252,67;3539,60;6,93;32,20;1042,93
142;9/10/2022;22:47:12;10885,78;12,08;6254,56;3531,20;7,05;31,40;1061,57
143;9/10/2022;22:47:13;10897,22;12,07;6256,44;3522,80;7,16;30,60;1080,21
144;9/10/2022;22:47:14;10908,67;12,05;6258,33;3514,40;7,28;29,80;1098,85
145;9/10/2022;22:47:15;10920,11;12,04;6260,22;3506,00;7,40;29,00;1117,49
146;9/10/2022;22:47:15;10931,56;12,08;6262,11;3514,60;7,51;34,10;1113,23
147;9/10/2022;22:47:16;10943,00;12,11;6264,00;3523,20;7,63;39,20;1108,97
148;9/10/2022;22:47:17;10964,00;12,13;6267,00;3531,80;7,74;44,30;1113,16
149;9/10/2022;22:47:18;10985,00;12,15;6270,00;3540,40;7,86;49,40;1117,34
150;9/10/2022;22:47:19;11006,00;12,17;6273,00;3549,00;7,97;54,50;1121,53
151;9/10/2022;22:47:20;10760,00;12,17;6226,00;3565,21;8,09;59,60;901,10
152;9/10/2022;22:47:21;10514,00;12,16;6179,00;3581,43;8,20;64,70;680,67
153;9/10/2022;22:47:22;10268,00;12,16;6132,00;3597,64;8,32;69,80;460,24
154;9/10/2022;22:47:23;10206,00;12,19;6085,00;3613,86;8,44;74,90;423,81
155;9/10/2022;22:47:24;10144,00;12,22;6038,00;3630,07;8,55;80,00;387,38
156;9/10/2022;22:47:25;10082,00;12,23;5991,00;3646,29;8,67;95,33;340,71
157;9/10/2022;22:47:26;10020,00;12,23;5944,00;3662,50;8,78;110,67;294,05
158;9/10/2022;22:47:27;9958,00;12,24;5897,00;3678,71;8,90;126,00;247,39
159;9/10/2022;22:47:28;9896,00;12,25;5607,00;3694,93;9,01;141,33;443,72
160;9/10/2022;22:47:29;9834,00;12,26;5317,00;3711,14;9,13;156,67;640,06
161;9/10/2022;22:47:30;9772,00;12,26;5027,00;3727,36;9,24;172,00;836,40
162;9/10/2022;22:47:30;9710,00;12,27;4737,00;3743,57;9,36;187,33;1032,74
163;9/10/2022;22:47:31;9648,00;12,29;4651,75;3759,79;9,48;202,67;1024,32
164;9/10/2022;22:47:32;9586,00;12,31;4566,50;3776,00;9,59;218,00;1015,91
165;9/10/2022;22:47:33;9587,88;12,31;4481,25;3785,55;9,71;223,88;1087,50
166;9/10/2022;22:47:34;9589,75;12,32;4396,00;3795,09;9,82;229,75;1159,09
167;9/10/2022;22:47:35;9591,63;12,32;4310,75;3804,64;9,94;235,63;1230,68
168;9/10/2022;22:47:36;9593,50;12,33;4225,50;3814,18;10,05;241,50;1302,26
169;9/10/2022;22:47:37;9595,38;12,34;4140,25;3823,73;10,17;247,38;1373,85
170;9/10/2022;22:47:38;9597,25;12,35;4055,00;3833,27;10,28;253,25;1445,44
171;9/10/2022;22:47:39;9599,13;12,34;4009,65;3842,82;10,40;259,13;1477,14
172;9/10/2022;22:47:40;9601,00;12,32;3964,29;3852,36;10,52;265,00;1508,83
173;9/10/2022;22:47:41;9580,00;12,31;3918,94;3861,91;10,63;262,43;1526,09
174;9/10/2022;22:47:42;9559,00;12,29;3873,59;3871,45;10,75;259,86;1543,35
175;9/10/2022;22:47:43;9538,00;12,28;3828,24;3881,00;10,86;257,29;1560,62
176;9/10/2022;22:47:44;9621,67;12,27;3782,88;3867,33;10,98;254,71;1705,76
177;9/10/2022;22:47:45;9705,33;12,26;3737,53;3853,67;11,09;252,14;1850,90
178;9/10/2022;22:47:45;9789,00;12,26;3692,18;3840,00;11,21;249,57;1996,04
179;9/10/2022;22:47:46;9872,67;12,25;3646,82;3826,33;11,32;247,00;2141,19
180;9/10/2022;22:47:47;9956,33;12,24;3601,47;3812,67;11,44;244,43;2286,33
181;9/10/2022;22:47:48;10040,00;12,22;3556,12;3799,00;11,56;241,86;2431,47
182;9/10/2022;22:47:49;10123,67;12,20;3510,76;3785,33;11,67;239,29;2576,61
183;9/10/2022;22:47:50;10207,33;12,19;3465,41;3771,67;11,79;236,71;2721,75
184;9/10/2022;22:47:51;10291,00;12,17;3420,06;3758,00;11,90;234,14;2866,90
185;9/10/2022;22:47:52;10342,67;12,16;3374,71;3745,55;12,02;231,57;2978,83
186;9/10/2022;22:47:53;10394,33;12,14;3329,35;3733,09;12,13;229,00;3090,76
187;9/10/2022;22:47:54;10446,00;12,13;3284,00;3720,64;12,25;213,89;3215,23
188;9/10/2022;22:47:55;10492,88;12,12;3567,66;3708,18;12,36;198,78;3005,89
189;9/10/2022;22:47:56;10539,75;12,10;3851,33;3695,73;12,48;183,67;2796,54
190;9/10/2022;22:47:57;10586,63;12,09;4135,00;3683,27;12,60;168,56;2587,20
191;9/10/2022;22:47:58;10633,50;12,07;4418,66;3670,82;12,71;153,44;2377,86
192;9/10/2022;22:47:59;10680,38;12,06;4702,33;3658,36;12,83;138,33;2168,52
193;9/10/2022;22:48:00;10727,25;12,04;4986,00;3645,91;12,94;123,22;1959,18
194;9/10/2022;22:48:00;10774,13;12,02;5041,38;3633,45;13,06;108,11;1978,13
195;9/10/2022;22:48:01;10821,00;12,00;5096,75;3621,00;13,17;93,00;1997,08
196;9/10/2022;22:48:02;10994,33;12,00;5152,13;3699,63;13,29;81,63;2047,67
197;9/10/2022;22:48:03;11167,67;11,99;5207,50;3778,25;13,40;70,25;2098,26
198;9/10/2022;22:48:04;11341,00;11,99;5262,88;3856,88;13,52;58,88;2148,86
199;9/10/2022;22:48:05;11366,00;11,97;5318,25;3935,50;13,64;47,50;2051,11
200;9/10/2022;22:48:06;11391,00;11,95;5373,63;4014,13;13,75;36,13;1953,37
201;9/10/2022;22:48:07;11416,00;11,93;5429,00;4092,75;13,87;24,75;1855,63
202;9/10/2022;22:48:08;11441,00;11,93;5526,60;4171,38;13,98;13,38;1715,67
203;9/10/2022;22:48:09;11466,00;11,94;5624,20;4250,00;14,10;2,00;1575,70
204;9/10/2022;22:48:10;11498,00;11,92;5721,80;4289,08;14,21;1,90;1471,00
205;9/10/2022;22:48:11;11530,00;11,89;5819,40;4328,17;14,33;1,80;1366,30
206;9/10/2022;22:48:12;11562,00;11,87;5917,00;4367,25;14,44;1,70;1261,61
207;9/10/2022;22:48:13;11594,00;11,86;5960,25;4406,33;14,56;1,60;1211,26
208;9/10/2022;22:48:14;11626,00;11,84;6003,50;4445,42;14,68;1,50;1160,91
209;9/10/2022;22:48:15;11658,00;11,83;6046,75;4484,50;14,79;1,40;1110,56
210;9/10/2022;22:48:15;11690,00;11,81;6090,00;4523,58;14,91;1,30;1060,21
211;9/10/2022;22:48:16;11758,00;11,81;6091,17;4562,67;15,02;1,20;1087,94
212;9/10/2022;22:48:17;11826,00;11,82;6092,33;4601,75;15,14;1,10;1115,68
213;9/10/2022;22:48:18;11894,00;11,82;6093,50;4640,83;15,25;1,00;1143,41
214;9/10/2022;22:48:19;11897,63;11,81;6094,67;4679,92;15,37;0,90;1106,77
215;9/10/2022;22:48:20;11901,25;11,80;6095,83;4719,00;15,48;0,80;1070,13
216;9/10/2022;22:48:21;11904,88;11,79;6097,00;4730,75;15,60;0,70;1060,83
217;9/10/2022;22:48:22;11908,50;11,79;6104,29;4742,50;15,72;0,60;1045,40
218;9/10/2022;22:48:23;11912,13;11,79;6111,57;4754,25;15,83;0,50;1029,97
219;9/10/2022;22:48:24;11915,75;11,78;6118,86;4766,00;15,95;0,40;1014,55
220;9/10/2022;22:48:25;11919,38;11,78;6126,14;4777,75;16,06;0,30;999,12
221;9/10/2022;22:48:26;11923,00;11,78;6133,43;4789,50;16,18;0,20;983,69
222;9/10/2022;22:48:27;12013,50;11,77;6140,71;4801,25;16,29;0,10;1055,14
223;9/10/2022;22:48:28;12104,00;11,76;6148,00;4813,00;16,41;0,00;1126,59
224;9/10/2022;22:48:29;12119,67;11,76;6164,00;4824,75;16,52;4,00;1110,39
225;9/10/2022;22:48:30;12135,33;11,75;6180,00;4836,50;16,64;8,00;1094,19
226;9/10/2022;22:48:30;12151,00;11,75;6196,00;4848,25;16,76;12,00;1077,99
227;9/10/2022;22:48:31;12166,67;11,74;6212,00;4860,00;16,87;16,00;1061,80
228;9/10/2022;22:48:32;12182,33;11,74;6219,00;4869,82;16,99;20,91;1055,62
229;9/10/2022;22:48:33;12198,00;11,73;6226,00;4879,64;17,10;25,82;1049,44
230;9/10/2022;22:48:34;12213,67;11,73;6233,00;4889,45;17,22;30,73;1043,27
231;9/10/2022;22:48:35;12229,33;11,72;6240,00;4899,27;17,33;35,64;1037,09
232;9/10/2022;22:48:36;12245,00;11,72;6247,00;4909,09;17,45;40,55;1030,91
233;9/10/2022;22:48:37;12264,00;11,72;6253,83;4918,91;17,56;45,45;1028,24
234;9/10/2022;22:48:38;12283,00;11,71;6260,67;4928,73;17,68;50,36;1025,56
235;9/10/2022;22:48:39;12302,00;11,71;6267,50;4938,55;17,80;55,27;1022,89
236;9/10/2022;22:48:40;12317,56;11,71;6274,33;4948,36;17,91;60,18;1016,77
237;9/10/2022;22:48:41;12333,11;11,72;6281,17;4958,18;18,03;65,09;1010,65
238;9/10/2022;22:48:42;12348,67;11,72;6288,00;4968,00;18,14;70,00;1004,52
239;9/10/2022;22:48:43;12364,22;11,71;6271,33;4962,18;18,26;72,18;1040,27
240;9/10/2022;22:48:44;12379,78;11,70;6254,67;4956,36;18,37;74,36;1076,01
241;9/10/2022;22:48:45;12395,33;11,69;6238,00;4950,55;18,49;76,55;1111,75
242;9/10/2022;22:48:45;12410,89;11,69;6221,33;4944,73;18,60;78,73;1147,50
243;9/10/2022;22:48:46;12426,44;11,68;6204,67;4938,91;18,72;80,91;1183,24
244;9/10/2022;22:48:47;12442,00;11,68;6188,00;4933,09;18,84;83,09;1218,98
245;9/10/2022;22:48:48;12511,50;11,68;6194,80;4927,27;18,95;85,27;1285,20
246;9/10/2022;22:48:49;12581,00;11,68;6201,60;4921,45;19,07;87,45;1351,42
247;9/10/2022;22:48:50;12596,33;11,67;6208,40;4915,64;19,18;89,64;1363,48
248;9/10/2022;22:48:51;12611,67;11,67;6215,20;4909,82;19,30;91,82;1375,53
249;9/10/2022;22:48:52;12627,00;11,67;6222,00;4904,00;19,41;94,00;1387,59
250;9/10/2022;22:48:53;12642,33;11,66;6227,33;4908,83;19,53;96,50;1390,14
251;9/10/2022;22:48:54;12657,67;11,65;6232,67;4913,67;19,64;99,00;1392,69
252;9/10/2022;22:48:55;12673,00;11,65;6238,00;4918,50;19,76;101,50;1395,24
253;9/10/2022;22:48:56;12686,33;11,64;6241,17;4923,33;19,88;104,00;1397,96
254;9/10/2022;22:48:57;12699,67;11,63;6244,33;4928,17;19,99;106,50;1400,68
255;9/10/2022;22:48:58;12713,00;11,62;6247,50;4933,00;20,11;109,00;1403,39
256;9/10/2022;22:48:59;12726,33;11,62;6250,67;4937,83;20,22;111,50;1406,11
257;9/10/2022;22:49:00;12739,67;11,61;6253,83;4942,67;20,34;114,00;1408,83
258;9/10/2022;22:49:00;12753,00;11,60;6257,00;4947,50;20,45;116,50;1411,55
259;9/10/2022;22:49:01;12768,80;11,61;6258,80;4952,33;20,57;119,00;1418,10
260;9/10/2022;22:49:02;12784,60;11,63;6260,60;4957,17;20,68;121,50;1424,65
261;9/10/2022;22:49:03;12800,40;11,64;6262,40;4962,00;20,80;124,00;1431,20
262;9/10/2022;22:49:04;12816,20;11,65;6264,20;4965,50;20,92;126,20;1439,38
263;9/10/2022;22:49:05;12832,00;11,65;6266,00;4969,00;21,03;128,40;1447,57
264;9/10/2022;22:49:06;12828,33;11,64;6260,70;4972,50;21,15;130,60;1443,39
265;9/10/2022;22:49:07;12824,67;11,62;6255,40;4976,00;21,26;132,80;1439,20
266;9/10/2022;22:49:08;12821,00;11,61;6250,10;4979,50;21,38;135,00;1435,02
267;9/10/2022;22:49:09;12829,78;11,61;6244,80;4983,00;21,49;134,86;1445,63
268;9/10/2022;22:49:10;12838,56;11,62;6239,50;4986,50;21,61;134,71;1456,23
269;9/10/2022;22:49:11;12847,33;11,62;6234,20;4990,00;21,72;134,57;1466,84
270;9/10/2022;22:49:12;12856,11;11,61;6228,90;4993,50;21,84;134,43;1477,44
271;9/10/2022;22:49:13;12864,89;11,61;6223,60;4997,00;21,96;134,29;1488,05
272;9/10/2022;22:49:14;12873,67;11,60;6218,30;5003,00;22,07;134,14;1496,15
273;9/10/2022;22:49:15;12882,44;11,59;6213,00;5009,00;22,19;134,00;1504,26
274;9/10/2022;22:49:15;12891,22;11,60;6219,50;5015,00;22,30;133,86;1500,56
275;9/10/2022;22:49:16;12900,00;11,60;6226,00;5021,00;22,42;133,71;1496,87
276;9/10/2022;22:49:17;12926,33;11,59;6230,00;5027,00;22,53;133,57;1513,23
277;9/10/2022;22:49:18;12952,67;11,58;6234,00;5033,00;22,65;133,43;1529,59
278;9/10/2022;22:49:19;12979,00;11,58;6238,00;5039,00;22,76;133,29;1545,95
279;9/10/2022;22:49:20;12981,75;11,57;6242,00;5045,00;22,88;133,14;1538,73
280;9/10/2022;22:49:21;12984,50;11,56;6246,00;5051,00;23,00;133,00;1531,50
281;9/10/2022;22:49:22;12987,25;11,55;6250,00;5053,67;23,11;130,58;1529,89
282;9/10/2022;22:49:23;12990,00;11,57;6252,00;5056,33;23,23;128,17;1530,27
283;9/10/2022;22:49:24;12992,75;11,58;6254,00;5059,00;23,34;125,75;1530,66
284;9/10/2022;22:49:25;12995,50;11,58;6256,00;5061,67;23,46;123,33;1531,04
285;9/10/2022;22:49:26;12998,25;11,58;6258,00;5064,33;23,57;120,92;1531,43
286;9/10/2022;22:49:27;13001,00;11,58;6260,00;5067,00;23,69;118,50;1531,81
287;9/10/2022;22:49:28;13014,00;11,57;6253,83;5069,67;23,80;116,08;1550,61
288;9/10/2022;22:49:29;13027,00;11,57;6247,67;5072,33;23,92;113,67;1569,41
289;9/10/2022;22:49:30;13040,00;11,57;6241,50;5075,00;24,04;111,25;1588,21
290;9/10/2022;22:49:30;13046,67;11,58;6235,33;5077,67;24,15;108,83;1600,68
291;9/10/2022;22:49:31;13053,33;11,60;6229,17;5080,33;24,27;106,42;1613,15
292;9/10/2022;22:49:32;13060,00;11,61;6223,00;5083,00;24,38;104,00;1625,62
293;9/10/2022;22:49:33;13061,00;11,59;6224,13;5069,63;24,50;101,88;1640,88
294;9/10/2022;22:49:34;13062,00;11,57;6225,25;5056,25;24,61;99,75;1656,14
295;9/10/2022;22:49:35;13063,00;11,55;6226,38;5042,88;24,73;97,63;1671,40
296;9/10/2022;22:49:36;13064,00;11,58;6227,50;5029,50;24,84;95,50;1686,66
297;9/10/2022;22:49:37;13065,00;11,60;6228,63;5016,13;24,96;93,38;1701,91
298;9/10/2022;22:49:38;13066,00;11,59;6229,75;5002,75;25,08;91,25;1717,17
299;9/10/2022;22:49:39;13067,00;11,57;6230,88;4989,38;25,19;89,13;1732,43
300;9/10/2022;22:49:40;13068,00;11,56;6232,00;4976,00;25,31;87,00;1747,69
301;9/10/2022;22:49:41;13087,67;11,56;6233,00;4976,75;25,42;86,92;1765,58
302;9/10/2022;22:49:42;13107,33;11,55;6234,00;4977,50;25,54;86,83;1783,46
303;9/10/2022;22:49:43;13127,00;11,55;6235,00;4978,25;25,65;86,75;1801,35
304;9/10/2022;22:49:44;13129,22;11,55;6236,78;4979,00;25,77;86,67;1801,01
305;9/10/2022;22:49:45;13131,44;11,54;6238,56;4979,75;25,88;86,58;1800,67
306;9/10/2022;22:49:45;13133,67;11,54;6240,33;4980,50;26,00;86,50;1800,33
307;9/10/2022;22:49:46;13135,89;11,54;6242,11;4981,25;32,00;86,42;1794,11
308;9/10/2022;22:49:47;13138,11;11,55;6243,89;4982,00;38,00;86,33;1787,89
309;9/10/2022;22:49:48;13140,33;11,55;6245,67;4982,75;44,00;86,25;1781,67
310;9/10/2022;22:49:49;13142,56;11,55;6247,44;4983,50;50,00;86,17;1775,44
311;9/10/2022;22:49:50;13144,78;11,54;6249,22;4984,25;56,00;86,08;1769,22
312;9/10/2022;22:49:51;13147,00;11,54;6251,00;4985,00;62,00;86,00;1763,00
313;9/10/2022;22:49:52;13162,00;11,53;6252,33;4987,09;68,00;86,11;1768,47
314;9/10/2022;22:49:53;13177,00;11,53;6253,67;4989,18;74,00;86,21;1773,94
315;9/10/2022;22:49:54;13192,00;11,52;6255,00;4991,27;74,57;86,32;1784,84
316;9/10/2022;22:49:55;13199,38;11,52;6256,33;4993,36;75,14;86,42;1788,11
317;9/10/2022;22:49:56;13206,75;11,53;6257,67;4995,45;75,71;86,53;1791,39
318;9/10/2022;22:49:57;13214,13;11,53;6259,00;4997,55;76,29;86,63;1794,66
319;9/10/2022;22:49:58;13221,50;11,53;6260,33;4999,64;76,86;86,74;1797,94
320;9/10/2022;22:49:59;13228,88;11,54;6261,67;5001,73;77,43;86,84;1801,21
321;9/10/2022;22:50:00;13236,25;11,54;6263,00;5003,82;78,00;86,95;1804,48
322;9/10/2022;22:50:00;13243,63;11,52;6255,00;5005,91;80,60;87,05;1815,06
323;9/10/2022;22:50:01;13251,00;11,50;6247,00;5008,00;83,20;87,16;1825,64
324;9/10/2022;22:50:02;13270,67;11,51;6247,75;5009,00;85,80;87,26;1840,85
325;9/10/2022;22:50:03;13290,33;11,52;6248,50;5010,00;88,40;87,37;1856,06
326;9/10/2022;22:50:04;13310,00;11,53;6249,25;5011,00;91,00;87,47;1871,28
327;9/10/2022;22:50:05;13291,00;11,53;6250,00;5012,00;93,60;87,58;1847,82
328;9/10/2022;22:50:06;13272,00;11,53;6250,75;5013,00;96,20;87,68;1824,37
329;9/10/2022;22:50:07;13253,00;11,52;6251,50;5014,00;98,80;87,79;1800,91
330;9/10/2022;22:50:08;13258,00;11,52;6252,25;5015,00;101,40;87,89;1801,46
331;9/10/2022;22:50:09;13263,00;11,52;6253,00;5016,00;104,00;88,00;1802,00
332;9/10/2022;22:50:10;13268,00;11,52;6257,33;5017,00;103,33;89,67;1800,67
333;9/10/2022;22:50:11;13273,00;11,53;6261,67;5018,00;102,67;91,33;1799,33
334;9/10/2022;22:50:12;13278,00;11,53;6266,00;5019,00;102,00;93,00;1798,00
335;9/10/2022;22:50:13;13283,00;11,53;6266,50;5020,73;100,83;93,73;1801,21
336;9/10/2022;22:50:14;13288,00;11,54;6267,00;5022,45;99,67;94,45;1804,42
337;9/10/2022;22:50:15;13293,00;11,54;6267,50;5024,18;98,50;95,18;1807,64
338;9/10/2022;22:50:15;13295,11;11,53;6268,00;5025,91;97,33;95,91;1807,96
339;9/10/2022;22:50:16;13297,22;11,51;6268,50;5027,64;96,17;96,64;1808,28
340;9/10/2022;22:50:17;13299,33;11,50;6269,00;5029,36;95,00;97,36;1808,61
341;9/10/2022;22:50:18;13301,44;11,51;6270,50;5031,09;92,60;98,09;1809,16
342;9/10/2022;22:50:19;13303,56;11,52;6272,00;5032,82;90,20;98,82;1809,72
343;9/10/2022;22:50:20;13305,67;11,53;6273,50;5034,55;87,80;99,55;1810,28
344;9/10/2022;22:50:21;13307,78;11,52;6275,00;5036,27;85,40;100,27;1810,83
345;9/10/2022;22:50:22;13309,89;11,52;6276,50;5038,00;83,00;101,00;1811,39
346;9/10/2022;22:50:23;13312,00;11,51;6278,00;5035,87;83,11;101,56;1813,47
347;9/10/2022;22:50:24;13336,00;11,52;6274,60;5033,73;83,22;102,11;1842,33
348;9/10/2022;22:50:25;13360,00;11,52;6271,20;5031,60;83,33;102,67;1871,20
349;9/10/2022;22:50:26;13373,00;11,51;6267,80;5029,47;83,44;103,22;1889,07
350;9/10/2022;22:50:27;13386,00;11,50;6264,40;5027,33;83,56;103,78;1906,93
351;9/10/2022;22:50:28;13399,00;11,49;6261,00;5025,20;83,67;104,33;1924,80
352;9/10/2022;22:50:29;13396,89;11,50;6261,50;5023,07;83,78;104,89;1923,66
353;9/10/2022;22:50:30;13394,78;11,50;6262,00;5020,93;83,89;105,44;1922,51
354;9/10/2022;22:50:30;13392,67;11,51;6262,50;5018,80;84,00;106,00;1921,37
355;9/10/2022;22:50:31;13390,56;11,51;6263,00;5016,67;84,00;106,00;1920,89
356;9/10/2022;22:50:32;13388,44;11,52;6263,50;5014,53;84,00;106,00;1920,41
357;9/10/2022;22:50:33;13386,33;11,52;6264,00;5012,40;84,00;106,00;1919,93
358;9/10/2022;22:50:34;13384,22;11,52;6264,00;5010,27;84,00;106,00;1919,96
359;9/10/2022;22:50:35;13382,11;11,51;6264,00;5008,13;84,00;106,00;1919,98
360;9/10/2022;22:50:36;13380,00;11,51;6264,00;5006,00;84,00;106,00;1920,00
361;9/10/2022;22:50:37;13380,00;11,51;6264,00;5006,00;84,00;106,00;1920,00
362;9/10/2022;22:50:38;13397,00;11,52;6265,50;5007,38;85,00;106,38;1932,75
363;9/10/2022;22:50:39;13414,00;11,53;6267,00;5008,75;85,43;106,75;1946,07
364;9/10/2022;22:50:40;13417,33;11,53;6268,50;5010,13;85,86;107,13;1945,73
365;9/10/2022;22:50:41;13420,67;11,52;6270,00;5011,50;86,29;107,50;1945,38
366;9/10/2022;22:50:42;13424,00;11,52;6271,00;5012,88;86,71;107,88;1945,54
367;9/10/2022;22:50:43;13427,33;11,51;6272,00;5014,25;87,14;108,25;1945,69
368;9/10/2022;22:50:44;13430,67;11,51;6273,00;5015,63;87,57;108,63;1945,84
369;9/10/2022;22:50:45;13434,00;11,50;6274,00;5017,00;88,00;109,00;1946,00
370;9/10/2022;22:50:45;13468,45;11,50;6275,00;5017,50;89,00;109,84;1977,11
371;9/10/2022;22:50:46;13502,91;11,51;6276,00;5018,00;90,00;110,68;2008,22
372;9/10/2022;22:50:47;13537,36;11,51;6277,00;5018,50;91,00;111,53;2039,34
373;9/10/2022;22:50:48;13571,82;11,54;6278,00;5019,00;92,00;112,37;2070,45
374;9/10/2022;22:50:49;13606,27;11,56;6279,00;5019,50;93,00;113,21;2101,56
375;9/10/2022;22:50:50;13640,73;11,56;6274,33;5020,00;95,00;114,05;2137,34
376;9/10/2022;22:50:51;13675,18;11,57;6269,67;5020,50;97,00;114,89;2173,12
377;9/10/2022;22:50:52;13709,64;11,57;6265,00;5021,00;99,00;115,74;2208,90
378;9/10/2022;22:50:53;13744,09;11,57;6267,67;5027,82;108,40;116,58;2223,63
379;9/10/2022;22:50:54;13778,55;11,58;6270,33;5034,64;117,80;117,42;2238,36
380;9/10/2022;22:50:55;13813,00;11,58;6273,00;5041,45;127,20;118,26;2253,08
381;9/10/2022;22:50:56;13960,00;11,59;6275,67;5048,27;136,60;119,11;2380,36
382;9/10/2022;22:50:57;14107,00;11,60;6278,33;5055,09;146,00;119,95;2507,63
383;9/10/2022;22:50:58;14109,50;11,60;6281,00;5061,91;161,00;120,79;2484,80
384;9/10/2022;22:50:59;14112,00;11,61;6283,67;5068,73;176,00;121,63;2461,97
385;9/10/2022;22:51:00;14114,50;11,61;6286,33;5075,55;191,00;122,47;2439,15
386;9/10/2022;22:51:00;14117,00;11,61;6289,00;5082,36;206,00;123,32;2416,32
387;9/10/2022;22:51:01;14119,50;11,61;6312,00;5089,18;221,00;124,16;2373,16
388;9/10/2022;22:51:02;14122,00;11,60;6335,00;5096,00;236,00;125,00;2330,00
389;9/10/2022;22:51:03;14124,50;11,60;6339,00;5096,62;237,00;126,00;2325,88
390;9/10/2022;22:51:04;14127,00;11,59;6343,00;5097,23;238,00;127,00;2321,77
391;9/10/2022;22:51:05;14129,50;11,59;6347,00;5097,85;239,00;128,00;2317,65
392;9/10/2022;22:51:06;14132,00;11,59;6345,50;5098,46;240,00;129,00;2319,04
393;9/10/2022;22:51:07;14134,50;11,58;6344,00;5099,08;241,00;130,00;2320,42
394;9/10/2022;22:51:08;14137,00;11,58;6342,50;5099,69;242,00;131,00;2321,81
395;9/10/2022;22:51:09;14130,45;11,59;6341,00;5100,31;239,56;132,00;2317,58
396;9/10/2022;22:51:10;14123,89;11,61;6339,50;5100,92;237,11;133,00;2313,36
397;9/10/2022;22:51:11;14117,33;11,61;6338,00;5101,54;234,67;134,00;2309,13
398;9/10/2022;22:51:12;14110,78;11,61;6336,50;5102,15;232,22;135,00;2304,90
399;9/10/2022;22:51:13;14104,22;11,62;6335,00;5102,77;229,78;136,00;2300,68
400;9/10/2022;22:51:14;14097,67;11,62;6333,50;5103,38;227,33;137,00;2296,45
401;9/10/2022;22:51:15;14091,11;11,62;6332,00;5104,00;224,89;138,00;2292,22
402;9/10/2022;22:51:15;14084,56;11,63;6330,80;5099,86;222,44;136,71;2294,74
403;9/10/2022;22:51:16;14078,00;11,63;6329,60;5095,71;220,00;135,43;2297,26
404;9/10/2022;22:51:17;14071,67;11,63;6328,40;5091,57;216,67;134,14;2300,89
405;9/10/2022;22:51:18;14065,33;11,62;6327,20;5087,43;213,33;132,86;2304,51
406;9/10/2022;22:51:19;14059,00;11,62;6326,00;5083,29;210,00;131,57;2308,14
407;9/10/2022;22:51:20;14052,50;11,63;6323,60;5079,14;204,00;130,29;2315,47
408;9/10/2022;22:51:21;14046,00;11,64;6321,20;5075,00;198,00;129,00;2322,80
409;9/10/2022;22:51:22;14039,50;11,65;6318,80;5073,08;196,00;129,22;2322,39
410;9/10/2022;22:51:23;14033,00;11,64;6316,40;5071,17;194,00;129,44;2321,99
411;9/10/2022;22:51:24;14026,50;11,62;6314,00;5069,25;192,00;129,67;2321,58
412;9/10/2022;22:51:25;14020,00;11,63;6313,00;5067,33;190,00;129,89;2319,78
413;9/10/2022;22:51:26;14013,50;11,63;6312,00;5065,42;188,00;130,11;2317,97
414;9/10/2022;22:51:27;14007,00;11,64;6311,00;5063,50;186,00;130,33;2316,17
415;9/10/2022;22:51:28;14000,50;11,64;6310,25;5061,58;184,00;130,56;2314,11
416;9/10/2022;22:51:29;13994,00;11,63;6309,50;5059,67;182,00;130,78;2312,06
417;9/10/2022;22:51:30;13987,50;11,63;6308,75;5057,75;180,00;131,00;2310,00
418;9/10/2022;22:51:30;13981,00;11,62;6308,00;5055,83;169,00;132,09;2316,08
419;9/10/2022;22:51:31;13974,50;11,63;6306,88;5053,92;158,00;133,18;2322,53
420;9/10/2022;22:51:32;13968,00;11,64;6305,75;5052,00;147,00;134,27;2328,98
421;9/10/2022;22:51:33;13965,25;11,64;6304,63;5052,18;145,63;135,36;2327,45
422;9/10/2022;22:51:34;13962,50;11,63;6303,50;5052,36;144,25;136,45;2325,93
423;9/10/2022;22:51:35;13959,75;11,63;6302,38;5052,55;142,88;137,55;2324,41
424;9/10/2022;22:51:36;13957,00;11,64;6301,25;5052,73;141,50;138,64;2322,89
425;9/10/2022;22:51:37;13954,25;11,64;6300,13;5052,91;140,13;139,73;2321,36
426;9/10/2022;22:51:38;13951,50;11,65;6299,00;5053,09;138,75;140,82;2319,84
427;9/10/2022;22:51:39;13948,75;11,63;6313,50;5053,27;137,38;141,91;2302,69
428;9/10/2022;22:51:40;13946,00;11,62;6328,00;5053,45;136,00;143,00;2285,55
429;9/10/2022;22:51:41;13939,67;11,63;6327,67;5053,64;133,67;141,71;2282,98
430;9/10/2022;22:51:42;13933,33;11,63;6327,33;5053,82;131,33;140,43;2280,42
431;9/10/2022;22:51:43;13927,00;11,64;6327,00;5054,00;129,00;139,14;2277,86
432;9/10/2022;22:51:44;13922,56;11,64;6326,67;5053,27;128,50;137,86;2276,26
433;9/10/2022;22:51:45;13918,11;11,64;6326,33;5052,55;128,00;136,57;2274,66
434;9/10/2022;22:51:45;13913,67;11,65;6326,00;5051,82;127,50;135,29;2273,06
435;9/10/2022;22:51:46;13909,22;11,65;6325,67;5051,09;127,00;134,00;2271,46
436;9/10/2022;22:51:47;13904,78;11,65;6325,33;5050,36;126,71;132,71;2269,65
437;9/10/2022;22:51:48;13900,33;11,65;6325,00;5049,64;126,43;131,43;2267,84
438;9/10/2022;22:51:49;13895,89;11,65;6324,00;5048,91;126,14;130,14;2266,69
439;9/10/2022;22:51:50;13891,44;11,65;6323,00;5048,18;125,86;128,86;2265,55
440;9/10/2022;22:51:51;13887,00;11,66;6322,00;5047,45;125,57;127,57;2264,40
441;9/10/2022;22:51:52;13882,50;11,66;6319,00;5046,73;125,29;126,29;2265,20
442;9/10/2022;22:51:53;13878,00;11,66;6316,00;5046,00;125,00;125,00;2266,00
443;9/10/2022;22:51:54;13875,29;11,64;6317,25;5046,08;124,86;123,43;2263,67
444;9/10/2022;22:51:55;13872,57;11,63;6318,50;5046,17;124,71;121,86;2261,33
445;9/10/2022;22:51:56;13869,86;11,61;6319,75;5046,25;124,57;120,29;2259,00
446;9/10/2022;22:51:57;13867,14;11,62;6321,00;5046,33;124,43;118,71;2256,67
447;9/10/2022;22:51:58;13864,43;11,63;6322,25;5046,42;124,29;117,14;2254,33
448;9/10/2022;22:51:59;13861,71;11,63;6323,50;5046,50;124,14;115,57;2252,00
449;9/10/2022;22:52:00;13859,00;11,64;6324,75;5046,58;124,00;114,00;2249,67
450;9/10/2022;22:52:00;13858,20;11,65;6326,00;5046,67;125,80;113,82;2245,91
451;9/10/2022;22:52:01;13857,40;11,66;6327,25;5046,75;127,60;113,65;2242,15
452;9/10/2022;22:52:02;13856,60;11,66;6328,50;5046,83;129,40;113,47;2238,40
453;9/10/2022;22:52:03;13855,80;11,66;6329,75;5046,92;131,20;113,29;2234,64
454;9/10/2022;22:52:04;13855,00;11,67;6331,00;5047,00;133,00;113,12;2230,88
455;9/10/2022;22:52:05;13854,20;11,67;6330,13;5049,17;140,40;112,94;2221,57
456;9/10/2022;22:52:06;13853,40;11,67;6329,25;5051,33;147,80;112,76;2212,25
457;9/10/2022;22:52:07;13852,60;11,67;6328,38;5053,50;155,20;112,59;2202,94
458;9/10/2022;22:52:08;13851,80;11,67;6327,50;5055,67;162,60;112,41;2193,62
459;9/10/2022;22:52:09;13851,00;11,66;6326,63;5057,83;170,00;112,24;2184,31
460;9/10/2022;22:52:10;13846,56;11,66;6325,75;5060,00;179,00;112,06;2169,75
461;9/10/2022;22:52:11;13842,11;11,65;6324,88;5062,17;188,00;111,88;2155,19
462;9/10/2022;22:52:12;13837,67;11,65;6324,00;5064,33;197,00;111,71;2140,63
463;9/10/2022;22:52:13;13833,22;11,65;6324,83;5066,50;206,00;111,53;2124,36
464;9/10/2022;22:52:14;13828,78;11,66;6325,67;5068,67;215,00;111,35;2108,09
465;9/10/2022;22:52:15;13824,33;11,66;6326,50;5070,83;224,00;111,18;2091,82
466;9/10/2022;22:52:15;13819,89;11,66;6327,33;5073,00;233,00;111,00;2075,56
467;9/10/2022;22:52:16;13815,44;11,67;6328,17;5070,75;240,00;110,88;2065,65
468;9/10/2022;22:52:17;13811,00;11,67;6329,00;5068,50;247,00;110,75;2055,75
469;9/10/2022;22:52:18;13819,33;11,66;6329,83;5066,25;249,00;110,63;2063,62
470;9/10/2022;22:52:19;13827,67;11,64;6330,67;5064,00;251,00;110,50;2071,50
471;9/10/2022;22:52:20;13836,00;11,63;6331,50;5061,75;253,00;110,38;2079,38
472;9/10/2022;22:52:21;13844,33;11,63;6332,33;5059,50;255,00;110,25;2087,25
473;9/10/2022;22:52:22;13852,67;11,64;6333,17;5057,25;257,00;110,13;2095,12
474;9/10/2022;22:52:23;13861,00;11,64;6334,00;5055,00;259,00;110,00;2103,00
475;9/10/2022;22:52:24;13869,33;11,63;6333,00;5055,11;261,00;110,78;2109,44
476;9/10/2022;22:52:25;13877,67;11,62;6332,00;5055,22;263,00;111,56;2115,89
477;9/10/2022;22:52:26;13886,00;11,61;6331,00;5055,33;265,00;112,33;2122,33
478;9/10/2022;22:52:27;13866,00;11,62;6330,00;5055,44;271,00;113,11;2096,44
479;9/10/2022;22:52:28;13846,00;11,63;6329,00;5055,56;277,00;113,89;2070,56
480;9/10/2022;22:52:29;13844,17;11,63;6328,00;5055,67;278,00;114,67;2067,83
481;9/10/2022;22:52:30;13842,33;11,64;6327,00;5055,78;279,00;115,44;2065,11
482;9/10/2022;22:52:30;13840,50;11,64;6326,00;5055,89;280,00;116,22;2062,39
483;9/10/2022;22:52:31;13838,67;11,64;6325,00;5056,00;281,00;117,00;2059,67
484;9/10/2022;22:52:32;13836,83;11,64;6325,75;5056,55;282,00;118,55;2053,99
485;9/10/2022;22:52:33;13835,00;11,63;6326,50;5057,09;283,00;120,09;2048,32
486;9/10/2022;22:52:34;13833,17;11,63;6327,25;5057,64;284,00;121,64;2042,64
487;9/10/2022;22:52:35;13831,33;11,64;6328,00;5058,18;282,00;123,18;2039,97
488;9/10/2022;22:52:36;13829,50;11,65;6328,75;5058,73;280,00;124,73;2037,30
489;9/10/2022;22:52:37;13827,67;11,65;6329,50;5059,27;278,00;126,27;2034,62
490;9/10/2022;22:52:38;13825,83;11,64;6330,25;5059,82;276,00;127,82;2031,95
491;9/10/2022;22:52:39;13824,00;11,64;6331,00;5060,36;274,00;129,36;2029,27
492;9/10/2022;22:52:40;13822,33;11,63;6333,33;5060,91;267,67;130,91;2029,52
493;9/10/2022;22:52:41;13820,67;11,63;6335,67;5061,45;261,33;132,45;2029,76
494;9/10/2022;22:52:42;13819,00;11,62;6338,00;5062,00;255,00;134,00;2030,00
495;9/10/2022;22:52:43;13817,33;11,63;6338,50;5062,36;250,78;136,07;2029,63
496;9/10/2022;22:52:44;13815,67;11,64;6339,00;5062,71;246,56;138,14;2029,25
497;9/10/2022;22:52:45;13814,00;11,64;6339,50;5063,07;242,33;140,21;2028,88
498;9/10/2022;22:52:45;13812,33;11,65;6340,00;5063,43;238,11;142,29;2028,51
499;9/10/2022;22:52:46;13810,67;11,64;6340,50;5063,79;233,89;144,36;2028,14
500;9/10/2022;22:52:47;13809,00;11,63;6341,00;5064,14;229,67;146,43;2027,76
501;9/10/2022;22:52:48;13807,33;11,64;6339,91;5064,50;225,44;148,50;2028,98
502;9/10/2022;22:52:49;13805,67;11,64;6338,82;5064,86;221,22;150,57;2030,20
503;9/10/2022;22:52:50;13804,00;11,65;6337,73;5065,21;217,00;152,64;2031,42
504;9/10/2022;22:52:51;13799,60;11,65;6336,64;5065,57;211,20;154,71;2031,48
505;9/10/2022;22:52:52;13795,20;11,66;6335,55;5065,93;205,40;156,79;2031,54
506;9/10/2022;22:52:53;13790,80;11,66;6334,45;5066,29;199,60;158,86;2031,60
507;9/10/2022;22:52:54;13786,40;11,65;6333,36;5066,64;193,80;160,93;2031,66
508;9/10/2022;22:52:55;13782,00;11,64;6332,27;5067,00;188,00;163,00;2031,73
509;9/10/2022;22:52:56;13784,86;11,64;6331,18;5067,56;184,43;169,78;2031,91
510;9/10/2022;22:52:57;13787,71;11,64;6330,09;5068,11;180,86;176,56;2032,10
511;9/10/2022;22:52:58;13790,57;11,64;6329,00;5068,67;177,29;183,33;2032,29
512;9/10/2022;22:52:59;13793,43;11,64;6328,67;5069,22;173,71;190,11;2031,71
513;9/10/2022;22:53:00;13796,29;11,65;6328,33;5069,78;170,14;196,89;2031,14
514;9/10/2022;22:53:00;13799,14;11,65;6328,00;5070,33;166,57;203,67;2030,57
515;9/10/2022;22:53:01;13802,00;11,65;6327,67;5070,89;163,00;210,44;2030,00
516;9/10/2022;22:53:02;13782,00;11,65;6327,33;5071,44;161,50;217,22;2004,50
517;9/10/2022;22:53:03;13762,00;11,65;6327,00;5072,00;160,00;224,00;1979,00
518;9/10/2022;22:53:04;13757,50;11,65;6326,67;5072,67;160,67;223,67;1973,83
519;9/10/2022;22:53:05;13753,00;11,65;6326,33;5073,33;161,33;223,33;1968,67
520;9/10/2022;22:53:06;13748,50;11,66;6326,00;5074,00;162,00;223,00;1963,50
521;9/10/2022;22:53:07;13744,00;11,66;6326,60;5074,67;163,22;222,67;1956,84
522;9/10/2022;22:53:08;13739,50;11,66;6327,20;5075,33;164,44;222,33;1950,19
523;9/10/2022;22:53:09;13735,00;11,66;6327,80;5076,00;165,67;222,00;1943,53
524;9/10/2022;22:53:10;13730,50;11,66;6328,40;5076,67;166,89;221,67;1936,88
525;9/10/2022;22:53:11;13726,00;11,65;6329,00;5077,33;168,11;221,33;1930,22
526;9/10/2022;22:53:12;13731,00;11,65;6329,44;5078,00;169,33;221,00;1933,22
527;9/10/2022;22:53:13;13736,00;11,65;6329,89;5078,67;170,56;220,67;1936,22
528;9/10/2022;22:53:14;13741,00;11,65;6330,33;5079,33;171,78;220,33;1939,22
529;9/10/2022;22:53:15;13746,00;11,65;6330,78;5080,00;173,00;220,00;1942,22
530;9/10/2022;22:53:15;13743,14;11,66;6331,22;5079,20;181,50;217,00;1934,22
531;9/10/2022;22:53:16;13740,29;11,66;6331,67;5078,40;190,00;214,00;1926,22
532;9/10/2022;22:53:17;13737,43;11,66;6332,11;5077,60;190,25;211,00;1926,47
533;9/10/2022;22:53:18;13734,57;11,66;6332,56;5076,80;190,50;208,00;1926,72
534;9/10/2022;22:53:19;13731,71;11,66;6333,00;5076,00;190,75;205,00;1926,96
535;9/10/2022;22:53:20;13728,86;11,65;6332,50;5075,20;191,00;202,00;1928,16
536;9/10/2022;22:53:21;13726,00;11,64;6332,00;5074,40;191,25;199,00;1929,35
537;9/10/2022;22:53:22;13722,33;11,64;6335,00;5073,60;191,50;196,00;1926,23
538;9/10/2022;22:53:23;13718,67;11,65;6338,00;5072,80;191,75;193,00;1923,12
539;9/10/2022;22:53:24;13715,00;11,65;6341,00;5072,00;192,00;190,00;1920,00
540;9/10/2022;22:53:25;13717,86;11,65;6341,78;5072,56;189,71;189,56;1924,25
541;9/10/2022;22:53:26;13720,71;11,66;6342,56;5073,11;187,43;189,11;1928,51
542;9/10/2022;22:53:27;13723,57;11,66;6343,33;5073,67;185,14;188,67;1932,76
543;9/10/2022;22:53:28;13726,43;11,66;6344,11;5074,22;182,86;188,22;1937,02
544;9/10/2022;22:53:29;13729,29;11,66;6344,89;5074,78;180,57;187,78;1941,27
545;9/10/2022;22:53:30;13732,14;11,65;6345,67;5075,33;178,29;187,33;1945,52
546;9/10/2022;22:53:30;13735,00;11,65;6346,44;5075,89;176,00;186,89;1949,78
547;9/10/2022;22:53:31;13731,88;11,66;6347,22;5076,44;171,50;186,44;1950,26
548;9/10/2022;22:53:32;13728,75;11,66;6348,00;5077,00;167,00;186,00;1950,75
549;9/10/2022;22:53:33;13725,63;11,66;6347,40;5077,36;166,00;184,36;1950,50
550;9/10/2022;22:53:34;13722,50;11,65;6346,80;5077,73;165,00;182,73;1950,25
551;9/10/2022;22:53:35;13719,38;11,65;6346,20;5078,09;164,00;181,09;1949,99
552;9/10/2022;22:53:36;13716,25;11,66;6345,60;5078,45;163,00;179,45;1949,74
553;9/10/2022;22:53:37;13713,13;11,66;6345,00;5078,82;162,00;177,82;1949,49
554;9/10/2022;22:53:38;13710,00;11,67;6344,40;5079,18;159,83;176,18;1950,40
555;9/10/2022;22:53:39;13706,36;11,67;6343,80;5079,55;157,67;174,55;1950,81
556;9/10/2022;22:53:40;13702,73;11,68;6343,20;5079,91;155,50;172,91;1951,21
557;9/10/2022;22:53:41;13699,09;11,67;6342,60;5080,27;153,33;171,27;1951,61
558;9/10/2022;22:53:42;13695,45;11,66;6342,00;5080,64;151,17;169,64;1952,01
559;9/10/2022;22:53:43;13691,82;11,65;6341,40;5081,00;149,00;168,00;1952,42
560;9/10/2022;22:53:44;13688,18;11,65;6340,80;5081,09;144,67;166,18;1955,44
561;9/10/2022;22:53:45;13684,55;11,64;6340,20;5081,18;140,33;164,36;1958,47
562;9/10/2022;22:53:45;13680,91;11,64;6339,60;5081,27;136,00;162,55;1961,49
563;9/10/2022;22:53:46;13677,27;11,64;6339,00;5081,36;131,67;160,73;1964,51
564;9/10/2022;22:53:47;13673,64;11,63;6338,57;5081,45;127,33;158,91;1967,37
565;9/10/2022;22:53:48;13670,00;11,63;6338,14;5081,55;123,00;157,09;1970,22
566;9/10/2022;22:53:49;13679,88;11,64;6337,71;5081,64;121,50;155,27;1983,75
567;9/10/2022;22:53:50;13689,75;11,66;6337,29;5081,73;120,00;153,45;1997,28
568;9/10/2022;22:53:51;13699,63;11,67;6336,86;5081,82;118,50;151,64;2010,81
569;9/10/2022;22:53:52;13709,50;11,68;6336,43;5081,91;117,00;149,82;2024,34
570;9/10/2022;22:53:53;13719,38;11,68;6336,00;5082,00;115,50;148,00;2037,88
571;9/10/2022;22:53:54;13729,25;11,69;6337,00;5081,92;114,00;147,83;2048,50
572;9/10/2022;22:53:55;13739,13;11,71;6338,00;5081,83;112,50;147,67;2059,13
573;9/10/2022;22:53:56;13749,00;11,72;6339,00;5081,75;111,00;147,50;2069,75
574;9/10/2022;22:53:57;13752,00;11,70;6339,25;5081,67;108,00;147,33;2075,75
575;9/10/2022;22:53:58;13755,00;11,68;6339,50;5081,58;105,00;147,17;2081,75
576;9/10/2022;22:53:59;13758,00;11,65;6339,75;5081,50;105,08;147,00;2084,67
577;9/10/2022;22:54:00;13761,00;11,63;6340,00;5081,42;105,17;146,83;2087,58
578;9/10/2022;22:54:00;13764,00;11,64;6340,25;5081,33;105,25;146,67;2090,50
579;9/10/2022;22:54:01;13767,00;11,65;6340,50;5081,25;105,33;146,50;2093,42
580;9/10/2022;22:54:02;13770,00;11,66;6340,75;5081,17;105,42;146,33;2096,33
581;9/10/2022;22:54:03;13773,00;11,67;6341,00;5081,08;105,50;146,17;2099,25
582;9/10/2022;22:54:04;13776,00;11,68;6341,25;5081,00;105,58;146,00;2102,17
583;9/10/2022;22:54:05;13779,00;11,68;6341,50;5081,25;105,67;145,67;2104,92
584;9/10/2022;22:54:06;13782,00;11,68;6341,75;5081,50;105,75;145,33;2107,67
585;9/10/2022;22:54:07;13785,00;11,67;6342,00;5081,75;105,83;145,00;2110,42
586;9/10/2022;22:54:08;13788,00;11,67;6343,50;5082,00;105,92;144,67;2111,92
587;9/10/2022;22:54:09;13791,00;11,67;6345,00;5082,25;106,00;144,33;2113,42
588;9/10/2022;22:54:10;13779,57;11,67;6344,70;5082,50;106,14;144,00;2102,23
589;9/10/2022;22:54:11;13768,14;11,66;6344,40;5082,75;106,29;143,67;2091,04
590;9/10/2022;22:54:12;13756,71;11,66;6344,10;5083,00;106,43;143,33;2079,85
591;9/10/2022;22:54:13;13745,29;11,66;6343,80;5083,25;106,57;143,00;2068,66
592;9/10/2022;22:54:14;13733,86;11,66;6343,50;5083,50;106,71;142,67;2057,48
593;9/10/2022;22:54:15;13722,43;11,65;6343,20;5083,75;106,86;142,33;2046,29
594;9/10/2022;22:54:15;13711,00;11,65;6342,90;5084,00;107,00;142,00;2035,10
595;9/10/2022;22:54:16;13707,20;11,67;6342,60;5084,38;106,67;139,63;2033,93
596;9/10/2022;22:54:17;13703,40;11,68;6342,30;5084,75;106,33;137,25;2032,77
597;9/10/2022;22:54:18;13699,60;11,70;6342,00;5085,13;106,00;134,88;2031,60
598;9/10/2022;22:54:19;13695,80;11,71;6340,50;5085,50;105,80;132,50;2031,50
599;9/10/2022;22:54:20;13692,00;11,71;6339,00;5085,88;105,60;130,13;2031,40
600;9/10/2022;22:54:21;13687,33;11,70;6338,50;5086,25;105,40;127,75;2029,43
601;9/10/2022;22:54:22;13682,67;11,68;6338,00;5086,63;105,20;125,38;2027,47
602;9/10/2022;22:54:23;13678,00;11,67;6337,50;5087,00;105,00;123,00;2025,50
603;9/10/2022;22:54:24;13673,56;11,68;6337,00;5086,25;104,89;121,56;2023,86
604;9/10/2022;22:54:25;13669,11;11,70;6336,50;5085,50;104,78;120,11;2022,22
605;9/10/2022;22:54:26;13664,67;11,71;6336,00;5084,75;104,67;118,67;2020,58
606;9/10/2022;22:54:27;13660,22;11,70;6335,50;5084,00;104,56;117,22;2018,94
607;9/10/2022;22:54:28;13655,78;11,68;6335,00;5083,25;104,44;115,78;2017,31
608;9/10/2022;22:54:29;13651,33;11,68;6336,00;5082,50;104,33;114,33;2014,17
609;9/10/2022;22:54:30;13646,89;11,68;6337,00;5081,75;104,22;112,89;2011,03
610;9/10/2022;22:54:30;13642,44;11,69;6338,00;5081,00;104,11;111,44;2007,89
611;9/10/2022;22:54:31;13638,00;11,69;6339,00;5080,25;104,00;110,00;2004,75
612;9/10/2022;22:54:32;13618,33;11,68;6340,38;5079,50;103,20;109,40;1985,86
613;9/10/2022;22:54:33;13598,67;11,68;6341,75;5078,75;102,40;108,80;1966,97
614;9/10/2022;22:54:34;13579,00;11,67;6343,13;5078,00;101,60;108,20;1948,08
615;9/10/2022;22:54:35;13574,00;11,69;6344,50;5077,58;100,80;107,60;1943,52
616;9/10/2022;22:54:36;13569,00;11,71;6345,88;5077,17;100,00;107,00;1938,96
617;9/10/2022;22:54:37;13564,00;11,70;6347,25;5076,75;99,90;106,40;1933,70
618;9/10/2022;22:54:38;13559,00;11,68;6348,63;5076,33;99,80;105,80;1928,44
619;9/10/2022;22:54:39;13554,00;11,67;6350,00;5075,92;99,70;105,20;1923,18
620;9/10/2022;22:54:40;13549,00;11,68;6348,71;5075,50;99,60;104,60;1920,59
621;9/10/2022;22:54:41;13544,00;11,69;6347,43;5075,08;99,50;104,00;1917,99
622;9/10/2022;22:54:42;13539,00;11,70;6346,14;5074,67;99,40;103,40;1915,39
623;9/10/2022;22:54:43;13534,00;11,69;6344,86;5074,25;99,30;102,80;1912,79
624;9/10/2022;22:54:44;13529,00;11,68;6343,57;5073,83;99,20;102,20;1910,20
625;9/10/2022;22:54:45;13524,00;11,68;6342,29;5073,42;99,10;101,60;1907,60
626;9/10/2022;22:54:45;13519,00;11,67;6341,00;5073,00;99,00;101,00;1905,00
627;9/10/2022;22:54:46;13509,50;11,68;6340,69;5071,57;101,00;100,71;1895,52
628;9/10/2022;22:54:47;13500,00;11,68;6340,38;5070,14;103,00;100,43;1886,04
629;9/10/2022;22:54:48;13496,50;11,69;6340,08;5068,71;103,75;100,14;1883,82
630;9/10/2022;22:54:49;13493,00;11,70;6339,77;5067,29;104,50;99,86;1881,59
631;9/10/2022;22:54:50;13489,50;11,71;6339,46;5065,86;105,25;99,57;1879,36
632;9/10/2022;22:54:51;13486,00;11,70;6339,15;5064,43;106,00;99,29;1877,13
633;9/10/2022;22:54:52;13482,50;11,69;6338,85;5063,00;106,75;99,00;1874,90
634;9/10/2022;22:54:53;13479,00;11,70;6338,54;5063,33;107,50;99,08;1870,54
635;9/10/2022;22:54:54;13475,50;11,70;6338,23;5063,67;108,25;99,17;1866,19
636;9/10/2022;22:54:55;13472,00;11,71;6337,92;5064,00;109,00;99,25;1861,83
637;9/10/2022;22:54:56;13478,67;11,70;6337,62;5064,33;111,00;99,33;1866,38
638;9/10/2022;22:54:57;13485,33;11,69;6337,31;5064,67;113,00;99,42;1870,94
639;9/10/2022;22:54:58;13492,00;11,68;6337,00;5065,00;115,00;99,50;1875,50
640;9/10/2022;22:54:59;13489,64;11,68;6337,33;5065,33;115,22;99,58;1872,16
641;9/10/2022;22:55:00;13487,27;11,69;6337,67;5065,67;115,44;99,67;1868,83
642;9/10/2022;22:55:00;13484,91;11,69;6338,00;5066,00;115,67;99,75;1865,49
643;9/10/2022;22:55:01;13482,55;11,69;6338,33;5066,33;115,89;99,83;1862,16
644;9/10/2022;22:55:02;13480,18;11,70;6338,67;5066,67;116,11;99,92;1858,82
645;9/10/2022;22:55:03;13477,82;11,70;6339,00;5067,00;116,33;100,00;1855,49
646;9/10/2022;22:55:04;13475,46;11,69;6341,00;5067,33;116,56;100,75;1849,82
647;9/10/2022;22:55:05;13473,09;11,69;6343,00;5067,67;116,78;101,50;1844,15
648;9/10/2022;22:55:06;13470,73;11,68;6345,00;5068,00;117,00;102,25;1838,48
649;9/10/2022;22:55:07;13468,36;11,68;6344,33;5068,40;117,27;103,00;1835,36
650;9/10/2022;22:55:08;13466,00;11,68;6343,67;5068,80;117,55;103,75;1832,24
651;9/10/2022;22:55:09;13463,78;11,69;6343,00;5069,20;117,82;104,50;1829,26
652;9/10/2022;22:55:10;13461,56;11,69;6342,33;5069,60;118,09;105,25;1826,28
653;9/10/2022;22:55:11;13459,33;11,69;6341,67;5070,00;118,36;106,00;1823,30
654;9/10/2022;22:55:12;13457,11;11,69;6341,00;5069,27;118,64;105,71;1822,50
655;9/10/2022;22:55:13;13454,89;11,70;6340,33;5068,55;118,91;105,41;1821,69
656;9/10/2022;22:55:14;13452,67;11,70;6339,67;5067,82;119,18;105,12;1820,88
657;9/10/2022;22:55:15;13450,44;11,70;6339,00;5067,09;119,45;104,82;1820,08
658;9/10/2022;22:55:15;13448,22;11,71;6334,50;5066,36;119,73;104,53;1823,10
659;9/10/2022;22:55:16;13446,00;11,71;6330,00;5065,64;120,00;104,24;1826,13
660;9/10/2022;22:55:17;13444,54;11,71;6330,45;5064,91;126,33;103,94;1818,91
661;9/10/2022;22:55:18;13443,09;11,71;6330,91;5064,18;132,67;103,65;1811,69
662;9/10/2022;22:55:19;13441,64;11,71;6331,36;5063,45;139,00;103,35;1804,47
663;9/10/2022;22:55:20;13440,18;11,70;6331,82;5062,73;145,50;103,06;1797,08
664;9/10/2022;22:55:21;13438,73;11,70;6332,27;5062,00;152,00;102,76;1789,69
665;9/10/2022;22:55:22;13437,27;11,70;6332,73;5065,00;152,33;102,47;1784,74
666;9/10/2022;22:55:23;13435,82;11,72;6333,18;5068,00;152,67;102,18;1779,79
667;9/10/2022;22:55:24;13434,36;11,73;6333,64;5071,00;153,00;101,88;1774,84
668;9/10/2022;22:55:25;13432,91;11,74;6334,09;5074,00;153,33;101,59;1769,90
669;9/10/2022;22:55:26;13431,45;11,75;6334,55;5077,00;153,67;101,29;1764,95
670;9/10/2022;22:55:27;13430,00;11,76;6335,00;5080,00;154,00;101,00;1760,00
671;9/10/2022;22:55:28;13403,33;11,79;6328,86;5083,00;154,33;101,86;1735,29
672;9/10/2022;22:55:29;13376,67;11,82;6322,71;5086,00;154,67;102,71;1710,57
673;9/10/2022;22:55:30;13350,00;11,85;6316,57;5089,00;155,00;103,57;1685,86
674;9/10/2022;22:55:30;13156,50;11,86;6310,43;5092,00;165,25;104,43;1484,39
675;9/10/2022;22:55:31;12963,00;11,87;6304,29;5095,00;175,50;105,29;1282,93
676;9/10/2022;22:55:32;12769,50;11,87;6298,14;5098,00;185,75;106,14;1081,46
677;9/10/2022;22:55:33;12576,00;11,88;6292,00;5101,00;196,00;107,00;880,00
678;9/10/2022;22:55:34;12478,38;11,93;6118,60;5125,20;226,14;118,80;889,63
679;9/10/2022;22:55:35;12380,75;11,98;5945,20;5149,40;256,29;130,60;899,26
680;9/10/2022;22:55:36;12283,13;12,00;5771,80;5173,60;286,43;142,40;908,89
681;9/10/2022;22:55:37;12185,50;12,01;5598,40;5197,80;316,57;154,20;918,53
682;9/10/2022;22:55:38;12087,88;12,03;5425,00;5222,00;346,72;166,00;928,16
683;9/10/2022;22:55:39;11990,25;12,02;5142,07;5246,20;376,86;177,80;1047,33
684;9/10/2022;22:55:40;11892,63;12,02;4859,14;5270,40;407,00;189,60;1166,49
685;9/10/2022;22:55:41;11795,00;12,01;4576,21;5294,60;452,33;201,40;1270,46
686;9/10/2022;22:55:42;11308,50;12,05;4293,28;5318,80;497,67;213,20;985,55
687;9/10/2022;22:55:43;10822,00;12,09;4010,35;5343,00;543,00;225,00;700,65
688;9/10/2022;22:55:44;10754,45;12,10;3727,42;5339,42;546,33;227,92;913,35
689;9/10/2022;22:55:45;10686,89;12,11;3444,50;5335,83;549,67;230,83;1126,06
690;9/10/2022;22:55:45;10619,33;12,11;3161,57;5332,25;553,00;233,75;1338,77
691;9/10/2022;22:55:46;10551,78;12,12;2878,64;5328,67;556,33;236,67;1551,47
692;9/10/2022;22:55:47;10484,22;12,13;2595,71;5325,08;559,67;239,58;1764,18
693;9/10/2022;22:55:48;10416,67;12,13;2312,78;5321,50;563,00;242,50;1976,89
694;9/10/2022;22:55:49;10349,11;12,14;2029,85;5317,92;566,33;245,42;2189,59
695;9/10/2022;22:55:50;10281,56;12,16;1746,92;5314,33;569,67;248,33;2402,30
696;9/10/2022;22:55:51;10214,00;12,17;1464,00;5310,75;573,00;251,25;2615,00
697;9/10/2022;22:55:52;10127,00;12,15;1402,00;5307,17;555,00;254,17;2608,67
698;9/10/2022;22:55:53;10040,00;12,13;1340,00;5303,58;537,00;257,08;2602,33
699;9/10/2022;22:55:54;9953,00;12,11;1278,00;5300,00;519,00;260,00;2596,00
700;9/10/2022;22:55:55;10050,75;12,09;1216,00;5263,14;507,29;254,58;2809,74
701;9/10/2022;22:55:56;10148,50;12,07;1154,00;5226,28;495,57;249,17;3023,48
702;9/10/2022;22:55:57;10246,25;12,05;1092,00;5189,43;483,86;243,75;3237,22
703;9/10/2022;22:55:58;10344,00;12,04;1080,00;5152,57;472,14;238,33;3400,95
704;9/10/2022;22:55:59;10441,75;12,03;1068,00;5115,71;460,43;232,92;3564,69
705;9/10/2022;22:56:00;10539,50;12,02;1056,00;5078,86;448,71;227,50;3728,43
706;9/10/2022;22:56:00;10637,25;12,01;1044,00;5042,00;437,00;222,08;3892,17
707;9/10/2022;22:56:01;10735,00;11,99;1032,00;5017,15;419,00;216,67;4050,18
708;9/10/2022;22:56:02;10832,75;11,96;1020,00;4992,31;401,00;211,25;4208,19
709;9/10/2022;22:56:03;10930,50;11,96;1514,32;4967,46;383,00;205,83;3859,89
710;9/10/2022;22:56:04;11028,25;11,97;2008,65;4942,61;365,00;200,42;3511,57
711;9/10/2022;22:56:05;11126,00;11,97;2503,00;4917,77;347,00;195,00;3163,23
712;9/10/2022;22:56:06;11204,20;11,96;2799,19;4892,92;246,50;179,25;3086,34
713;9/10/2022;22:56:07;11282,40;11,94;3095,39;4868,08;146,00;163,50;3009,43
714;9/10/2022;22:56:08;11360,60;11,93;3391,59;4843,23;129,83;147,75;2848,20
715;9/10/2022;22:56:09;11438,80;11,93;3687,79;4818,38;113,67;132,00;2686,96
716;9/10/2022;22:56:10;11517,00;11,92;3984,00;4793,54;97,50;116,25;2525,71
717;9/10/2022;22:56:11;11646,00;11,91;4116,89;4768,69;81,33;100,50;2578,59
718;9/10/2022;22:56:12;11775,00;11,91;4249,78;4743,85;65,17;84,75;2631,46
719;9/10/2022;22:56:13;11904,00;11,90;4382,67;4719,00;49,00;69,00;2684,33
720;9/10/2022;22:56:14;11940,11;11,89;4515,55;4735,44;43,56;61,33;2584,22
721;9/10/2022;22:56:15;11976,22;11,88;4648,44;4751,89;38,11;53,67;2484,11
722;9/10/2022;22:56:15;12012,33;11,88;4781,33;4768,33;32,67;46,00;2384,00
723;9/10/2022;22:56:16;12048,44;11,87;4914,22;4784,78;27,22;38,33;2283,89
724;9/10/2022;22:56:17;12084,56;11,88;5047,11;4801,22;21,78;30,67;2183,78
725;9/10/2022;22:56:18;12120,67;11,89;5180,00;4817,67;16,33;23,00;2083,67
726;9/10/2022;22:56:19;12156,78;11,89;5341,67;4834,11;10,89;15,33;1954,78
727;9/10/2022;22:56:20;12192,89;11,90;5503,33;4850,56;5,44;7,67;1825,89
728;9/10/2022;22:56:21;12229,00;11,90;5665,00;4867,00;0,00;0,00;1697,00
729;9/10/2022;22:56:22;12262,00;11,88;5748,40;4870,75;1,00;1,05;1640,80
730;9/10/2022;22:56:23;12295,00;11,87;5831,80;4874,50;2,00;2,09;1584,61
731;9/10/2022;22:56:24;12328,00;11,85;5915,20;4878,25;8,10;3,14;1523,31
732;9/10/2022;22:56:25;12358,33;11,84;5998,60;4882,00;14,20;4,18;1459,35
733;9/10/2022;22:56:26;12388,67;11,83;6082,00;4885,75;20,30;5,23;1395,39
734;9/10/2022;22:56:27;12419,00;11,83;6096,57;4889,50;26,40;6,27;1400,26
735;9/10/2022;22:56:28;12449,33;11,84;6111,14;4893,25;32,50;7,32;1405,12
736;9/10/2022;22:56:29;12479,67;11,84;6125,71;4897,00;38,60;8,36;1409,99
737;9/10/2022;22:56:30;12510,00;11,84;6140,29;4900,75;44,70;9,41;1414,86
738;9/10/2022;22:56:30;12526,20;11,83;6154,86;4904,50;50,80;10,45;1405,59
739;9/10/2022;22:56:31;12542,40;11,82;6169,43;4908,25;56,90;11,50;1396,32
740;9/10/2022;22:56:32;12558,60;11,81;6184,00;4912,00;63,00;12,55;1387,05
741;9/10/2022;22:56:33;12574,80;11,81;6194,00;4916,10;85,50;13,59;1365,61
742;9/10/2022;22:56:34;12591,00;11,80;6204,00;4920,20;108,00;14,64;1344,16
743;9/10/2022;22:56:35;12592,50;11,80;6214,00;4924,30;110,83;15,68;1327,69
744;9/10/2022;22:56:36;12594,00;11,79;6224,00;4928,40;113,67;16,73;1311,21
745;9/10/2022;22:56:37;12595,50;11,79;6234,00;4932,50;116,50;17,77;1294,73
746;9/10/2022;22:56:38;12597,00;11,80;6244,00;4936,60;119,33;18,82;1278,25
747;9/10/2022;22:56:39;12598,50;11,80;6254,00;4940,70;122,17;19,86;1261,77
748;9/10/2022;22:56:40;12600,00;11,81;6264,00;4944,80;125,00;20,91;1245,29
749;9/10/2022;22:56:41;12616,67;11,81;6230,00;4948,90;135,50;21,95;1280,31
750;9/10/2022;22:56:42;12633,33;11,82;6196,00;4953,00;146,00;23,00;1315,33
751;9/10/2022;22:56:43;12650,00;11,80;6203,25;4955,08;150,57;24,05;1317,05
752;9/10/2022;22:56:44;12666,67;11,79;6210,50;4957,17;155,14;25,09;1318,77
753;9/10/2022;22:56:45;12683,33;11,77;6217,75;4959,25;159,71;26,14;1320,48
754;9/10/2022;22:56:45;12700,00;11,75;6225,00;4961,33;164,29;27,18;1322,20
755;9/10/2022;22:56:46;12726,67;11,76;6226,50;4963,42;168,86;28,23;1339,67
756;9/10/2022;22:56:47;12753,33;11,78;6228,00;4965,50;173,43;29,27;1357,13
757;9/10/2022;22:56:48;12780,00;11,79;6229,50;4967,58;178,00;30,32;1374,60
758;9/10/2022;22:56:49;12782,63;11,78;6231,00;4969,67;178,25;31,36;1372,34
759;9/10/2022;22:56:50;12785,25;11,78;6232,50;4971,75;178,50;32,41;1370,09
760;9/10/2022;22:56:51;12787,88;11,77;6234,00;4973,83;178,75;33,45;1367,84
761;9/10/2022;22:56:52;12790,50;11,77;6235,50;4975,92;179,00;34,50;1365,58
762;9/10/2022;22:56:53;12793,13;11,77;6237,00;4978,00;179,25;35,55;1363,33
763;9/10/2022;22:56:54;12795,75;11,78;6245,33;4979,08;179,50;36,59;1355,24
764;9/10/2022;22:56:55;12798,38;11,78;6253,67;4980,17;179,75;37,64;1347,16
765;9/10/2022;22:56:56;12801,00;11,78;6262,00;4981,25;180,00;38,68;1339,07
766;9/10/2022;22:56:57;12796,00;11,77;6263,30;4982,33;176,50;39,73;1334,14
767;9/10/2022;22:56:58;12791,00;11,77;6264,60;4983,42;173,00;40,77;1329,21
768;9/10/2022;22:56:59;12786,00;11,76;6265,90;4984,50;169,50;41,82;1324,28
769;9/10/2022;22:57:00;12781,00;11,75;6267,20;4985,58;166,00;42,86;1319,35
770;9/10/2022;22:57:00;12784,33;11,75;6268,50;4986,67;163,20;43,91;1322,06
771;9/10/2022;22:57:01;12787,67;11,74;6269,80;4987,75;160,40;44,95;1324,76
772;9/10/2022;22:57:02;12791,00;11,74;6271,10;4988,83;157,60;46,00;1327,47
773;9/10/2022;22:57:03;12794,33;11,74;6272,40;4989,92;154,80;47,05;1330,17
774;9/10/2022;22:57:04;12797,67;11,73;6273,70;4991,00;152,00;48,09;1332,88
775;9/10/2022;22:57:05;12801,00;11,73;6275,00;4984,33;149,50;49,14;1343,03
776;9/10/2022;22:57:06;12803,80;11,73;6258,50;4977,67;147,00;50,18;1370,45
777;9/10/2022;22:57:07;12806,60;11,72;6242,00;4971,00;144,50;51,23;1397,87
778;9/10/2022;22:57:08;12809,40;11,73;6242,21;4964,33;142,00;52,27;1408,58
779;9/10/2022;22:57:09;12812,20;11,74;6242,43;4957,67;139,50;53,32;1419,29
780;9/10/2022;22:57:10;12815,00;11,75;6242,64;4951,00;137,00;54,36;1429,99
781;9/10/2022;22:57:11;12841,67;11,74;6242,86;4944,33;135,33;55,41;1463,73
782;9/10/2022;22:57:12;12868,33;11,74;6243,07;4937,67;133,67;56,45;1497,47
783;9/10/2022;22:57:13;12895,00;11,73;6243,29;4931,00;132,00;57,50;1531,21
784;9/10/2022;22:57:14;12902,38;11,73;6243,50;4932,91;131,50;58,55;1535,92
785;9/10/2022;22:57:15;12909,75;11,74;6243,71;4934,82;131,00;59,59;1540,63
786;9/10/2022;22:57:15;12917,13;11,74;6243,93;4936,73;130,50;60,64;1545,33
787;9/10/2022;22:57:16;12924,50;11,73;6244,14;4938,64;130,00;61,68;1550,04
788;9/10/2022;22:57:17;12931,88;11,72;6244,36;4940,55;129,50;62,73;1554,74
789;9/10/2022;22:57:18;12939,25;11,71;6244,57;4942,45;129,00;63,77;1559,45
790;9/10/2022;22:57:19;12946,63;11,71;6244,79;4944,36;128,50;64,82;1564,16
791;9/10/2022;22:57:20;12954,00;11,70;6245,00;4946,27;128,00;65,86;1568,86
792;9/10/2022;22:57:21;12953,67;11,70;6248,00;4948,18;126,33;66,91;1564,24
793;9/10/2022;22:57:22;12953,33;11,69;6251,00;4950,09;124,67;67,95;1559,62
794;9/10/2022;22:57:23;12953,00;11,69;6254,00;4952,00;123,00;69,00;1555,00
795;9/10/2022;22:57:24;12955,22;11,68;6257,20;4955,00;121,33;72,67;1549,02
796;9/10/2022;22:57:25;12957,44;11,68;6260,40;4958,00;119,67;76,33;1543,04
797;9/10/2022;22:57:26;12959,67;11,67;6263,60;4961,00;118,00;80,00;1537,07
798;9/10/2022;22:57:27;12961,89;11,67;6266,80;4964,00;113,00;83,67;1534,42
799;9/10/2022;22:57:28;12964,11;11,67;6270,00;4967,00;108,00;87,33;1531,78
800;9/10/2022;22:57:29;12966,33;11,67;6263,50;4970,00;103,00;91,00;1538,83
801;9/10/2022;22:57:30;12968,56;11,66;6257,00;4973,00;98,00;94,67;1545,89
802;9/10/2022;22:57:30;12970,78;11,66;6250,50;4976,00;93,00;98,33;1552,94
803;9/10/2022;22:57:31;12973,00;11,66;6244,00;4979,00;88,00;102,00;1560,00
804;9/10/2022;22:57:32;12993,00;11,65;6244,60;4982,00;85,67;105,67;1575,07
805;9/10/2022;22:57:33;13013,00;11,65;6245,20;4985,00;83,33;109,33;1590,13
806;9/10/2022;22:57:34;13033,00;11,64;6245,80;4988,00;81,00;113,00;1605,20
807;9/10/2022;22:57:35;13029,38;11,65;6246,40;4989,18;82,13;113,45;1598,21
808;9/10/2022;22:57:36;13025,75;11,66;6247,00;4990,36;83,25;113,91;1591,23
809;9/10/2022;22:57:37;13022,13;11,65;6248,00;4991,55;84,38;114,36;1583,84
810;9/10/2022;22:57:38;13018,50;11,64;6249,00;4992,73;85,50;114,82;1576,45
811;9/10/2022;22:57:39;13014,88;11,63;6250,00;4993,91;86,63;115,27;1569,07
812;9/10/2022;22:57:40;13011,25;11,62;6251,00;4995,09;87,75;115,73;1561,68
813;9/10/2022;22:57:41;13007,63;11,61;6252,00;4996,27;88,88;116,18;1554,30
814;9/10/2022;22:57:42;13004,00;11,60;6253,00;4997,45;90,00;116,64;1546,91
815;9/10/2022;22:57:43;13017,00;11,61;6254,00;4998,64;90,83;117,09;1556,44
816;9/10/2022;22:57:44;13030,00;11,61;6255,00;4999,82;91,67;117,55;1565,97
817;9/10/2022;22:57:45;13043,00;11,62;6256,00;5001,00;92,50;118,00;1575,50
818;9/10/2022;22:57:45;13053,00;11,63;6257,00;5003,00;93,33;118,36;1581,30
819;9/10/2022;22:57:46;13063,00;11,64;6258,00;5005,00;94,17;118,73;1587,11
820;9/10/2022;22:57:47;13073,00;11,65;6259,00;5007,00;95,00;119,09;1592,91
821;9/10/2022;22:57:48;13083,00;11,66;6260,00;5009,00;96,33;119,45;1598,21
822;9/10/2022;22:57:49;13093,00;11,67;6261,00;5011,00;97,67;119,82;1603,52
823;9/10/2022;22:57:50;13103,00;11,68;6262,00;5013,00;99,00;120,18;1608,82
824;9/10/2022;22:57:51;13117,40;11,66;6263,00;5015,00;99,60;120,55;1619,25
825;9/10/2022;22:57:52;13131,80;11,64;6264,00;5017,00;100,20;120,91;1629,69
826;9/10/2022;22:57:53;13146,20;11,62;6265,00;5019,00;100,80;121,27;1640,13
827;9/10/2022;22:57:54;13160,60;11,63;6265,63;5021,00;101,40;121,64;1650,94
828;9/10/2022;22:57:55;13175,00;11,63;6266,25;5023,00;102,00;122,00;1661,75
829;9/10/2022;22:57:56;13194,67;11,63;6266,88;5019,33;105,67;122,78;1680,01
830;9/10/2022;22:57:57;13214,33;11,64;6267,50;5015,67;109,33;123,56;1698,28
831;9/10/2022;22:57:58;13234,00;11,64;6268,13;5012,00;113,00;124,33;1716,54
832;9/10/2022;22:57:59;13237,33;11,65;6268,75;5008,33;115,67;125,11;1719,47
833;9/10/2022;22:58:00;13240,67;11,65;6269,38;5004,67;118,33;125,89;1722,40
834;9/10/2022;22:58:00;13244,00;11,66;6270,00;5001,00;121,00;126,67;1725,33
835;9/10/2022;22:58:01;13247,33;11,66;6270,63;4997,33;123,67;127,44;1728,26
836;9/10/2022;22:58:02;13250,67;11,64;6271,25;4993,67;126,33;128,22;1731,19
837;9/10/2022;22:58:03;13254,00;11,63;6271,88;4990,00;129,00;129,00;1734,13
838;9/10/2022;22:58:04;13265,20;11,63;6272,50;4991,88;129,88;129,25;1741,70
839;9/10/2022;22:58:05;13276,40;11,64;6273,13;4993,75;130,75;129,50;1749,27
840;9/10/2022;22:58:06;13287,60;11,64;6273,75;4995,63;131,63;129,75;1756,85
841;9/10/2022;22:58:07;13298,80;11,64;6274,38;4997,50;132,50;130,00;1764,42
842;9/10/2022;22:58:08;13310,00;11,64;6275,00;4999,38;133,38;130,25;1772,00
843;9/10/2022;22:58:09;13312,86;11,63;6273,47;5001,25;134,25;130,50;1773,39
844;9/10/2022;22:58:10;13315,71;11,63;6271,93;5003,13;135,13;130,75;1774,78
845;9/10/2022;22:58:11;13318,57;11,63;6270,40;5005,00;136,00;131,00;1776,17
846;9/10/2022;22:58:12;13321,43;11,63;6268,87;5006,57;141,25;131,25;1773,49
847;9/10/2022;22:58:13;13324,29;11,63;6267,33;5008,14;146,50;131,50;1770,81
848;9/10/2022;22:58:14;13327,14;11,62;6265,80;5009,71;151,75;131,75;1768,13
849;9/10/2022;22:58:15;13330,00;11,62;6264,27;5011,29;157,00;132,00;1765,45
850;9/10/2022;22:58:15;13338,00;11,63;6262,73;5012,86;159,60;131,70;1771,11
851;9/10/2022;22:58:16;13346,00;11,64;6261,20;5014,43;162,20;131,40;1776,77
852;9/10/2022;22:58:17;13354,00;11,63;6259,67;5016,00;164,80;131,10;1782,43
853;9/10/2022;22:58:18;13362,00;11,62;6258,13;5017,57;167,40;130,80;1788,10
854;9/10/2022;22:58:19;13370,00;11,61;6256,60;5019,14;170,00;130,50;1793,76
855;9/10/2022;22:58:20;13362,00;11,62;6255,07;5020,71;170,80;130,20;1785,22
856;9/10/2022;22:58:21;13354,00;11,63;6253,53;5022,29;171,60;129,90;1776,68
857;9/10/2022;22:58:22;13346,00;11,64;6252,00;5023,86;172,40;129,60;1768,14
858;9/10/2022;22:58:23;13338,00;11,65;6253,40;5025,43;173,20;129,30;1756,67
859;9/10/2022;22:58:24;13330,00;11,66;6254,80;5027,00;174,00;129,00;1745,20
860;9/10/2022;22:58:25;13322,00;11,67;6256,20;5028,44;171,67;128,33;1737,36
861;9/10/2022;22:58:26;13253,00;11,68;6257,60;5029,89;169,33;127,67;1668,51
862;9/10/2022;22:58:27;13184,00;11,68;6259,00;5031,33;167,00;127,00;1599,67
863;9/10/2022;22:58:28;13148,60;11,68;6248,86;5032,78;172,00;126,33;1568,63
864;9/10/2022;22:58:29;13113,20;11,69;6238,71;5034,22;177,00;125,67;1537,60
865;9/10/2022;22:58:30;13077,80;11,70;6228,57;5035,67;182,00;125,00;1506,56
866;9/10/2022;22:58:30;13042,40;11,70;6218,43;5037,11;187,00;124,33;1475,53
867;9/10/2022;22:58:31;13007,00;11,70;6208,29;5038,56;192,00;123,67;1444,49
868;9/10/2022;22:58:32;12971,60;11,71;6198,14;5040,00;197,00;123,00;1413,46
869;9/10/2022;22:58:33;12936,20;11,71;6188,00;5049,82;202,00;124,82;1371,56
870;9/10/2022;22:58:34;12900,80;11,72;6067,40;5059,64;207,00;126,64;1440,13
871;9/10/2022;22:58:35;12865,40;11,73;5946,80;5069,45;212,00;128,45;1508,69
872;9/10/2022;22:58:36;12830,00;11,75;5826,20;5079,27;217,00;130,27;1577,26
873;9/10/2022;22:58:37;12809,50;11,76;5705,60;5089,09;248,00;132,09;1634,72
874;9/10/2022;22:58:38;12789,00;11,77;5585,00;5098,91;279,00;133,91;1692,18
875;9/10/2022;22:58:39;12777,89;11,76;5512,14;5108,73;283,67;135,73;1737,63
876;9/10/2022;22:58:40;12766,78;11,76;5439,28;5118,55;288,33;137,55;1783,07
877;9/10/2022;22:58:41;12755,67;11,75;5366,43;5128,36;293,00;139,36;1828,51
878;9/10/2022;22:58:42;12744,56;11,75;5293,57;5138,18;297,67;141,18;1873,96
879;9/10/2022;22:58:43;12733,44;11,76;5220,71;5148,00;302,33;143,00;1919,40
880;9/10/2022;22:58:44;12722,33;11,76;5147,86;5147,40;307,00;143,40;1976,68
881;9/10/2022;22:58:45;12711,22;11,76;5075,00;5146,80;311,67;143,80;2033,96
882;9/10/2022;22:58:45;12700,11;11,77;4895,00;5146,20;316,33;144,20;2198,38
883;9/10/2022;22:58:46;12689,00;11,77;4715,00;5145,60;321,00;144,60;2362,80
884;9/10/2022;22:58:47;12682,67;11,77;4703,88;5145,00;322,33;145,00;2366,46
885;9/10/2022;22:58:48;12676,33;11,78;4692,75;5144,40;323,67;145,40;2370,12
886;9/10/2022;22:58:49;12670,00;11,78;4681,63;5143,80;325,00;145,80;2373,78
887;9/10/2022;22:58:50;12672,00;11,78;4670,50;5143,20;323,88;146,20;2388,23
888;9/10/2022;22:58:51;12674,00;11,79;4659,38;5142,60;322,75;146,60;2402,68
889;9/10/2022;22:58:52;12676,00;11,79;4648,25;5142,00;321,63;147,00;2417,13
890;9/10/2022;22:58:53;12668,50;11,82;4637,13;5138,00;320,50;147,45;2425,42
891;9/10/2022;22:58:54;12661,00;11,84;4626,00;5134,00;319,38;147,91;2433,72
892;9/10/2022;22:58:55;12653,50;11,83;4616,17;5130,00;318,25;148,36;2440,72
893;9/10/2022;22:58:56;12646,00;11,82;4606,33;5126,00;317,13;148,82;2447,72
894;9/10/2022;22:58:57;12638,50;11,81;4596,50;5122,00;316,00;149,27;2454,73
895;9/10/2022;22:58:58;12631,00;11,82;4586,67;5118,00;311,67;149,73;2464,94
896;9/10/2022;22:58:59;12623,50;11,83;4576,83;5114,00;307,33;150,18;2475,15
897;9/10/2022;22:59:00;12616,00;11,84;4567,00;5110,00;303,00;150,64;2485,36
898;9/10/2022;22:59:00;12589,33;11,83;4564,50;5106,00;296,33;151,09;2471,41
899;9/10/2022;22:59:01;12562,67;11,83;4562,00;5102,00;289,67;151,55;2457,45
900;9/10/2022;22:59:02;12536,00;11,82;4559,50;5098,00;283,00;152,00;2443,50
901;9/10/2022;22:59:03;12537,63;11,82;4557,00;5096,21;282,13;152,93;2449,36
902;9/10/2022;22:59:04;12539,25;11,83;4554,50;5094,43;281,25;153,86;2455,21
903;9/10/2022;22:59:05;12540,88;11,83;4552,00;5092,64;280,38;154,79;2461,07
904;9/10/2022;22:59:06;12542,50;11,84;4558,40;5090,86;279,50;155,71;2458,03
905;9/10/2022;22:59:07;12544,13;11,86;4564,80;5089,07;278,63;156,64;2454,99
906;9/10/2022;22:59:08;12545,75;11,85;4571,20;5087,29;277,75;157,57;2451,94
907;9/10/2022;22:59:09;12547,38;11,83;4577,60;5085,50;276,88;158,50;2448,90
908;9/10/2022;22:59:10;12549,00;11,82;4584,00;5083,71;276,00;159,43;2445,86
909;9/10/2022;22:59:11;12535,50;11,83;4583,00;5081,93;274,17;160,36;2436,05
910;9/10/2022;22:59:12;12522,00;11,83;4582,00;5080,14;272,33;161,29;2426,24
911;9/10/2022;22:59:13;12508,50;11,84;4581,00;5078,36;270,50;162,21;2416,43
912;9/10/2022;22:59:14;12495,00;11,84;4580,00;5076,57;268,67;163,14;2406,62
913;9/10/2022;22:59:15;12481,50;11,83;4579,00;5074,79;266,83;164,07;2396,81
914;9/10/2022;22:59:15;12468,00;11,83;4578,00;5073,00;265,00;165,00;2387,00
915;9/10/2022;22:59:16;12458,00;11,84;4577,00;5071,00;263,50;164,45;2382,05
916;9/10/2022;22:59:17;12448,00;11,84;4576,00;5069,00;262,00;163,91;2377,09
917;9/10/2022;22:59:18;12438,00;11,85;4575,00;5067,00;260,50;163,36;2372,14
918;9/10/2022;22:59:19;12428,00;11,85;4572,00;5065,00;259,00;162,82;2369,18
919;9/10/2022;22:59:20;12418,00;11,85;4569,00;5063,00;257,50;162,27;2366,23
920;9/10/2022;22:59:21;12408,00;11,84;4566,00;5061,00;256,00;161,73;2363,27
921;9/10/2022;22:59:22;12369,50;11,84;4564,82;5059,57;253,20;161,18;2330,73
922;9/10/2022;22:59:23;12331,00;11,84;4563,64;5058,14;250,40;160,64;2298,18
923;9/10/2022;22:59:24;12333,86;11,85;4562,45;5056,71;247,60;160,09;2307,00
924;9/10/2022;22:59:25;12336,71;11,85;4561,27;5055,29;244,80;159,55;2315,81
925;9/10/2022;22:59:26;12339,57;11,86;4560,09;5053,86;242,00;159,00;2324,62
926;9/10/2022;22:59:27;12342,43;11,86;4558,91;5052,43;240,67;158,78;2331,65
927;9/10/2022;22:59:28;12345,29;11,87;4557,73;5051,00;239,33;158,56;2338,67
928;9/10/2022;22:59:29;12348,14;11,87;4556,55;5049,57;238,00;158,33;2345,69
929;9/10/2022;22:59:30;12351,00;11,87;4555,36;5048,14;236,67;158,11;2352,72
930;9/10/2022;22:59:30;12335,00;11,86;4554,18;5046,71;235,33;157,89;2340,88
931;9/10/2022;22:59:31;12319,00;11,86;4553,00;5045,29;234,00;157,67;2329,05
932;9/10/2022;22:59:32;12303,00;11,86;4555,33;5043,86;226,00;157,44;2320,37
933;9/10/2022;22:59:33;12287,00;11,87;4557,67;5042,43;218,00;157,22;2311,68
934;9/10/2022;22:59:34;12271,00;11,87;4560,00;5041,00;210,00;157,00;2303,00
935;9/10/2022;22:59:35;12275,00;11,87;4562,33;5048,50;206,80;159,63;2297,74
936;9/10/2022;22:59:36;12279,00;11,86;4564,67;5056,00;203,60;162,25;2292,48
937;9/10/2022;22:59:37;12283,00;11,86;4567,00;5063,50;200,40;164,88;2287,22
938;9/10/2022;22:59:38;12276,22;11,86;4569,33;5071,00;197,20;167,50;2271,19
939;9/10/2022;22:59:39;12269,44;11,85;4571,67;5078,50;194,00;170,13;2255,15
940;9/10/2022;22:59:40;12262,67;11,85;4574,00;5086,00;192,71;172,75;2237,20
941;9/10/2022;22:59:41;12255,89;11,87;4572,33;5093,50;191,43;175,38;2223,25
942;9/10/2022;22:59:42;12249,11;11,89;4570,67;5101,00;190,14;178,00;2209,30
943;9/10/2022;22:59:43;12242,33;11,88;4569,00;5100,20;188,86;178,83;2205,44
944;9/10/2022;22:59:44;12235,56;11,87;4567,33;5099,40;187,57;179,67;2201,58
945;9/10/2022;22:59:45;12228,78;11,85;4565,67;5098,60;186,29;180,50;2197,73
946;9/10/2022;22:59:45;12222,00;11,84;4564,00;5097,80;185,00;181,33;2193,87
947;9/10/2022;22:59:46;12228,67;11,84;4564,00;5097,00;185,38;182,17;2200,13
948;9/10/2022;22:59:47;12235,33;11,83;4564,00;5096,20;185,75;183,00;2206,38
949;9/10/2022;22:59:48;12242,00;11,83;4564,00;5095,40;186,13;183,83;2212,64
950;9/10/2022;22:59:49;12279,88;11,82;4564,00;5094,60;186,50;184,67;2250,11
951;9/10/2022;22:59:50;12317,75;11,80;4564,00;5093,80;186,88;185,50;2287,58
952;9/10/2022;22:59:51;12355,63;11,78;4564,00;5093,00;187,25;186,33;2325,04
953;9/10/2022;22:59:52;12393,50;11,77;4564,00;5092,20;187,63;187,17;2362,51
954;9/10/2022;22:59:53;12431,38;11,75;4564,00;5091,40;188,00;188,00;2399,98
955;9/10/2022;22:59:54;12469,25;11,77;4564,00;5090,60;190,00;188,00;2436,65
956;9/10/2022;22:59:55;12507,13;11,79;4564,00;5089,80;192,00;188,00;2473,33
957;9/10/2022;22:59:56;12545,00;11,81;4564,00;5089,00;194,00;188,00;2510,00
958;9/10/2022;22:59:57;12545,00;11,81;4564,00;5089,00;194,00;188,00;2510,00
959;9/10/2022;22:59:58;12545,00;11,81;4564,00;5089,00;194,00;188,00;2510,00
960;9/10/2022;22:59:59;12545,00;11,81;4564,00;5089,00;194,00;188,00;2510,00
