indice,Date,Time,QLF5,PLF5
1,9/14/2023,14 09 2023 00:00:00,0.00,15.40
2,9/14/2023,14 09 2023 00:01:00,0.00,15.40
3,9/14/2023,14 09 2023 00:02:00,0.00,15.40
4,9/14/2023,14 09 2023 00:03:00,0.00,15.40
5,9/14/2023,14 09 2023 00:04:00,0.00,15.40
6,9/14/2023,14 09 2023 00:05:00,0.00,15.40
7,9/14/2023,14 09 2023 00:06:00,0.00,15.30
8,9/14/2023,14 09 2023 00:07:00,0.00,15.10
9,9/14/2023,14 09 2023 00:08:00,0.00,15.10
10,9/14/2023,14 09 2023 00:09:00,0.00,15.10
11,9/14/2023,14 09 2023 00:10:00,0.00,15.10
12,9/14/2023,14 09 2023 00:11:00,0.00,15.10
13,9/14/2023,14 09 2023 00:12:00,0.00,15.10
14,9/14/2023,14 09 2023 00:13:00,0.00,15.00
15,9/14/2023,14 09 2023 00:14:00,0.00,15.20
16,9/14/2023,14 09 2023 00:15:00,0.00,15.40
17,9/14/2023,14 09 2023 00:16:00,0.00,15.10
18,9/14/2023,14 09 2023 00:17:00,0.00,14.50
19,9/14/2023,14 09 2023 00:18:00,0.00,15.10
20,9/14/2023,14 09 2023 00:19:00,0.00,15.30
21,9/14/2023,14 09 2023 00:20:00,0.00,15.40
22,9/14/2023,14 09 2023 00:21:00,0.00,15.40
23,9/14/2023,14 09 2023 00:22:00,0.00,14.50
24,9/14/2023,14 09 2023 00:23:00,0.00,14.30
25,9/14/2023,14 09 2023 00:24:00,0.00,14.50
26,9/14/2023,14 09 2023 00:25:00,0.00,14.80
27,9/14/2023,14 09 2023 00:26:00,0.00,15.00
28,9/14/2023,14 09 2023 00:27:00,0.00,15.00
29,9/14/2023,14 09 2023 00:28:00,0.00,15.10
30,9/14/2023,14 09 2023 00:29:00,0.00,15.10
31,9/14/2023,14 09 2023 00:30:00,0.00,14.60
32,9/14/2023,14 09 2023 00:31:00,0.00,14.60
33,9/14/2023,14 09 2023 00:32:00,0.00,14.30
34,9/14/2023,14 09 2023 00:33:00,0.00,14.40
35,9/14/2023,14 09 2023 00:34:00,0.00,14.20
36,9/14/2023,14 09 2023 00:35:00,0.00,14.10
37,9/14/2023,14 09 2023 00:36:00,0.00,14.10
38,9/14/2023,14 09 2023 00:37:00,0.00,14.80
39,9/14/2023,14 09 2023 00:38:00,0.00,14.90
40,9/14/2023,14 09 2023 00:39:00,0.00,14.90
41,9/14/2023,14 09 2023 00:40:00,0.00,15.00
42,9/14/2023,14 09 2023 00:41:00,0.00,15.10
43,9/14/2023,14 09 2023 00:42:00,0.00,14.90
44,9/14/2023,14 09 2023 00:43:00,0.00,15.00
45,9/14/2023,14 09 2023 00:44:00,0.00,15.00
46,9/14/2023,14 09 2023 00:45:00,0.00,15.00
47,9/14/2023,14 09 2023 00:46:00,0.00,14.80
48,9/14/2023,14 09 2023 00:47:00,0.00,14.80
49,9/14/2023,14 09 2023 00:48:00,0.00,15.00
50,9/14/2023,14 09 2023 00:49:00,0.00,14.80
51,9/14/2023,14 09 2023 00:50:00,0.00,14.80
52,9/14/2023,14 09 2023 00:51:00,0.00,14.90
53,9/14/2023,14 09 2023 00:52:00,0.00,15.00
54,9/14/2023,14 09 2023 00:53:00,0.00,15.00
55,9/14/2023,14 09 2023 00:54:00,0.00,15.00
56,9/14/2023,14 09 2023 00:55:00,0.00,15.00
57,9/14/2023,14 09 2023 00:56:00,0.00,14.90
58,9/14/2023,14 09 2023 00:57:00,0.00,15.00
59,9/14/2023,14 09 2023 00:58:00,0.00,15.00
60,9/14/2023,14 09 2023 00:59:00,0.00,15.10
61,9/14/2023,14 09 2023 01:00:00,0.00,15.10
62,9/14/2023,14 09 2023 01:01:00,0.00,15.10
63,9/14/2023,14 09 2023 01:02:00,0.00,15.10
64,9/14/2023,14 09 2023 01:03:00,0.00,15.10
65,9/14/2023,14 09 2023 01:04:00,0.00,15.10
66,9/14/2023,14 09 2023 01:05:00,0.00,15.00
67,9/14/2023,14 09 2023 01:06:00,0.00,14.80
68,9/14/2023,14 09 2023 01:07:00,0.00,14.90
69,9/14/2023,14 09 2023 01:08:00,0.00,15.10
70,9/14/2023,14 09 2023 01:09:00,0.00,15.10
71,9/14/2023,14 09 2023 01:10:00,0.00,15.20
72,9/14/2023,14 09 2023 01:11:00,0.00,15.30
73,9/14/2023,14 09 2023 01:12:00,0.00,15.20
74,9/14/2023,14 09 2023 01:13:00,0.00,15.30
75,9/14/2023,14 09 2023 01:14:00,0.00,15.30
76,9/14/2023,14 09 2023 01:15:00,0.00,15.30
77,9/14/2023,14 09 2023 01:16:00,0.00,15.20
78,9/14/2023,14 09 2023 01:17:00,0.00,15.20
79,9/14/2023,14 09 2023 01:18:00,0.00,15.30
80,9/14/2023,14 09 2023 01:19:00,0.00,15.40
81,9/14/2023,14 09 2023 01:20:00,0.00,15.30
82,9/14/2023,14 09 2023 01:21:00,0.00,15.40
83,9/14/2023,14 09 2023 01:22:00,0.00,15.40
84,9/14/2023,14 09 2023 01:23:00,0.00,15.40
85,9/14/2023,14 09 2023 01:24:00,0.00,15.50
86,9/14/2023,14 09 2023 01:25:00,0.00,15.50
87,9/14/2023,14 09 2023 01:26:00,0.00,15.60
88,9/14/2023,14 09 2023 01:27:00,0.00,15.60
89,9/14/2023,14 09 2023 01:28:00,0.00,15.60
90,9/14/2023,14 09 2023 01:29:00,1.00,15.60
91,9/14/2023,14 09 2023 01:30:00,501.00,15.50
92,9/14/2023,14 09 2023 01:31:00,237.00,15.60
93,9/14/2023,14 09 2023 01:32:00,138.00,15.70
94,9/14/2023,14 09 2023 01:33:00,138.00,15.70
95,9/14/2023,14 09 2023 01:34:00,138.00,15.70
96,9/14/2023,14 09 2023 01:35:00,138.00,15.70
97,9/14/2023,14 09 2023 01:36:00,138.00,15.70
98,9/14/2023,14 09 2023 01:37:00,98.00,15.70
99,9/14/2023,14 09 2023 01:38:00,98.00,15.70
100,9/14/2023,14 09 2023 01:39:00,160.00,15.60
101,9/14/2023,14 09 2023 01:40:00,159.00,15.30
102,9/14/2023,14 09 2023 01:41:00,158.00,15.50
103,9/14/2023,14 09 2023 01:42:00,158.00,15.70
104,9/14/2023,14 09 2023 01:43:00,158.00,15.70
105,9/14/2023,14 09 2023 01:44:00,78.00,15.70
106,9/14/2023,14 09 2023 01:45:00,78.00,15.50
107,9/14/2023,14 09 2023 01:46:00,78.00,15.50
108,9/14/2023,14 09 2023 01:47:00,78.00,15.40
109,9/14/2023,14 09 2023 01:48:00,78.00,15.40
110,9/14/2023,14 09 2023 01:49:00,79.00,15.40
111,9/14/2023,14 09 2023 01:50:00,78.00,15.40
112,9/14/2023,14 09 2023 01:51:00,115.00,15.30
113,9/14/2023,14 09 2023 01:52:00,118.00,15.40
114,9/14/2023,14 09 2023 01:53:00,0.00,15.40
115,9/14/2023,14 09 2023 01:54:00,0.00,15.50
116,9/14/2023,14 09 2023 01:55:00,0.00,15.50
117,9/14/2023,14 09 2023 01:56:00,0.00,15.50
118,9/14/2023,14 09 2023 01:57:00,0.00,15.50
119,9/14/2023,14 09 2023 01:58:00,0.00,15.50
120,9/14/2023,14 09 2023 01:59:00,0.00,15.60
121,9/14/2023,14 09 2023 02:00:00,0.00,15.60
122,9/14/2023,14 09 2023 02:01:00,0.00,15.70
123,9/14/2023,14 09 2023 02:02:00,0.00,15.60
124,9/14/2023,14 09 2023 02:03:00,0.00,15.60
125,9/14/2023,14 09 2023 02:04:00,0.00,15.60
126,9/14/2023,14 09 2023 02:05:00,0.00,15.70
127,9/14/2023,14 09 2023 02:06:00,0.00,15.70
128,9/14/2023,14 09 2023 02:07:00,0.00,15.70
129,9/14/2023,14 09 2023 02:08:00,0.00,15.70
130,9/14/2023,14 09 2023 02:09:00,0.00,15.60
131,9/14/2023,14 09 2023 02:10:00,0.00,14.10
132,9/14/2023,14 09 2023 02:11:00,0.00,15.80
133,9/14/2023,14 09 2023 02:12:00,0.00,15.90
134,9/14/2023,14 09 2023 02:13:00,0.00,15.80
135,9/14/2023,14 09 2023 02:14:00,0.00,15.80
136,9/14/2023,14 09 2023 02:15:00,0.00,15.80
137,9/14/2023,14 09 2023 02:16:00,0.00,15.80
138,9/14/2023,14 09 2023 02:17:00,1.00,15.80
139,9/14/2023,14 09 2023 02:18:00,2.00,15.80
140,9/14/2023,14 09 2023 02:19:00,500.00,15.70
141,9/14/2023,14 09 2023 02:20:00,296.00,15.70
142,9/14/2023,14 09 2023 02:21:00,158.00,15.80
143,9/14/2023,14 09 2023 02:22:00,158.00,15.80
144,9/14/2023,14 09 2023 02:23:00,158.00,15.80
145,9/14/2023,14 09 2023 02:24:00,158.00,15.70
146,9/14/2023,14 09 2023 02:25:00,158.00,15.70
147,9/14/2023,14 09 2023 02:26:00,158.00,15.80
148,9/14/2023,14 09 2023 02:27:00,158.00,15.80
149,9/14/2023,14 09 2023 02:28:00,158.00,15.70
150,9/14/2023,14 09 2023 02:29:00,158.00,15.80
151,9/14/2023,14 09 2023 02:30:00,198.00,15.70
152,9/14/2023,14 09 2023 02:31:00,199.00,15.20
153,9/14/2023,14 09 2023 02:32:00,198.00,14.90
154,9/14/2023,14 09 2023 02:33:00,78.00,15.60
155,9/14/2023,14 09 2023 02:34:00,118.00,15.60
156,9/14/2023,14 09 2023 02:35:00,118.00,15.80
157,9/14/2023,14 09 2023 02:36:00,116.00,15.70
158,9/14/2023,14 09 2023 02:37:00,118.00,15.60
159,9/14/2023,14 09 2023 02:38:00,0.00,15.60
160,9/14/2023,14 09 2023 02:39:00,0.00,15.60
161,9/14/2023,14 09 2023 02:40:00,0.00,15.50
162,9/14/2023,14 09 2023 02:41:00,0.00,15.50
163,9/14/2023,14 09 2023 02:42:00,0.00,15.50
164,9/14/2023,14 09 2023 02:43:00,0.00,15.50
165,9/14/2023,14 09 2023 02:44:00,0.00,15.50
166,9/14/2023,14 09 2023 02:45:00,0.00,15.50
167,9/14/2023,14 09 2023 02:46:00,0.00,14.10
168,9/14/2023,14 09 2023 02:47:00,0.00,13.90
169,9/14/2023,14 09 2023 02:48:00,0.00,13.90
170,9/14/2023,14 09 2023 02:49:00,0.00,13.90
171,9/14/2023,14 09 2023 02:50:00,0.00,13.80
172,9/14/2023,14 09 2023 02:51:00,0.00,13.80
173,9/14/2023,14 09 2023 02:52:00,0.00,13.80
174,9/14/2023,14 09 2023 02:53:00,0.00,13.80
175,9/14/2023,14 09 2023 02:54:00,0.00,13.80
176,9/14/2023,14 09 2023 02:55:00,0.00,13.80
177,9/14/2023,14 09 2023 02:56:00,0.00,13.80
178,9/14/2023,14 09 2023 02:57:00,0.00,13.80
179,9/14/2023,14 09 2023 02:58:00,0.00,13.80
180,9/14/2023,14 09 2023 02:59:00,0.00,13.80
181,9/14/2023,14 09 2023 03:00:00,0.00,13.80
182,9/14/2023,14 09 2023 03:01:00,0.00,13.80
183,9/14/2023,14 09 2023 03:02:00,1.00,13.80
184,9/14/2023,14 09 2023 03:03:00,1.00,13.80
185,9/14/2023,14 09 2023 03:04:00,1.00,14.60
186,9/14/2023,14 09 2023 03:05:00,1.00,15.40
187,9/14/2023,14 09 2023 03:06:00,1.00,14.10
188,9/14/2023,14 09 2023 03:07:00,0.00,13.70
189,9/14/2023,14 09 2023 03:08:00,0.00,15.40
190,9/14/2023,14 09 2023 03:09:00,0.00,15.60
191,9/14/2023,14 09 2023 03:10:00,0.00,15.40
192,9/14/2023,14 09 2023 03:11:00,0.00,15.40
193,9/14/2023,14 09 2023 03:12:00,0.00,15.40
194,9/14/2023,14 09 2023 03:13:00,0.00,13.30
195,9/14/2023,14 09 2023 03:14:00,0.00,13.50
196,9/14/2023,14 09 2023 03:15:00,0.00,13.30
197,9/14/2023,14 09 2023 03:16:00,0.00,13.50
198,9/14/2023,14 09 2023 03:17:00,0.00,13.30
199,9/14/2023,14 09 2023 03:18:00,0.00,14.80
200,9/14/2023,14 09 2023 03:19:00,0.00,15.60
201,9/14/2023,14 09 2023 03:20:00,0.00,15.50
202,9/14/2023,14 09 2023 03:21:00,0.00,14.80
203,9/14/2023,14 09 2023 03:22:00,1.00,15.30
204,9/14/2023,14 09 2023 03:23:00,2.00,13.90
205,9/14/2023,14 09 2023 03:24:00,2.00,14.00
206,9/14/2023,14 09 2023 03:25:00,1.00,14.50
207,9/14/2023,14 09 2023 03:26:00,0.00,15.30
208,9/14/2023,14 09 2023 03:27:00,0.00,14.00
209,9/14/2023,14 09 2023 03:28:00,0.00,13.40
210,9/14/2023,14 09 2023 03:29:00,0.00,13.50
211,9/14/2023,14 09 2023 03:30:00,0.00,12.80
212,9/14/2023,14 09 2023 03:31:00,0.00,12.30
213,9/14/2023,14 09 2023 03:32:00,0.00,12.90
214,9/14/2023,14 09 2023 03:33:00,0.00,13.20
215,9/14/2023,14 09 2023 03:34:00,0.00,13.30
216,9/14/2023,14 09 2023 03:35:00,0.00,13.40
217,9/14/2023,14 09 2023 03:36:00,0.00,13.40
218,9/14/2023,14 09 2023 03:37:00,0.00,13.20
219,9/14/2023,14 09 2023 03:38:00,0.00,12.40
220,9/14/2023,14 09 2023 03:39:00,0.00,12.00
221,9/14/2023,14 09 2023 03:40:00,0.00,11.80
222,9/14/2023,14 09 2023 03:41:00,0.00,12.40
223,9/14/2023,14 09 2023 03:42:00,0.00,12.40
224,9/14/2023,14 09 2023 03:43:00,0.00,12.30
225,9/14/2023,14 09 2023 03:44:00,0.00,12.00
226,9/14/2023,14 09 2023 03:45:00,0.00,11.20
227,9/14/2023,14 09 2023 03:46:00,0.00,10.80
228,9/14/2023,14 09 2023 03:47:00,0.00,11.50
229,9/14/2023,14 09 2023 03:48:00,0.00,12.10
230,9/14/2023,14 09 2023 03:49:00,0.00,12.20
231,9/14/2023,14 09 2023 03:50:00,0.00,12.30
232,9/14/2023,14 09 2023 03:51:00,0.00,12.30
233,9/14/2023,14 09 2023 03:52:00,0.00,12.40
234,9/14/2023,14 09 2023 03:53:00,0.00,11.80
235,9/14/2023,14 09 2023 03:54:00,0.00,11.50
236,9/14/2023,14 09 2023 03:55:00,0.00,11.50
237,9/14/2023,14 09 2023 03:56:00,0.00,12.90
238,9/14/2023,14 09 2023 03:57:00,0.00,12.20
239,9/14/2023,14 09 2023 03:58:00,0.00,12.80
240,9/14/2023,14 09 2023 03:59:00,0.00,12.70
241,9/14/2023,14 09 2023 04:00:00,0.00,12.00
242,9/14/2023,14 09 2023 04:01:00,0.00,11.80
243,9/14/2023,14 09 2023 04:02:00,0.00,12.40
244,9/14/2023,14 09 2023 04:03:00,0.00,12.80
245,9/14/2023,14 09 2023 04:04:00,0.00,12.80
246,9/14/2023,14 09 2023 04:05:00,0.00,12.70
247,9/14/2023,14 09 2023 04:06:00,0.00,12.20
248,9/14/2023,14 09 2023 04:07:00,0.00,12.00
249,9/14/2023,14 09 2023 04:08:00,0.00,11.50
250,9/14/2023,14 09 2023 04:09:00,0.00,10.80
251,9/14/2023,14 09 2023 04:10:00,0.00,10.80
252,9/14/2023,14 09 2023 04:11:00,0.00,11.50
253,9/14/2023,14 09 2023 04:12:00,0.00,12.00
254,9/14/2023,14 09 2023 04:13:00,0.00,12.50
255,9/14/2023,14 09 2023 04:14:00,0.00,12.70
256,9/14/2023,14 09 2023 04:15:00,0.00,12.70
257,9/14/2023,14 09 2023 04:16:00,0.00,12.60
258,9/14/2023,14 09 2023 04:17:00,0.00,13.50
259,9/14/2023,14 09 2023 04:18:00,0.00,14.10
260,9/14/2023,14 09 2023 04:19:00,198.00,14.00
261,9/14/2023,14 09 2023 04:20:00,198.00,14.00
262,9/14/2023,14 09 2023 04:21:00,198.00,13.90
263,9/14/2023,14 09 2023 04:22:00,198.00,13.80
264,9/14/2023,14 09 2023 04:23:00,198.00,13.70
265,9/14/2023,14 09 2023 04:24:00,198.00,13.60
266,9/14/2023,14 09 2023 04:25:00,198.00,13.50
267,9/14/2023,14 09 2023 04:26:00,198.00,13.40
268,9/14/2023,14 09 2023 04:27:00,198.00,12.20
269,9/14/2023,14 09 2023 04:28:00,198.00,12.10
270,9/14/2023,14 09 2023 04:29:00,198.00,12.10
271,9/14/2023,14 09 2023 04:30:00,198.00,12.00
272,9/14/2023,14 09 2023 04:31:00,198.00,11.90
273,9/14/2023,14 09 2023 04:32:00,198.00,11.80
274,9/14/2023,14 09 2023 04:33:00,198.00,11.80
275,9/14/2023,14 09 2023 04:34:00,198.00,12.10
276,9/14/2023,14 09 2023 04:35:00,198.00,12.10
277,9/14/2023,14 09 2023 04:36:00,198.00,12.00
278,9/14/2023,14 09 2023 04:37:00,199.00,12.00
279,9/14/2023,14 09 2023 04:38:00,198.00,11.90
280,9/14/2023,14 09 2023 04:39:00,198.00,11.60
281,9/14/2023,14 09 2023 04:40:00,198.00,11.40
282,9/14/2023,14 09 2023 04:41:00,198.00,11.20
283,9/14/2023,14 09 2023 04:42:00,198.00,11.20
284,9/14/2023,14 09 2023 04:43:00,198.00,11.50
285,9/14/2023,14 09 2023 04:44:00,198.00,11.60
286,9/14/2023,14 09 2023 04:45:00,198.00,11.60
287,9/14/2023,14 09 2023 04:46:00,198.00,11.30
288,9/14/2023,14 09 2023 04:47:00,198.00,11.30
289,9/14/2023,14 09 2023 04:48:00,198.00,11.30
290,9/14/2023,14 09 2023 04:49:00,199.00,11.30
291,9/14/2023,14 09 2023 04:50:00,199.00,11.30
292,9/14/2023,14 09 2023 04:51:00,198.00,11.30
293,9/14/2023,14 09 2023 04:52:00,198.00,10.90
294,9/14/2023,14 09 2023 04:53:00,198.00,11.00
295,9/14/2023,14 09 2023 04:54:00,198.00,11.20
296,9/14/2023,14 09 2023 04:55:00,198.00,11.10
297,9/14/2023,14 09 2023 04:56:00,198.00,11.30
298,9/14/2023,14 09 2023 04:57:00,198.00,11.90
299,9/14/2023,14 09 2023 04:58:00,198.00,12.60
300,9/14/2023,14 09 2023 04:59:00,198.00,13.00
301,9/14/2023,14 09 2023 05:00:00,198.00,13.30
302,9/14/2023,14 09 2023 05:01:00,198.00,13.10
303,9/14/2023,14 09 2023 05:02:00,198.00,12.90
304,9/14/2023,14 09 2023 05:03:00,200.00,12.70
305,9/14/2023,14 09 2023 05:04:00,198.00,12.00
306,9/14/2023,14 09 2023 05:05:00,198.00,12.70
307,9/14/2023,14 09 2023 05:06:00,198.00,13.60
308,9/14/2023,14 09 2023 05:07:00,198.00,13.70
309,9/14/2023,14 09 2023 05:08:00,198.00,13.70
310,9/14/2023,14 09 2023 05:09:00,198.00,14.50
311,9/14/2023,14 09 2023 05:10:00,198.00,14.90
312,9/14/2023,14 09 2023 05:11:00,198.00,15.00
313,9/14/2023,14 09 2023 05:12:00,198.00,15.00
314,9/14/2023,14 09 2023 05:13:00,198.00,14.80
315,9/14/2023,14 09 2023 05:14:00,198.00,16.10
316,9/14/2023,14 09 2023 05:15:00,0.00,15.40
317,9/14/2023,14 09 2023 05:16:00,0.00,15.20
318,9/14/2023,14 09 2023 05:17:00,0.00,15.60
319,9/14/2023,14 09 2023 05:18:00,0.00,14.40
320,9/14/2023,14 09 2023 05:19:00,0.00,13.80
321,9/14/2023,14 09 2023 05:20:00,0.00,13.50
322,9/14/2023,14 09 2023 05:21:00,0.00,14.30
323,9/14/2023,14 09 2023 05:22:00,0.00,14.40
324,9/14/2023,14 09 2023 05:23:00,0.00,14.30
325,9/14/2023,14 09 2023 05:24:00,0.00,13.80
326,9/14/2023,14 09 2023 05:25:00,0.00,13.60
327,9/14/2023,14 09 2023 05:26:00,0.00,13.50
328,9/14/2023,14 09 2023 05:27:00,0.00,13.40
329,9/14/2023,14 09 2023 05:28:00,0.00,13.20
330,9/14/2023,14 09 2023 05:29:00,0.00,13.00
331,9/14/2023,14 09 2023 05:30:00,0.00,12.80
332,9/14/2023,14 09 2023 05:31:00,0.00,12.40
333,9/14/2023,14 09 2023 05:32:00,0.00,12.10
334,9/14/2023,14 09 2023 05:33:00,0.00,11.90
335,9/14/2023,14 09 2023 05:34:00,0.00,11.80
336,9/14/2023,14 09 2023 05:35:00,0.00,11.90
337,9/14/2023,14 09 2023 05:36:00,0.00,11.90
338,9/14/2023,14 09 2023 05:37:00,0.00,12.50
339,9/14/2023,14 09 2023 05:38:00,0.00,12.90
340,9/14/2023,14 09 2023 05:39:00,0.00,13.00
341,9/14/2023,14 09 2023 05:40:00,1.00,12.90
342,9/14/2023,14 09 2023 05:41:00,1.00,12.80
343,9/14/2023,14 09 2023 05:42:00,1.00,12.70
344,9/14/2023,14 09 2023 05:43:00,1.00,13.00
345,9/14/2023,14 09 2023 05:44:00,0.00,13.50
346,9/14/2023,14 09 2023 05:45:00,0.00,13.80
347,9/14/2023,14 09 2023 05:46:00,0.00,14.10
348,9/14/2023,14 09 2023 05:47:00,0.00,14.10
349,9/14/2023,14 09 2023 05:48:00,0.00,14.00
350,9/14/2023,14 09 2023 05:49:00,0.00,13.90
351,9/14/2023,14 09 2023 05:50:00,0.00,13.80
352,9/14/2023,14 09 2023 05:51:00,0.00,14.00
353,9/14/2023,14 09 2023 05:52:00,0.00,14.20
354,9/14/2023,14 09 2023 05:53:00,0.00,14.00
355,9/14/2023,14 09 2023 05:54:00,0.00,13.90
356,9/14/2023,14 09 2023 05:55:00,0.00,13.80
357,9/14/2023,14 09 2023 05:56:00,0.00,13.80
358,9/14/2023,14 09 2023 05:57:00,0.00,14.20
359,9/14/2023,14 09 2023 05:58:00,0.00,14.60
360,9/14/2023,14 09 2023 05:59:00,0.00,14.60
361,9/14/2023,14 09 2023 06:00:00,199.00,14.60
362,9/14/2023,14 09 2023 06:01:00,198.00,14.50
363,9/14/2023,14 09 2023 06:02:00,198.00,14.50
364,9/14/2023,14 09 2023 06:03:00,198.00,14.50
365,9/14/2023,14 09 2023 06:04:00,198.00,13.90
366,9/14/2023,14 09 2023 06:05:00,198.00,13.90
367,9/14/2023,14 09 2023 06:06:00,198.00,13.90
368,9/14/2023,14 09 2023 06:07:00,198.00,13.90
369,9/14/2023,14 09 2023 06:08:00,198.00,14.10
370,9/14/2023,14 09 2023 06:09:00,198.00,14.10
371,9/14/2023,14 09 2023 06:10:00,198.00,14.10
372,9/14/2023,14 09 2023 06:11:00,198.00,13.90
373,9/14/2023,14 09 2023 06:12:00,198.00,14.00
374,9/14/2023,14 09 2023 06:13:00,198.00,14.10
375,9/14/2023,14 09 2023 06:14:00,198.00,14.20
376,9/14/2023,14 09 2023 06:15:00,198.00,14.20
377,9/14/2023,14 09 2023 06:16:00,198.00,14.20
378,9/14/2023,14 09 2023 06:17:00,198.00,14.40
379,9/14/2023,14 09 2023 06:18:00,198.00,13.80
380,9/14/2023,14 09 2023 06:19:00,198.00,13.40
381,9/14/2023,14 09 2023 06:20:00,198.00,13.10
382,9/14/2023,14 09 2023 06:21:00,198.00,13.00
383,9/14/2023,14 09 2023 06:22:00,198.00,12.90
384,9/14/2023,14 09 2023 06:23:00,198.00,13.40
385,9/14/2023,14 09 2023 06:24:00,198.00,13.80
386,9/14/2023,14 09 2023 06:25:00,198.00,13.90
387,9/14/2023,14 09 2023 06:26:00,198.00,13.60
388,9/14/2023,14 09 2023 06:27:00,198.00,13.80
389,9/14/2023,14 09 2023 06:28:00,198.00,14.30
390,9/14/2023,14 09 2023 06:29:00,198.00,14.30
391,9/14/2023,14 09 2023 06:30:00,198.00,14.40
392,9/14/2023,14 09 2023 06:31:00,199.00,13.50
393,9/14/2023,14 09 2023 06:32:00,198.00,12.90
394,9/14/2023,14 09 2023 06:33:00,78.00,13.10
395,9/14/2023,14 09 2023 06:34:00,78.00,12.80
396,9/14/2023,14 09 2023 06:35:00,78.00,13.70
397,9/14/2023,14 09 2023 06:36:00,78.00,13.90
398,9/14/2023,14 09 2023 06:37:00,78.00,14.10
399,9/14/2023,14 09 2023 06:38:00,78.00,14.20
400,9/14/2023,14 09 2023 06:39:00,80.00,13.70
401,9/14/2023,14 09 2023 06:40:00,78.00,13.30
402,9/14/2023,14 09 2023 06:41:00,78.00,13.10
403,9/14/2023,14 09 2023 06:42:00,78.00,13.90
404,9/14/2023,14 09 2023 06:43:00,78.00,13.90
405,9/14/2023,14 09 2023 06:44:00,78.00,14.00
406,9/14/2023,14 09 2023 06:45:00,78.00,14.00
407,9/14/2023,14 09 2023 06:46:00,78.00,13.10
408,9/14/2023,14 09 2023 06:47:00,78.00,13.00
409,9/14/2023,14 09 2023 06:48:00,78.00,13.90
410,9/14/2023,14 09 2023 06:49:00,78.00,14.30
411,9/14/2023,14 09 2023 06:50:00,78.00,14.10
412,9/14/2023,14 09 2023 06:51:00,78.00,14.20
413,9/14/2023,14 09 2023 06:52:00,79.00,14.20
414,9/14/2023,14 09 2023 06:53:00,78.00,14.20
415,9/14/2023,14 09 2023 06:54:00,78.00,14.20
416,9/14/2023,14 09 2023 06:55:00,78.00,14.40
417,9/14/2023,14 09 2023 06:56:00,78.00,14.50
418,9/14/2023,14 09 2023 06:57:00,78.00,14.50
419,9/14/2023,14 09 2023 06:58:00,0.00,14.30
420,9/14/2023,14 09 2023 06:59:00,0.00,14.50
421,9/14/2023,14 09 2023 07:00:00,0.00,14.40
422,9/14/2023,14 09 2023 07:01:00,0.00,14.40
423,9/14/2023,14 09 2023 07:02:00,0.00,14.50
424,9/14/2023,14 09 2023 07:03:00,0.00,14.50
425,9/14/2023,14 09 2023 07:04:00,0.00,14.50
426,9/14/2023,14 09 2023 07:05:00,0.00,14.50
427,9/14/2023,14 09 2023 07:06:00,0.00,14.50
428,9/14/2023,14 09 2023 07:07:00,500.00,14.00
429,9/14/2023,14 09 2023 07:08:00,485.00,14.00
430,9/14/2023,14 09 2023 07:09:00,454.00,14.00
431,9/14/2023,14 09 2023 07:10:00,364.00,14.30
432,9/14/2023,14 09 2023 07:11:00,358.00,14.40
433,9/14/2023,14 09 2023 07:12:00,358.00,14.40
434,9/14/2023,14 09 2023 07:13:00,78.00,14.60
435,9/14/2023,14 09 2023 07:14:00,78.00,14.60
436,9/14/2023,14 09 2023 07:15:00,78.00,14.60
437,9/14/2023,14 09 2023 07:16:00,92.00,14.40
438,9/14/2023,14 09 2023 07:17:00,96.00,14.30
439,9/14/2023,14 09 2023 07:18:00,118.00,14.60
440,9/14/2023,14 09 2023 07:19:00,118.00,14.60
441,9/14/2023,14 09 2023 07:20:00,118.00,14.70
442,9/14/2023,14 09 2023 07:21:00,118.00,14.60
443,9/14/2023,14 09 2023 07:22:00,118.00,14.50
444,9/14/2023,14 09 2023 07:23:00,118.00,14.40
445,9/14/2023,14 09 2023 07:24:00,118.00,14.40
446,9/14/2023,14 09 2023 07:25:00,118.00,13.90
447,9/14/2023,14 09 2023 07:26:00,118.00,13.80
448,9/14/2023,14 09 2023 07:27:00,118.00,14.40
449,9/14/2023,14 09 2023 07:28:00,118.00,14.60
450,9/14/2023,14 09 2023 07:29:00,118.00,14.60
451,9/14/2023,14 09 2023 07:30:00,38.00,14.60
452,9/14/2023,14 09 2023 07:31:00,38.00,14.30
453,9/14/2023,14 09 2023 07:32:00,38.00,14.20
454,9/14/2023,14 09 2023 07:33:00,38.00,14.50
455,9/14/2023,14 09 2023 07:34:00,18.00,14.50
456,9/14/2023,14 09 2023 07:35:00,18.00,14.50
457,9/14/2023,14 09 2023 07:36:00,18.00,14.70
458,9/14/2023,14 09 2023 07:37:00,18.00,14.70
459,9/14/2023,14 09 2023 07:38:00,18.00,14.70
460,9/14/2023,14 09 2023 07:39:00,18.00,14.80
461,9/14/2023,14 09 2023 07:40:00,18.00,14.80
462,9/14/2023,14 09 2023 07:41:00,18.00,14.80
463,9/14/2023,14 09 2023 07:42:00,18.00,14.60
464,9/14/2023,14 09 2023 07:43:00,18.00,14.50
465,9/14/2023,14 09 2023 07:44:00,0.00,14.50
466,9/14/2023,14 09 2023 07:45:00,0.00,14.60
467,9/14/2023,14 09 2023 07:46:00,0.00,14.40
468,9/14/2023,14 09 2023 07:47:00,0.00,14.60
469,9/14/2023,14 09 2023 07:48:00,0.00,13.80
470,9/14/2023,14 09 2023 07:49:00,0.00,14.20
471,9/14/2023,14 09 2023 07:50:00,0.00,14.30
472,9/14/2023,14 09 2023 07:51:00,0.00,14.10
473,9/14/2023,14 09 2023 07:52:00,0.00,14.30
474,9/14/2023,14 09 2023 07:53:00,0.00,14.50
475,9/14/2023,14 09 2023 07:54:00,0.00,14.60
476,9/14/2023,14 09 2023 07:55:00,0.00,14.70
477,9/14/2023,14 09 2023 07:56:00,0.00,14.70
478,9/14/2023,14 09 2023 07:57:00,0.00,14.70
479,9/14/2023,14 09 2023 07:58:00,0.00,14.70
480,9/14/2023,14 09 2023 07:59:00,0.00,14.70
481,9/14/2023,14 09 2023 08:00:00,0.00,14.70
482,9/14/2023,14 09 2023 08:01:00,0.00,14.80
483,9/14/2023,14 09 2023 08:02:00,0.00,14.70
484,9/14/2023,14 09 2023 08:03:00,0.00,14.70
485,9/14/2023,14 09 2023 08:04:00,0.00,14.60
486,9/14/2023,14 09 2023 08:05:00,0.00,14.70
487,9/14/2023,14 09 2023 08:06:00,0.00,14.70
488,9/14/2023,14 09 2023 08:07:00,1.00,14.70
489,9/14/2023,14 09 2023 08:08:00,19.00,13.90
490,9/14/2023,14 09 2023 08:09:00,15.00,14.30
491,9/14/2023,14 09 2023 08:10:00,20.00,13.20
492,9/14/2023,14 09 2023 08:11:00,18.00,14.20
493,9/14/2023,14 09 2023 08:12:00,498.00,14.00
494,9/14/2023,14 09 2023 08:13:00,118.00,14.20
495,9/14/2023,14 09 2023 08:14:00,118.00,14.30
496,9/14/2023,14 09 2023 08:15:00,118.00,14.00
497,9/14/2023,14 09 2023 08:16:00,118.00,13.90
498,9/14/2023,14 09 2023 08:17:00,78.00,13.80
499,9/14/2023,14 09 2023 08:18:00,78.00,13.80
500,9/14/2023,14 09 2023 08:19:00,78.00,13.70
501,9/14/2023,14 09 2023 08:20:00,78.00,13.70
502,9/14/2023,14 09 2023 08:21:00,78.00,13.20
503,9/14/2023,14 09 2023 08:22:00,97.00,13.20
504,9/14/2023,14 09 2023 08:23:00,78.00,13.30
505,9/14/2023,14 09 2023 08:24:00,78.00,13.40
506,9/14/2023,14 09 2023 08:25:00,78.00,13.30
507,9/14/2023,14 09 2023 08:26:00,78.00,13.30
508,9/14/2023,14 09 2023 08:27:00,78.00,13.30
509,9/14/2023,14 09 2023 08:28:00,78.00,13.30
510,9/14/2023,14 09 2023 08:29:00,78.00,13.30
511,9/14/2023,14 09 2023 08:30:00,79.00,13.30
512,9/14/2023,14 09 2023 08:31:00,78.00,13.30
513,9/14/2023,14 09 2023 08:32:00,0.00,13.30
514,9/14/2023,14 09 2023 08:33:00,0.00,13.20
515,9/14/2023,14 09 2023 08:34:00,0.00,12.70
516,9/14/2023,14 09 2023 08:35:00,0.00,12.60
517,9/14/2023,14 09 2023 08:36:00,0.00,12.30
518,9/14/2023,14 09 2023 08:37:00,0.00,12.20
519,9/14/2023,14 09 2023 08:38:00,0.00,12.70
520,9/14/2023,14 09 2023 08:39:00,0.00,13.30
521,9/14/2023,14 09 2023 08:40:00,0.00,13.50
522,9/14/2023,14 09 2023 08:41:00,0.00,13.80
523,9/14/2023,14 09 2023 08:42:00,0.00,13.70
524,9/14/2023,14 09 2023 08:43:00,0.00,13.40
525,9/14/2023,14 09 2023 08:44:00,0.00,13.10
526,9/14/2023,14 09 2023 08:45:00,0.00,13.00
527,9/14/2023,14 09 2023 08:46:00,0.00,13.10
528,9/14/2023,14 09 2023 08:47:00,0.00,12.90
529,9/14/2023,14 09 2023 08:48:00,0.00,13.30
530,9/14/2023,14 09 2023 08:49:00,0.00,13.30
531,9/14/2023,14 09 2023 08:50:00,0.00,13.30
532,9/14/2023,14 09 2023 08:51:00,1.00,14.10
533,9/14/2023,14 09 2023 08:52:00,1.00,14.50
534,9/14/2023,14 09 2023 08:53:00,1.00,14.50
535,9/14/2023,14 09 2023 08:54:00,1.00,14.50
536,9/14/2023,14 09 2023 08:55:00,500.00,14.20
537,9/14/2023,14 09 2023 08:56:00,319.00,14.30
538,9/14/2023,14 09 2023 08:57:00,319.00,14.00
539,9/14/2023,14 09 2023 08:58:00,318.00,13.80
540,9/14/2023,14 09 2023 08:59:00,78.00,13.20
541,9/14/2023,14 09 2023 09:00:00,48.00,13.20
542,9/14/2023,14 09 2023 09:01:00,48.00,13.20
543,9/14/2023,14 09 2023 09:02:00,48.00,13.20
544,9/14/2023,14 09 2023 09:03:00,48.00,13.20
545,9/14/2023,14 09 2023 09:04:00,49.00,13.10
546,9/14/2023,14 09 2023 09:05:00,49.00,12.80
547,9/14/2023,14 09 2023 09:06:00,49.00,12.40
548,9/14/2023,14 09 2023 09:07:00,48.00,12.60
549,9/14/2023,14 09 2023 09:08:00,48.00,12.40
550,9/14/2023,14 09 2023 09:09:00,48.00,12.20
551,9/14/2023,14 09 2023 09:10:00,48.00,12.20
552,9/14/2023,14 09 2023 09:11:00,48.00,12.70
553,9/14/2023,14 09 2023 09:12:00,48.00,12.90
554,9/14/2023,14 09 2023 09:13:00,46.00,12.90
555,9/14/2023,14 09 2023 09:14:00,48.00,13.00
556,9/14/2023,14 09 2023 09:15:00,48.00,12.60
557,9/14/2023,14 09 2023 09:16:00,48.00,12.50
558,9/14/2023,14 09 2023 09:17:00,0.00,12.50
559,9/14/2023,14 09 2023 09:18:00,0.00,12.50
560,9/14/2023,14 09 2023 09:19:00,0.00,12.70
561,9/14/2023,14 09 2023 09:20:00,0.00,12.80
562,9/14/2023,14 09 2023 09:21:00,0.00,13.00
563,9/14/2023,14 09 2023 09:22:00,0.00,13.40
564,9/14/2023,14 09 2023 09:23:00,0.00,13.20
565,9/14/2023,14 09 2023 09:24:00,0.00,13.00
566,9/14/2023,14 09 2023 09:25:00,0.00,12.90
567,9/14/2023,14 09 2023 09:26:00,0.00,13.20
568,9/14/2023,14 09 2023 09:27:00,0.00,13.30
569,9/14/2023,14 09 2023 09:28:00,0.00,13.10
570,9/14/2023,14 09 2023 09:29:00,0.00,13.20
571,9/14/2023,14 09 2023 09:30:00,0.00,12.70
572,9/14/2023,14 09 2023 09:31:00,0.00,12.90
573,9/14/2023,14 09 2023 09:32:00,0.00,13.40
574,9/14/2023,14 09 2023 09:33:00,0.00,13.00
575,9/14/2023,14 09 2023 09:34:00,0.00,13.00
576,9/14/2023,14 09 2023 09:35:00,1.00,13.10
577,9/14/2023,14 09 2023 09:36:00,1.00,13.00
578,9/14/2023,14 09 2023 09:37:00,1.00,13.00
579,9/14/2023,14 09 2023 09:38:00,1.00,14.10
580,9/14/2023,14 09 2023 09:39:00,0.00,14.40
581,9/14/2023,14 09 2023 09:40:00,0.00,14.50
582,9/14/2023,14 09 2023 09:41:00,0.00,14.50
583,9/14/2023,14 09 2023 09:42:00,498.00,14.30
584,9/14/2023,14 09 2023 09:43:00,380.00,13.40
585,9/14/2023,14 09 2023 09:44:00,380.00,13.40
586,9/14/2023,14 09 2023 09:45:00,333.00,12.80
587,9/14/2023,14 09 2023 09:46:00,308.00,12.40
588,9/14/2023,14 09 2023 09:47:00,300.00,12.20
589,9/14/2023,14 09 2023 09:48:00,295.00,12.10
590,9/14/2023,14 09 2023 09:49:00,293.00,12.10
591,9/14/2023,14 09 2023 09:50:00,292.00,12.00
592,9/14/2023,14 09 2023 09:51:00,245.00,11.50
593,9/14/2023,14 09 2023 09:52:00,200.00,11.80
594,9/14/2023,14 09 2023 09:53:00,294.00,11.90
595,9/14/2023,14 09 2023 09:54:00,283.00,11.70
596,9/14/2023,14 09 2023 09:55:00,230.00,11.80
597,9/14/2023,14 09 2023 09:56:00,196.00,12.90
598,9/14/2023,14 09 2023 09:57:00,184.00,12.20
599,9/14/2023,14 09 2023 09:58:00,200.00,12.50
600,9/14/2023,14 09 2023 09:59:00,200.00,12.80
601,9/14/2023,14 09 2023 10:00:00,198.00,13.10
602,9/14/2023,14 09 2023 10:01:00,198.00,13.20
603,9/14/2023,14 09 2023 10:02:00,198.00,13.10
604,9/14/2023,14 09 2023 10:03:00,198.00,13.00
605,9/14/2023,14 09 2023 10:04:00,198.00,12.90
606,9/14/2023,14 09 2023 10:05:00,197.00,12.80
607,9/14/2023,14 09 2023 10:06:00,0.00,14.20
608,9/14/2023,14 09 2023 10:07:00,0.00,13.60
609,9/14/2023,14 09 2023 10:08:00,0.00,14.00
610,9/14/2023,14 09 2023 10:09:00,0.00,13.90
611,9/14/2023,14 09 2023 10:10:00,0.00,13.00
612,9/14/2023,14 09 2023 10:11:00,0.00,12.50
613,9/14/2023,14 09 2023 10:12:00,0.00,12.90
614,9/14/2023,14 09 2023 10:13:00,0.00,13.60
615,9/14/2023,14 09 2023 10:14:00,0.00,13.20
616,9/14/2023,14 09 2023 10:15:00,0.00,12.90
617,9/14/2023,14 09 2023 10:16:00,0.00,13.00
618,9/14/2023,14 09 2023 10:17:00,0.00,12.40
619,9/14/2023,14 09 2023 10:18:00,0.00,12.50
620,9/14/2023,14 09 2023 10:19:00,0.00,13.30
621,9/14/2023,14 09 2023 10:20:00,0.00,14.00
622,9/14/2023,14 09 2023 10:21:00,0.00,14.40
623,9/14/2023,14 09 2023 10:22:00,0.00,14.50
624,9/14/2023,14 09 2023 10:23:00,1.00,14.50
625,9/14/2023,14 09 2023 10:24:00,1.00,14.60
626,9/14/2023,14 09 2023 10:25:00,1.00,14.50
627,9/14/2023,14 09 2023 10:26:00,414.00,13.50
628,9/14/2023,14 09 2023 10:27:00,501.00,13.30
629,9/14/2023,14 09 2023 10:28:00,237.00,13.50
630,9/14/2023,14 09 2023 10:29:00,117.00,13.50
631,9/14/2023,14 09 2023 10:30:00,198.00,13.50
632,9/14/2023,14 09 2023 10:31:00,198.00,13.50
633,9/14/2023,14 09 2023 10:32:00,198.00,13.50
634,9/14/2023,14 09 2023 10:33:00,158.00,13.70
635,9/14/2023,14 09 2023 10:34:00,158.00,13.80
636,9/14/2023,14 09 2023 10:35:00,158.00,14.10
637,9/14/2023,14 09 2023 10:36:00,118.00,13.90
638,9/14/2023,14 09 2023 10:37:00,98.00,13.90
639,9/14/2023,14 09 2023 10:38:00,58.00,13.90
640,9/14/2023,14 09 2023 10:39:00,58.00,14.00
641,9/14/2023,14 09 2023 10:40:00,58.00,14.00
642,9/14/2023,14 09 2023 10:41:00,58.00,14.00
643,9/14/2023,14 09 2023 10:42:00,58.00,14.10
644,9/14/2023,14 09 2023 10:43:00,55.00,14.00
645,9/14/2023,14 09 2023 10:44:00,98.00,14.10
646,9/14/2023,14 09 2023 10:45:00,92.00,14.10
647,9/14/2023,14 09 2023 10:46:00,58.00,14.40
648,9/14/2023,14 09 2023 10:47:00,111.00,14.40
649,9/14/2023,14 09 2023 10:48:00,0.00,14.50
650,9/14/2023,14 09 2023 10:49:00,0.00,14.30
651,9/14/2023,14 09 2023 10:50:00,0.00,14.30
652,9/14/2023,14 09 2023 10:51:00,0.00,14.00
653,9/14/2023,14 09 2023 10:52:00,0.00,14.00
654,9/14/2023,14 09 2023 10:53:00,0.00,14.30
655,9/14/2023,14 09 2023 10:54:00,0.00,14.40
656,9/14/2023,14 09 2023 10:55:00,0.00,14.10
657,9/14/2023,14 09 2023 10:56:00,0.00,14.20
658,9/14/2023,14 09 2023 10:57:00,0.00,14.00
659,9/14/2023,14 09 2023 10:58:00,0.00,13.90
660,9/14/2023,14 09 2023 10:59:00,0.00,14.00
661,9/14/2023,14 09 2023 11:00:00,0.00,14.00
662,9/14/2023,14 09 2023 11:01:00,0.00,14.00
663,9/14/2023,14 09 2023 11:02:00,0.00,14.00
664,9/14/2023,14 09 2023 11:03:00,0.00,14.00
665,9/14/2023,14 09 2023 11:04:00,0.00,13.90
666,9/14/2023,14 09 2023 11:05:00,0.00,13.90
667,9/14/2023,14 09 2023 11:06:00,0.00,14.20
668,9/14/2023,14 09 2023 11:07:00,0.00,13.90
669,9/14/2023,14 09 2023 11:08:00,0.00,13.60
670,9/14/2023,14 09 2023 11:09:00,0.00,14.00
671,9/14/2023,14 09 2023 11:10:00,0.00,14.00
672,9/14/2023,14 09 2023 11:11:00,1.00,14.30
673,9/14/2023,14 09 2023 11:12:00,1.00,14.30
674,9/14/2023,14 09 2023 11:13:00,1.00,14.40
675,9/14/2023,14 09 2023 11:14:00,1.00,14.20
676,9/14/2023,14 09 2023 11:15:00,497.00,14.10
677,9/14/2023,14 09 2023 11:16:00,498.00,12.80
678,9/14/2023,14 09 2023 11:17:00,0.00,13.70
679,9/14/2023,14 09 2023 11:18:00,0.00,14.30
680,9/14/2023,14 09 2023 11:19:00,0.00,14.20
681,9/14/2023,14 09 2023 11:20:00,479.00,13.30
682,9/14/2023,14 09 2023 11:21:00,509.00,13.20
683,9/14/2023,14 09 2023 11:22:00,498.00,13.20
684,9/14/2023,14 09 2023 11:23:00,159.00,11.50
685,9/14/2023,14 09 2023 11:24:00,158.00,11.60
686,9/14/2023,14 09 2023 11:25:00,78.00,11.50
687,9/14/2023,14 09 2023 11:26:00,58.00,11.50
688,9/14/2023,14 09 2023 11:27:00,38.00,11.50
689,9/14/2023,14 09 2023 11:28:00,38.00,11.80
690,9/14/2023,14 09 2023 11:29:00,39.00,11.90
691,9/14/2023,14 09 2023 11:30:00,38.00,12.00
692,9/14/2023,14 09 2023 11:31:00,38.00,13.60
693,9/14/2023,14 09 2023 11:32:00,58.00,14.10
694,9/14/2023,14 09 2023 11:33:00,59.00,13.60
695,9/14/2023,14 09 2023 11:34:00,59.00,12.70
696,9/14/2023,14 09 2023 11:35:00,58.00,13.30
697,9/14/2023,14 09 2023 11:36:00,0.00,13.30
698,9/14/2023,14 09 2023 11:37:00,0.00,13.40
699,9/14/2023,14 09 2023 11:38:00,0.00,13.30
700,9/14/2023,14 09 2023 11:39:00,0.00,13.20
701,9/14/2023,14 09 2023 11:40:00,0.00,13.40
702,9/14/2023,14 09 2023 11:41:00,0.00,13.30
703,9/14/2023,14 09 2023 11:42:00,0.00,13.20
704,9/14/2023,14 09 2023 11:43:00,0.00,13.20
705,9/14/2023,14 09 2023 11:44:00,0.00,13.90
706,9/14/2023,14 09 2023 11:45:00,0.00,14.00
707,9/14/2023,14 09 2023 11:46:00,0.00,13.80
708,9/14/2023,14 09 2023 11:47:00,0.00,13.80
709,9/14/2023,14 09 2023 11:48:00,0.00,14.10
710,9/14/2023,14 09 2023 11:49:00,0.00,14.40
711,9/14/2023,14 09 2023 11:50:00,0.00,14.20
712,9/14/2023,14 09 2023 11:51:00,0.00,14.10
713,9/14/2023,14 09 2023 11:52:00,0.00,14.40
714,9/14/2023,14 09 2023 11:53:00,0.00,14.10
715,9/14/2023,14 09 2023 11:54:00,0.00,13.90
716,9/14/2023,14 09 2023 11:55:00,0.00,14.00
717,9/14/2023,14 09 2023 11:56:00,1.00,14.80
718,9/14/2023,14 09 2023 11:57:00,1.00,14.90
719,9/14/2023,14 09 2023 11:58:00,1.00,14.90
720,9/14/2023,14 09 2023 11:59:00,1.00,15.00
721,9/14/2023,14 09 2023 12:00:00,1.00,15.00
722,9/14/2023,14 09 2023 12:01:00,702.00,14.70
723,9/14/2023,14 09 2023 12:02:00,697.00,14.50
724,9/14/2023,14 09 2023 12:03:00,679.00,14.00
725,9/14/2023,14 09 2023 12:04:00,208.00,14.20
726,9/14/2023,14 09 2023 12:05:00,208.00,14.20
727,9/14/2023,14 09 2023 12:06:00,208.00,14.10
728,9/14/2023,14 09 2023 12:07:00,128.00,13.40
729,9/14/2023,14 09 2023 12:08:00,118.00,13.80
730,9/14/2023,14 09 2023 12:09:00,116.00,13.80
731,9/14/2023,14 09 2023 12:10:00,258.00,14.20
732,9/14/2023,14 09 2023 12:11:00,259.00,14.30
733,9/14/2023,14 09 2023 12:12:00,258.00,14.30
734,9/14/2023,14 09 2023 12:13:00,258.00,13.80
735,9/14/2023,14 09 2023 12:14:00,258.00,14.00
736,9/14/2023,14 09 2023 12:15:00,258.00,14.10
737,9/14/2023,14 09 2023 12:16:00,258.00,14.10
738,9/14/2023,14 09 2023 12:17:00,258.00,14.10
739,9/14/2023,14 09 2023 12:18:00,258.00,14.30
740,9/14/2023,14 09 2023 12:19:00,0.00,14.50
741,9/14/2023,14 09 2023 12:20:00,0.00,14.60
742,9/14/2023,14 09 2023 12:21:00,0.00,14.60
743,9/14/2023,14 09 2023 12:22:00,0.00,14.60
744,9/14/2023,14 09 2023 12:23:00,0.00,14.40
745,9/14/2023,14 09 2023 12:24:00,0.00,14.30
746,9/14/2023,14 09 2023 12:25:00,0.00,14.30
747,9/14/2023,14 09 2023 12:26:00,0.00,14.40
748,9/14/2023,14 09 2023 12:27:00,0.00,14.40
749,9/14/2023,14 09 2023 12:28:00,0.00,14.50
750,9/14/2023,14 09 2023 12:29:00,0.00,14.50
751,9/14/2023,14 09 2023 12:30:00,0.00,14.50
752,9/14/2023,14 09 2023 12:31:00,0.00,14.50
753,9/14/2023,14 09 2023 12:32:00,0.00,14.50
754,9/14/2023,14 09 2023 12:33:00,0.00,14.30
755,9/14/2023,14 09 2023 12:34:00,0.00,14.20
756,9/14/2023,14 09 2023 12:35:00,0.00,14.50
757,9/14/2023,14 09 2023 12:36:00,0.00,14.50
758,9/14/2023,14 09 2023 12:37:00,0.00,14.50
759,9/14/2023,14 09 2023 12:38:00,0.00,14.50
760,9/14/2023,14 09 2023 12:39:00,0.00,14.50
761,9/14/2023,14 09 2023 12:40:00,0.00,14.50
762,9/14/2023,14 09 2023 12:41:00,0.00,13.50
763,9/14/2023,14 09 2023 12:42:00,1.00,13.80
764,9/14/2023,14 09 2023 12:43:00,499.00,13.20
765,9/14/2023,14 09 2023 12:44:00,499.00,13.70
766,9/14/2023,14 09 2023 12:45:00,498.00,13.90
767,9/14/2023,14 09 2023 12:46:00,498.00,13.80
768,9/14/2023,14 09 2023 12:47:00,156.00,13.60
769,9/14/2023,14 09 2023 12:48:00,158.00,13.70
770,9/14/2023,14 09 2023 12:49:00,158.00,13.40
771,9/14/2023,14 09 2023 12:50:00,158.00,13.40
772,9/14/2023,14 09 2023 12:51:00,158.00,13.30
773,9/14/2023,14 09 2023 12:52:00,158.00,13.90
774,9/14/2023,14 09 2023 12:53:00,158.00,14.10
775,9/14/2023,14 09 2023 12:54:00,158.00,14.20
776,9/14/2023,14 09 2023 12:55:00,98.00,14.10
777,9/14/2023,14 09 2023 12:56:00,98.00,14.10
778,9/14/2023,14 09 2023 12:57:00,98.00,14.10
779,9/14/2023,14 09 2023 12:58:00,98.00,14.10
780,9/14/2023,14 09 2023 12:59:00,105.00,13.80
781,9/14/2023,14 09 2023 13:00:00,104.00,13.30
782,9/14/2023,14 09 2023 13:01:00,198.00,13.50
783,9/14/2023,14 09 2023 13:02:00,198.00,13.60
784,9/14/2023,14 09 2023 13:03:00,198.00,13.70
785,9/14/2023,14 09 2023 13:04:00,198.00,13.70
786,9/14/2023,14 09 2023 13:05:00,199.00,13.70
787,9/14/2023,14 09 2023 13:06:00,0.00,13.50
788,9/14/2023,14 09 2023 13:07:00,0.00,13.30
789,9/14/2023,14 09 2023 13:08:00,0.00,13.40
790,9/14/2023,14 09 2023 13:09:00,0.00,13.40
791,9/14/2023,14 09 2023 13:10:00,0.00,13.80
792,9/14/2023,14 09 2023 13:11:00,0.00,13.90
793,9/14/2023,14 09 2023 13:12:00,0.00,14.00
794,9/14/2023,14 09 2023 13:13:00,0.00,13.80
795,9/14/2023,14 09 2023 13:14:00,0.00,13.60
796,9/14/2023,14 09 2023 13:15:00,0.00,13.50
797,9/14/2023,14 09 2023 13:16:00,0.00,13.40
798,9/14/2023,14 09 2023 13:17:00,0.00,13.40
799,9/14/2023,14 09 2023 13:18:00,0.00,13.40
800,9/14/2023,14 09 2023 13:19:00,0.00,13.40
801,9/14/2023,14 09 2023 13:20:00,0.00,13.20
802,9/14/2023,14 09 2023 13:21:00,0.00,13.50
803,9/14/2023,14 09 2023 13:22:00,0.00,13.40
804,9/14/2023,14 09 2023 13:23:00,0.00,13.50
805,9/14/2023,14 09 2023 13:24:00,0.00,13.80
806,9/14/2023,14 09 2023 13:25:00,0.00,13.90
807,9/14/2023,14 09 2023 13:26:00,0.00,14.00
808,9/14/2023,14 09 2023 13:27:00,0.00,14.60
809,9/14/2023,14 09 2023 13:28:00,1.00,15.40
810,9/14/2023,14 09 2023 13:29:00,1.00,15.50
811,9/14/2023,14 09 2023 13:30:00,1.00,15.40
812,9/14/2023,14 09 2023 13:31:00,1.00,15.30
813,9/14/2023,14 09 2023 13:32:00,0.00,15.40
814,9/14/2023,14 09 2023 13:33:00,0.00,14.70
815,9/14/2023,14 09 2023 13:34:00,1.00,15.20
816,9/14/2023,14 09 2023 13:35:00,439.00,15.10
817,9/14/2023,14 09 2023 13:36:00,438.00,15.00
818,9/14/2023,14 09 2023 13:37:00,157.00,14.70
819,9/14/2023,14 09 2023 13:38:00,158.00,14.70
820,9/14/2023,14 09 2023 13:39:00,158.00,14.70
821,9/14/2023,14 09 2023 13:40:00,158.00,14.70
822,9/14/2023,14 09 2023 13:41:00,158.00,14.60
823,9/14/2023,14 09 2023 13:42:00,158.00,14.50
824,9/14/2023,14 09 2023 13:43:00,158.00,14.70
825,9/14/2023,14 09 2023 13:44:00,158.00,14.80
826,9/14/2023,14 09 2023 13:45:00,158.00,14.70
827,9/14/2023,14 09 2023 13:46:00,158.00,14.70
828,9/14/2023,14 09 2023 13:47:00,160.00,14.70
829,9/14/2023,14 09 2023 13:48:00,158.00,13.80
830,9/14/2023,14 09 2023 13:49:00,158.00,14.10
831,9/14/2023,14 09 2023 13:50:00,98.00,13.70
832,9/14/2023,14 09 2023 13:51:00,94.00,12.70
833,9/14/2023,14 09 2023 13:52:00,98.00,13.70
834,9/14/2023,14 09 2023 13:53:00,0.00,14.20
835,9/14/2023,14 09 2023 13:54:00,0.00,14.50
836,9/14/2023,14 09 2023 13:55:00,0.00,14.60
837,9/14/2023,14 09 2023 13:56:00,0.00,14.50
838,9/14/2023,14 09 2023 13:57:00,0.00,14.00
839,9/14/2023,14 09 2023 13:58:00,0.00,13.90
840,9/14/2023,14 09 2023 13:59:00,0.00,14.10
841,9/14/2023,14 09 2023 14:00:00,0.00,14.30
842,9/14/2023,14 09 2023 14:01:00,0.00,14.00
843,9/14/2023,14 09 2023 14:02:00,0.00,14.30
844,9/14/2023,14 09 2023 14:03:00,0.00,14.40
845,9/14/2023,14 09 2023 14:04:00,0.00,14.40
846,9/14/2023,14 09 2023 14:05:00,0.00,14.10
847,9/14/2023,14 09 2023 14:06:00,0.00,14.00
848,9/14/2023,14 09 2023 14:07:00,0.00,14.10
849,9/14/2023,14 09 2023 14:08:00,0.00,14.30
850,9/14/2023,14 09 2023 14:09:00,0.00,14.30
851,9/14/2023,14 09 2023 14:10:00,0.00,14.30
852,9/14/2023,14 09 2023 14:11:00,0.00,14.30
853,9/14/2023,14 09 2023 14:12:00,0.00,13.90
854,9/14/2023,14 09 2023 14:13:00,0.00,13.90
855,9/14/2023,14 09 2023 14:14:00,0.00,14.00
856,9/14/2023,14 09 2023 14:15:00,1.00,14.20
857,9/14/2023,14 09 2023 14:16:00,1.00,14.10
858,9/14/2023,14 09 2023 14:17:00,1.00,14.20
859,9/14/2023,14 09 2023 14:18:00,0.00,14.50
860,9/14/2023,14 09 2023 14:19:00,0.00,14.50
861,9/14/2023,14 09 2023 14:20:00,0.00,14.50
862,9/14/2023,14 09 2023 14:21:00,13.00,14.10
863,9/14/2023,14 09 2023 14:22:00,2.00,14.60
864,9/14/2023,14 09 2023 14:23:00,2.00,14.70
865,9/14/2023,14 09 2023 14:24:00,499.00,14.50
866,9/14/2023,14 09 2023 14:25:00,498.00,14.30
867,9/14/2023,14 09 2023 14:26:00,155.00,14.10
868,9/14/2023,14 09 2023 14:27:00,158.00,14.10
869,9/14/2023,14 09 2023 14:28:00,158.00,14.10
870,9/14/2023,14 09 2023 14:29:00,158.00,14.10
871,9/14/2023,14 09 2023 14:30:00,158.00,13.70
872,9/14/2023,14 09 2023 14:31:00,158.00,13.70
873,9/14/2023,14 09 2023 14:32:00,158.00,13.60
874,9/14/2023,14 09 2023 14:33:00,158.00,13.80
875,9/14/2023,14 09 2023 14:34:00,158.00,13.90
876,9/14/2023,14 09 2023 14:35:00,158.00,13.90
877,9/14/2023,14 09 2023 14:36:00,158.00,13.10
878,9/14/2023,14 09 2023 14:37:00,158.00,13.30
879,9/14/2023,14 09 2023 14:38:00,158.00,13.80
880,9/14/2023,14 09 2023 14:39:00,158.00,13.00
881,9/14/2023,14 09 2023 14:40:00,158.00,12.80
882,9/14/2023,14 09 2023 14:41:00,158.00,12.50
883,9/14/2023,14 09 2023 14:42:00,160.00,12.20
884,9/14/2023,14 09 2023 14:43:00,158.00,12.80
885,9/14/2023,14 09 2023 14:44:00,158.00,12.90
886,9/14/2023,14 09 2023 14:45:00,0.00,12.70
887,9/14/2023,14 09 2023 14:46:00,0.00,11.90
888,9/14/2023,14 09 2023 14:47:00,0.00,11.60
889,9/14/2023,14 09 2023 14:48:00,0.00,12.30
890,9/14/2023,14 09 2023 14:49:00,0.00,12.50
891,9/14/2023,14 09 2023 14:50:00,0.00,13.80
892,9/14/2023,14 09 2023 14:51:00,0.00,14.20
893,9/14/2023,14 09 2023 14:52:00,0.00,14.30
894,9/14/2023,14 09 2023 14:53:00,0.00,14.30
895,9/14/2023,14 09 2023 14:54:00,0.00,14.30
896,9/14/2023,14 09 2023 14:55:00,0.00,14.30
897,9/14/2023,14 09 2023 14:56:00,0.00,13.80
898,9/14/2023,14 09 2023 14:57:00,0.00,13.30
899,9/14/2023,14 09 2023 14:58:00,0.00,14.10
900,9/14/2023,14 09 2023 14:59:00,0.00,14.20
901,9/14/2023,14 09 2023 15:00:00,0.00,14.50
902,9/14/2023,14 09 2023 15:01:00,0.00,13.90
903,9/14/2023,14 09 2023 15:02:00,0.00,13.70
904,9/14/2023,14 09 2023 15:03:00,0.00,13.60
905,9/14/2023,14 09 2023 15:04:00,1.00,13.90
906,9/14/2023,14 09 2023 15:05:00,1.00,14.20
907,9/14/2023,14 09 2023 15:06:00,1.00,14.20
908,9/14/2023,14 09 2023 15:07:00,1.00,14.20
909,9/14/2023,14 09 2023 15:08:00,1.00,14.20
910,9/14/2023,14 09 2023 15:09:00,1.00,14.00
911,9/14/2023,14 09 2023 15:10:00,1.00,14.60
912,9/14/2023,14 09 2023 15:11:00,498.00,14.50
913,9/14/2023,14 09 2023 15:12:00,498.00,14.30
914,9/14/2023,14 09 2023 15:13:00,158.00,14.10
915,9/14/2023,14 09 2023 15:14:00,158.00,14.20
916,9/14/2023,14 09 2023 15:15:00,158.00,14.20
917,9/14/2023,14 09 2023 15:16:00,162.00,14.20
918,9/14/2023,14 09 2023 15:17:00,158.00,14.40
919,9/14/2023,14 09 2023 15:18:00,158.00,14.40
920,9/14/2023,14 09 2023 15:19:00,158.00,14.40
921,9/14/2023,14 09 2023 15:20:00,160.00,14.10
922,9/14/2023,14 09 2023 15:21:00,167.00,11.40
923,9/14/2023,14 09 2023 15:22:00,158.00,12.50
924,9/14/2023,14 09 2023 15:23:00,157.00,12.30
925,9/14/2023,14 09 2023 15:24:00,159.00,12.00
926,9/14/2023,14 09 2023 15:25:00,158.00,12.50
927,9/14/2023,14 09 2023 15:26:00,158.00,12.70
928,9/14/2023,14 09 2023 15:27:00,158.00,13.90
929,9/14/2023,14 09 2023 15:28:00,158.00,13.10
930,9/14/2023,14 09 2023 15:29:00,0.00,13.20
931,9/14/2023,14 09 2023 15:30:00,0.00,12.50
932,9/14/2023,14 09 2023 15:31:00,0.00,12.20
933,9/14/2023,14 09 2023 15:32:00,0.00,12.70
934,9/14/2023,14 09 2023 15:33:00,0.00,13.10
935,9/14/2023,14 09 2023 15:34:00,0.00,13.70
936,9/14/2023,14 09 2023 15:35:00,0.00,13.90
937,9/14/2023,14 09 2023 15:36:00,0.00,14.20
938,9/14/2023,14 09 2023 15:37:00,0.00,13.80
939,9/14/2023,14 09 2023 15:38:00,0.00,13.80
940,9/14/2023,14 09 2023 15:39:00,0.00,14.10
941,9/14/2023,14 09 2023 15:40:00,0.00,14.30
942,9/14/2023,14 09 2023 15:41:00,0.00,14.40
943,9/14/2023,14 09 2023 15:42:00,0.00,14.10
944,9/14/2023,14 09 2023 15:43:00,0.00,13.80
945,9/14/2023,14 09 2023 15:44:00,0.00,13.40
946,9/14/2023,14 09 2023 15:45:00,0.00,13.20
947,9/14/2023,14 09 2023 15:46:00,0.00,12.80
948,9/14/2023,14 09 2023 15:47:00,0.00,13.90
949,9/14/2023,14 09 2023 15:48:00,0.00,14.70
950,9/14/2023,14 09 2023 15:49:00,0.00,14.90
951,9/14/2023,14 09 2023 15:50:00,1.00,14.90
952,9/14/2023,14 09 2023 15:51:00,1.00,15.10
953,9/14/2023,14 09 2023 15:52:00,1.00,15.20
954,9/14/2023,14 09 2023 15:53:00,1.00,14.90
955,9/14/2023,14 09 2023 15:54:00,0.00,14.70
956,9/14/2023,14 09 2023 15:55:00,0.00,14.80
957,9/14/2023,14 09 2023 15:56:00,0.00,14.70
958,9/14/2023,14 09 2023 15:57:00,0.00,14.80
959,9/14/2023,14 09 2023 15:58:00,0.00,15.10
960,9/14/2023,14 09 2023 15:59:00,0.00,15.10
961,9/14/2023,14 09 2023 16:00:00,0.00,15.10
962,9/14/2023,14 09 2023 16:01:00,0.00,15.10
963,9/14/2023,14 09 2023 16:02:00,0.00,15.10
964,9/14/2023,14 09 2023 16:03:00,1.00,14.90
965,9/14/2023,14 09 2023 16:04:00,1.00,14.60
966,9/14/2023,14 09 2023 16:05:00,440.00,14.10
967,9/14/2023,14 09 2023 16:06:00,599.00,14.50
968,9/14/2023,14 09 2023 16:07:00,598.00,14.70
969,9/14/2023,14 09 2023 16:08:00,154.00,14.70
970,9/14/2023,14 09 2023 16:09:00,158.00,14.70
971,9/14/2023,14 09 2023 16:10:00,159.00,14.00
972,9/14/2023,14 09 2023 16:11:00,158.00,14.20
973,9/14/2023,14 09 2023 16:12:00,158.00,14.40
974,9/14/2023,14 09 2023 16:13:00,158.00,14.40
975,9/14/2023,14 09 2023 16:14:00,158.00,14.40
976,9/14/2023,14 09 2023 16:15:00,161.00,14.20
977,9/14/2023,14 09 2023 16:16:00,158.00,14.40
978,9/14/2023,14 09 2023 16:17:00,158.00,14.60
979,9/14/2023,14 09 2023 16:18:00,158.00,14.60
980,9/14/2023,14 09 2023 16:19:00,158.00,14.60
981,9/14/2023,14 09 2023 16:20:00,158.00,14.60
982,9/14/2023,14 09 2023 16:21:00,158.00,14.40
983,9/14/2023,14 09 2023 16:22:00,158.00,14.40
984,9/14/2023,14 09 2023 16:23:00,154.00,14.10
985,9/14/2023,14 09 2023 16:24:00,158.00,14.30
986,9/14/2023,14 09 2023 16:25:00,0.00,14.30
987,9/14/2023,14 09 2023 16:26:00,0.00,14.40
988,9/14/2023,14 09 2023 16:27:00,0.00,14.50
989,9/14/2023,14 09 2023 16:28:00,0.00,14.50
990,9/14/2023,14 09 2023 16:29:00,0.00,14.50
991,9/14/2023,14 09 2023 16:30:00,0.00,14.50
992,9/14/2023,14 09 2023 16:31:00,0.00,14.50
993,9/14/2023,14 09 2023 16:32:00,0.00,14.40
994,9/14/2023,14 09 2023 16:33:00,0.00,14.60
995,9/14/2023,14 09 2023 16:34:00,0.00,14.60
996,9/14/2023,14 09 2023 16:35:00,0.00,14.70
997,9/14/2023,14 09 2023 16:36:00,0.00,14.60
998,9/14/2023,14 09 2023 16:37:00,0.00,14.70
999,9/14/2023,14 09 2023 16:38:00,0.00,14.60
1000,9/14/2023,14 09 2023 16:39:00,0.00,14.50
1001,9/14/2023,14 09 2023 16:40:00,0.00,14.50
1002,9/14/2023,14 09 2023 16:41:00,0.00,14.30
1003,9/14/2023,14 09 2023 16:42:00,0.00,14.40
1004,9/14/2023,14 09 2023 16:43:00,0.00,14.40
1005,9/14/2023,14 09 2023 16:44:00,0.00,14.40
1006,9/14/2023,14 09 2023 16:45:00,0.00,14.40
1007,9/14/2023,14 09 2023 16:46:00,0.00,14.40
1008,9/14/2023,14 09 2023 16:47:00,0.00,14.40
1009,9/14/2023,14 09 2023 16:48:00,1.00,14.50
1010,9/14/2023,14 09 2023 16:49:00,1.00,14.50
1011,9/14/2023,14 09 2023 16:50:00,1.00,14.50
1012,9/14/2023,14 09 2023 16:51:00,1.00,14.10
1013,9/14/2023,14 09 2023 16:52:00,0.00,14.20
1014,9/14/2023,14 09 2023 16:53:00,0.00,14.30
1015,9/14/2023,14 09 2023 16:54:00,0.00,14.00
1016,9/14/2023,14 09 2023 16:55:00,0.00,14.60
1017,9/14/2023,14 09 2023 16:56:00,0.00,14.60
1018,9/14/2023,14 09 2023 16:57:00,0.00,14.60
1019,9/14/2023,14 09 2023 16:58:00,0.00,14.60
1020,9/14/2023,14 09 2023 16:59:00,0.00,14.50
1021,9/14/2023,14 09 2023 17:00:00,0.00,14.20
1022,9/14/2023,14 09 2023 17:01:00,0.00,14.40
1023,9/14/2023,14 09 2023 17:02:00,0.00,14.50
1024,9/14/2023,14 09 2023 17:03:00,0.00,14.60
1025,9/14/2023,14 09 2023 17:04:00,0.00,14.50
1026,9/14/2023,14 09 2023 17:05:00,0.00,14.40
1027,9/14/2023,14 09 2023 17:06:00,0.00,14.50
1028,9/14/2023,14 09 2023 17:07:00,0.00,14.50
1029,9/14/2023,14 09 2023 17:08:00,0.00,14.70
1030,9/14/2023,14 09 2023 17:09:00,0.00,14.70
1031,9/14/2023,14 09 2023 17:10:00,0.00,14.70
1032,9/14/2023,14 09 2023 17:11:00,0.00,14.70
1033,9/14/2023,14 09 2023 17:12:00,0.00,14.70
1034,9/14/2023,14 09 2023 17:13:00,0.00,14.60
1035,9/14/2023,14 09 2023 17:14:00,0.00,14.60
1036,9/14/2023,14 09 2023 17:15:00,0.00,14.50
1037,9/14/2023,14 09 2023 17:16:00,0.00,14.50
1038,9/14/2023,14 09 2023 17:17:00,0.00,14.20
1039,9/14/2023,14 09 2023 17:18:00,0.00,14.30
1040,9/14/2023,14 09 2023 17:19:00,0.00,14.50
1041,9/14/2023,14 09 2023 17:20:00,0.00,14.50
1042,9/14/2023,14 09 2023 17:21:00,0.00,14.50
1043,9/14/2023,14 09 2023 17:22:00,0.00,14.60
1044,9/14/2023,14 09 2023 17:23:00,0.00,14.60
1045,9/14/2023,14 09 2023 17:24:00,0.00,14.70
1046,9/14/2023,14 09 2023 17:25:00,0.00,14.60
1047,9/14/2023,14 09 2023 17:26:00,0.00,14.60
1048,9/14/2023,14 09 2023 17:27:00,0.00,14.60
1049,9/14/2023,14 09 2023 17:28:00,0.00,14.60
1050,9/14/2023,14 09 2023 17:29:00,0.00,14.70
1051,9/14/2023,14 09 2023 17:30:00,0.00,14.70
1052,9/14/2023,14 09 2023 17:31:00,0.00,14.70
1053,9/14/2023,14 09 2023 17:32:00,0.00,14.70
1054,9/14/2023,14 09 2023 17:33:00,0.00,14.60
1055,9/14/2023,14 09 2023 17:34:00,0.00,14.50
1056,9/14/2023,14 09 2023 17:35:00,0.00,14.50
1057,9/14/2023,14 09 2023 17:36:00,0.00,14.50
1058,9/14/2023,14 09 2023 17:37:00,0.00,14.50
1059,9/14/2023,14 09 2023 17:38:00,0.00,14.70
1060,9/14/2023,14 09 2023 17:39:00,0.00,14.70
1061,9/14/2023,14 09 2023 17:40:00,0.00,14.70
1062,9/14/2023,14 09 2023 17:41:00,0.00,14.70
1063,9/14/2023,14 09 2023 17:42:00,0.00,14.80
1064,9/14/2023,14 09 2023 17:43:00,0.00,14.80
1065,9/14/2023,14 09 2023 17:44:00,0.00,14.70
1066,9/14/2023,14 09 2023 17:45:00,0.00,14.30
1067,9/14/2023,14 09 2023 17:46:00,0.00,14.30
1068,9/14/2023,14 09 2023 17:47:00,0.00,14.30
1069,9/14/2023,14 09 2023 17:48:00,0.00,14.70
1070,9/14/2023,14 09 2023 17:49:00,0.00,14.70
1071,9/14/2023,14 09 2023 17:50:00,0.00,14.60
1072,9/14/2023,14 09 2023 17:51:00,0.00,14.50
1073,9/14/2023,14 09 2023 17:52:00,0.00,14.50
1074,9/14/2023,14 09 2023 17:53:00,0.00,14.40
1075,9/14/2023,14 09 2023 17:54:00,0.00,14.40
1076,9/14/2023,14 09 2023 17:55:00,0.00,14.50
1077,9/14/2023,14 09 2023 17:56:00,0.00,14.50
1078,9/14/2023,14 09 2023 17:57:00,0.00,14.70
1079,9/14/2023,14 09 2023 17:58:00,0.00,14.70
1080,9/14/2023,14 09 2023 17:59:00,0.00,14.80
1081,9/14/2023,14 09 2023 18:00:00,0.00,14.70
1082,9/14/2023,14 09 2023 18:01:00,0.00,14.70
1083,9/14/2023,14 09 2023 18:02:00,0.00,14.80
1084,9/14/2023,14 09 2023 18:03:00,0.00,14.70
1085,9/14/2023,14 09 2023 18:04:00,0.00,14.60
1086,9/14/2023,14 09 2023 18:05:00,0.00,14.60
1087,9/14/2023,14 09 2023 18:06:00,0.00,14.50
1088,9/14/2023,14 09 2023 18:07:00,0.00,14.60
1089,9/14/2023,14 09 2023 18:08:00,0.00,14.60
1090,9/14/2023,14 09 2023 18:09:00,0.00,14.60
1091,9/14/2023,14 09 2023 18:10:00,0.00,14.60
1092,9/14/2023,14 09 2023 18:11:00,0.00,14.80
1093,9/14/2023,14 09 2023 18:12:00,0.00,14.80
1094,9/14/2023,14 09 2023 18:13:00,0.00,14.80
1095,9/14/2023,14 09 2023 18:14:00,0.00,14.80
1096,9/14/2023,14 09 2023 18:15:00,0.00,14.80
1097,9/14/2023,14 09 2023 18:16:00,0.00,14.80
1098,9/14/2023,14 09 2023 18:17:00,0.00,14.70
1099,9/14/2023,14 09 2023 18:18:00,0.00,14.70
1100,9/14/2023,14 09 2023 18:19:00,0.00,14.70
1101,9/14/2023,14 09 2023 18:20:00,0.00,14.70
1102,9/14/2023,14 09 2023 18:21:00,0.00,14.70
1103,9/14/2023,14 09 2023 18:22:00,0.00,14.70
1104,9/14/2023,14 09 2023 18:23:00,0.00,14.80
1105,9/14/2023,14 09 2023 18:24:00,0.00,14.80
1106,9/14/2023,14 09 2023 18:25:00,0.00,14.80
1107,9/14/2023,14 09 2023 18:26:00,0.00,14.80
1108,9/14/2023,14 09 2023 18:27:00,317.00,14.80
1109,9/14/2023,14 09 2023 18:28:00,318.00,13.90
1110,9/14/2023,14 09 2023 18:29:00,318.00,13.50
1111,9/14/2023,14 09 2023 18:30:00,198.00,13.40
1112,9/14/2023,14 09 2023 18:31:00,199.00,14.00
1113,9/14/2023,14 09 2023 18:32:00,198.00,14.80
1114,9/14/2023,14 09 2023 18:33:00,199.00,14.80
1115,9/14/2023,14 09 2023 18:34:00,198.00,14.90
1116,9/14/2023,14 09 2023 18:35:00,151.00,14.70
1117,9/14/2023,14 09 2023 18:36:00,99.00,14.70
1118,9/14/2023,14 09 2023 18:37:00,139.00,14.80
1119,9/14/2023,14 09 2023 18:38:00,139.00,14.70
1120,9/14/2023,14 09 2023 18:39:00,98.00,14.80
1121,9/14/2023,14 09 2023 18:40:00,98.00,15.00
1122,9/14/2023,14 09 2023 18:41:00,98.00,15.30
1123,9/14/2023,14 09 2023 18:42:00,58.00,15.30
1124,9/14/2023,14 09 2023 18:43:00,58.00,15.40
1125,9/14/2023,14 09 2023 18:44:00,0.00,15.50
1126,9/14/2023,14 09 2023 18:45:00,0.00,14.60
1127,9/14/2023,14 09 2023 18:46:00,0.00,14.00
1128,9/14/2023,14 09 2023 18:47:00,0.00,14.40
1129,9/14/2023,14 09 2023 18:48:00,0.00,15.10
1130,9/14/2023,14 09 2023 18:49:00,0.00,15.50
1131,9/14/2023,14 09 2023 18:50:00,0.00,14.70
1132,9/14/2023,14 09 2023 18:51:00,0.00,14.60
1133,9/14/2023,14 09 2023 18:52:00,0.00,15.00
1134,9/14/2023,14 09 2023 18:53:00,0.00,15.00
1135,9/14/2023,14 09 2023 18:54:00,0.00,15.00
1136,9/14/2023,14 09 2023 18:55:00,0.00,14.90
1137,9/14/2023,14 09 2023 18:56:00,0.00,14.70
1138,9/14/2023,14 09 2023 18:57:00,0.00,14.50
1139,9/14/2023,14 09 2023 18:58:00,0.00,14.40
1140,9/14/2023,14 09 2023 18:59:00,0.00,14.70
1141,9/14/2023,14 09 2023 19:00:00,0.00,13.50
1142,9/14/2023,14 09 2023 19:01:00,0.00,14.80
1143,9/14/2023,14 09 2023 19:02:00,0.00,15.10
1144,9/14/2023,14 09 2023 19:03:00,0.00,15.20
1145,9/14/2023,14 09 2023 19:04:00,0.00,15.20
1146,9/14/2023,14 09 2023 19:05:00,0.00,15.20
1147,9/14/2023,14 09 2023 19:06:00,0.00,15.10
1148,9/14/2023,14 09 2023 19:07:00,0.00,12.60
1149,9/14/2023,14 09 2023 19:08:00,0.00,13.90
1150,9/14/2023,14 09 2023 19:09:00,1.00,14.60
1151,9/14/2023,14 09 2023 19:10:00,1.00,14.90
1152,9/14/2023,14 09 2023 19:11:00,1.00,15.00
1153,9/14/2023,14 09 2023 19:12:00,1.00,14.90
1154,9/14/2023,14 09 2023 19:13:00,0.00,14.70
1155,9/14/2023,14 09 2023 19:14:00,0.00,14.80
1156,9/14/2023,14 09 2023 19:15:00,0.00,14.80
1157,9/14/2023,14 09 2023 19:16:00,0.00,14.70
1158,9/14/2023,14 09 2023 19:17:00,0.00,14.60
1159,9/14/2023,14 09 2023 19:18:00,0.00,14.60
1160,9/14/2023,14 09 2023 19:19:00,0.00,14.70
1161,9/14/2023,14 09 2023 19:20:00,0.00,14.70
1162,9/14/2023,14 09 2023 19:21:00,0.00,14.60
1163,9/14/2023,14 09 2023 19:22:00,0.00,14.60
1164,9/14/2023,14 09 2023 19:23:00,0.00,14.40
1165,9/14/2023,14 09 2023 19:24:00,0.00,14.40
1166,9/14/2023,14 09 2023 19:25:00,0.00,14.40
1167,9/14/2023,14 09 2023 19:26:00,0.00,14.40
1168,9/14/2023,14 09 2023 19:27:00,0.00,14.40
1169,9/14/2023,14 09 2023 19:28:00,0.00,14.60
1170,9/14/2023,14 09 2023 19:29:00,0.00,14.90
1171,9/14/2023,14 09 2023 19:30:00,0.00,14.70
1172,9/14/2023,14 09 2023 19:31:00,0.00,14.90
1173,9/14/2023,14 09 2023 19:32:00,0.00,14.90
1174,9/14/2023,14 09 2023 19:33:00,0.00,14.90
1175,9/14/2023,14 09 2023 19:34:00,0.00,14.90
1176,9/14/2023,14 09 2023 19:35:00,0.00,14.70
1177,9/14/2023,14 09 2023 19:36:00,0.00,14.50
1178,9/14/2023,14 09 2023 19:37:00,0.00,14.30
1179,9/14/2023,14 09 2023 19:38:00,0.00,14.40
1180,9/14/2023,14 09 2023 19:39:00,0.00,14.20
1181,9/14/2023,14 09 2023 19:40:00,0.00,14.20
1182,9/14/2023,14 09 2023 19:41:00,0.00,14.40
1183,9/14/2023,14 09 2023 19:42:00,0.00,14.40
1184,9/14/2023,14 09 2023 19:43:00,0.00,14.40
1185,9/14/2023,14 09 2023 19:44:00,0.00,14.40
1186,9/14/2023,14 09 2023 19:45:00,0.00,14.70
1187,9/14/2023,14 09 2023 19:46:00,0.00,14.70
1188,9/14/2023,14 09 2023 19:47:00,0.00,14.70
1189,9/14/2023,14 09 2023 19:48:00,0.00,14.60
1190,9/14/2023,14 09 2023 19:49:00,0.00,14.60
1191,9/14/2023,14 09 2023 19:50:00,0.00,14.60
1192,9/14/2023,14 09 2023 19:51:00,0.00,14.60
1193,9/14/2023,14 09 2023 19:52:00,0.00,14.60
1194,9/14/2023,14 09 2023 19:53:00,0.00,14.30
1195,9/14/2023,14 09 2023 19:54:00,0.00,14.10
1196,9/14/2023,14 09 2023 19:55:00,0.00,14.10
1197,9/14/2023,14 09 2023 19:56:00,0.00,14.30
1198,9/14/2023,14 09 2023 19:57:00,0.00,14.50
1199,9/14/2023,14 09 2023 19:58:00,0.00,14.50
1200,9/14/2023,14 09 2023 19:59:00,0.00,14.30
1201,9/14/2023,14 09 2023 20:00:00,0.00,14.40
1202,9/14/2023,14 09 2023 20:01:00,0.00,14.30
1203,9/14/2023,14 09 2023 20:02:00,0.00,14.30
1204,9/14/2023,14 09 2023 20:03:00,0.00,14.30
1205,9/14/2023,14 09 2023 20:04:00,0.00,14.30
1206,9/14/2023,14 09 2023 20:05:00,0.00,14.30
1207,9/14/2023,14 09 2023 20:06:00,0.00,14.00
1208,9/14/2023,14 09 2023 20:07:00,0.00,14.10
1209,9/14/2023,14 09 2023 20:08:00,0.00,14.30
1210,9/14/2023,14 09 2023 20:09:00,0.00,14.40
1211,9/14/2023,14 09 2023 20:10:00,0.00,14.20
1212,9/14/2023,14 09 2023 20:11:00,0.00,13.80
1213,9/14/2023,14 09 2023 20:12:00,0.00,13.70
1214,9/14/2023,14 09 2023 20:13:00,0.00,13.60
1215,9/14/2023,14 09 2023 20:14:00,0.00,13.80
1216,9/14/2023,14 09 2023 20:15:00,0.00,14.10
1217,9/14/2023,14 09 2023 20:16:00,0.00,14.20
1218,9/14/2023,14 09 2023 20:17:00,0.00,14.20
1219,9/14/2023,14 09 2023 20:18:00,0.00,14.00
1220,9/14/2023,14 09 2023 20:19:00,0.00,13.90
1221,9/14/2023,14 09 2023 20:20:00,0.00,14.10
1222,9/14/2023,14 09 2023 20:21:00,0.00,14.10
1223,9/14/2023,14 09 2023 20:22:00,0.00,14.20
1224,9/14/2023,14 09 2023 20:23:00,0.00,14.30
1225,9/14/2023,14 09 2023 20:24:00,0.00,14.30
1226,9/14/2023,14 09 2023 20:25:00,0.00,14.30
1227,9/14/2023,14 09 2023 20:26:00,0.00,14.40
1228,9/14/2023,14 09 2023 20:27:00,0.00,14.50
1229,9/14/2023,14 09 2023 20:28:00,0.00,14.30
1230,9/14/2023,14 09 2023 20:29:00,0.00,14.20
1231,9/14/2023,14 09 2023 20:30:00,0.00,14.30
1232,9/14/2023,14 09 2023 20:31:00,0.00,14.10
1233,9/14/2023,14 09 2023 20:32:00,0.00,14.10
1234,9/14/2023,14 09 2023 20:33:00,0.00,14.10
1235,9/14/2023,14 09 2023 20:34:00,0.00,14.20
1236,9/14/2023,14 09 2023 20:35:00,0.00,14.20
1237,9/14/2023,14 09 2023 20:36:00,0.00,14.20
1238,9/14/2023,14 09 2023 20:37:00,0.00,14.30
1239,9/14/2023,14 09 2023 20:38:00,0.00,14.30
1240,9/14/2023,14 09 2023 20:39:00,0.00,14.30
1241,9/14/2023,14 09 2023 20:40:00,0.00,14.40
1242,9/14/2023,14 09 2023 20:41:00,0.00,14.40
1243,9/14/2023,14 09 2023 20:42:00,0.00,14.30
1244,9/14/2023,14 09 2023 20:43:00,0.00,14.40
1245,9/14/2023,14 09 2023 20:44:00,0.00,14.40
1246,9/14/2023,14 09 2023 20:45:00,0.00,14.30
1247,9/14/2023,14 09 2023 20:46:00,0.00,14.20
1248,9/14/2023,14 09 2023 20:47:00,0.00,13.90
1249,9/14/2023,14 09 2023 20:48:00,0.00,13.80
1250,9/14/2023,14 09 2023 20:49:00,0.00,13.80
1251,9/14/2023,14 09 2023 20:50:00,0.00,13.80
1252,9/14/2023,14 09 2023 20:51:00,0.00,14.20
1253,9/14/2023,14 09 2023 20:52:00,0.00,14.30
1254,9/14/2023,14 09 2023 20:53:00,0.00,14.30
1255,9/14/2023,14 09 2023 20:54:00,0.00,14.40
1256,9/14/2023,14 09 2023 20:55:00,0.00,14.50
1257,9/14/2023,14 09 2023 20:56:00,0.00,14.60
1258,9/14/2023,14 09 2023 20:57:00,0.00,14.60
1259,9/14/2023,14 09 2023 20:58:00,0.00,14.50
1260,9/14/2023,14 09 2023 20:59:00,0.00,14.50
1261,9/14/2023,14 09 2023 21:00:00,0.00,14.60
1262,9/14/2023,14 09 2023 21:01:00,0.00,14.60
1263,9/14/2023,14 09 2023 21:02:00,0.00,14.60
1264,9/14/2023,14 09 2023 21:03:00,0.00,14.70
1265,9/14/2023,14 09 2023 21:04:00,0.00,14.80
1266,9/14/2023,14 09 2023 21:05:00,0.00,14.90
1267,9/14/2023,14 09 2023 21:06:00,0.00,14.90
1268,9/14/2023,14 09 2023 21:07:00,0.00,14.90
1269,9/14/2023,14 09 2023 21:08:00,0.00,14.30
1270,9/14/2023,14 09 2023 21:09:00,0.00,14.20
1271,9/14/2023,14 09 2023 21:10:00,0.00,14.30
1272,9/14/2023,14 09 2023 21:11:00,0.00,14.70
1273,9/14/2023,14 09 2023 21:12:00,0.00,14.90
1274,9/14/2023,14 09 2023 21:13:00,0.00,14.70
1275,9/14/2023,14 09 2023 21:14:00,0.00,14.70
1276,9/14/2023,14 09 2023 21:15:00,0.00,14.70
1277,9/14/2023,14 09 2023 21:16:00,0.00,14.90
1278,9/14/2023,14 09 2023 21:17:00,0.00,14.80
1279,9/14/2023,14 09 2023 21:18:00,0.00,14.90
1280,9/14/2023,14 09 2023 21:19:00,0.00,14.90
1281,9/14/2023,14 09 2023 21:20:00,0.00,14.90
1282,9/14/2023,14 09 2023 21:21:00,0.00,14.90
1283,9/14/2023,14 09 2023 21:22:00,0.00,14.90
1284,9/14/2023,14 09 2023 21:23:00,0.00,14.90
1285,9/14/2023,14 09 2023 21:24:00,0.00,15.10
1286,9/14/2023,14 09 2023 21:25:00,0.00,15.10
1287,9/14/2023,14 09 2023 21:26:00,0.00,15.10
1288,9/14/2023,14 09 2023 21:27:00,0.00,15.10
1289,9/14/2023,14 09 2023 21:28:00,0.00,15.10
1290,9/14/2023,14 09 2023 21:29:00,0.00,15.10
1291,9/14/2023,14 09 2023 21:30:00,0.00,14.90
1292,9/14/2023,14 09 2023 21:31:00,0.00,14.60
1293,9/14/2023,14 09 2023 21:32:00,0.00,14.50
1294,9/14/2023,14 09 2023 21:33:00,0.00,14.50
1295,9/14/2023,14 09 2023 21:34:00,0.00,14.70
1296,9/14/2023,14 09 2023 21:35:00,0.00,15.10
1297,9/14/2023,14 09 2023 21:36:00,0.00,15.20
1298,9/14/2023,14 09 2023 21:37:00,0.00,15.20
1299,9/14/2023,14 09 2023 21:38:00,0.00,15.20
1300,9/14/2023,14 09 2023 21:39:00,0.00,15.20
1301,9/14/2023,14 09 2023 21:40:00,579.00,14.80
1302,9/14/2023,14 09 2023 21:41:00,396.00,14.40
1303,9/14/2023,14 09 2023 21:42:00,405.00,14.60
1304,9/14/2023,14 09 2023 21:43:00,176.00,14.60
1305,9/14/2023,14 09 2023 21:44:00,166.00,14.60
1306,9/14/2023,14 09 2023 21:45:00,160.00,14.40
1307,9/14/2023,14 09 2023 21:46:00,159.00,14.30
1308,9/14/2023,14 09 2023 21:47:00,158.00,14.50
1309,9/14/2023,14 09 2023 21:48:00,159.00,14.60
1310,9/14/2023,14 09 2023 21:49:00,158.00,14.60
1311,9/14/2023,14 09 2023 21:50:00,159.00,14.50
1312,9/14/2023,14 09 2023 21:51:00,159.00,14.70
1313,9/14/2023,14 09 2023 21:52:00,178.00,14.80
1314,9/14/2023,14 09 2023 21:53:00,178.00,14.80
1315,9/14/2023,14 09 2023 21:54:00,178.00,14.90
1316,9/14/2023,14 09 2023 21:55:00,179.00,14.90
1317,9/14/2023,14 09 2023 21:56:00,178.00,14.90
1318,9/14/2023,14 09 2023 21:57:00,178.00,14.90
1319,9/14/2023,14 09 2023 21:58:00,178.00,14.60
1320,9/14/2023,14 09 2023 21:59:00,178.00,14.50
1321,9/14/2023,14 09 2023 22:00:00,178.00,14.50
1322,9/14/2023,14 09 2023 22:01:00,178.00,14.80
1323,9/14/2023,14 09 2023 22:02:00,177.00,14.70
1324,9/14/2023,14 09 2023 22:03:00,139.00,14.70
1325,9/14/2023,14 09 2023 22:04:00,98.00,14.70
1326,9/14/2023,14 09 2023 22:05:00,98.00,14.60
1327,9/14/2023,14 09 2023 22:06:00,98.00,14.60
1328,9/14/2023,14 09 2023 22:07:00,98.00,14.80
1329,9/14/2023,14 09 2023 22:08:00,98.00,14.80
1330,9/14/2023,14 09 2023 22:09:00,98.00,14.70
1331,9/14/2023,14 09 2023 22:10:00,98.00,14.70
1332,9/14/2023,14 09 2023 22:11:00,98.00,14.70
1333,9/14/2023,14 09 2023 22:12:00,38.00,14.70
1334,9/14/2023,14 09 2023 22:13:00,0.00,14.80
1335,9/14/2023,14 09 2023 22:14:00,0.00,14.80
1336,9/14/2023,14 09 2023 22:15:00,0.00,14.70
1337,9/14/2023,14 09 2023 22:16:00,0.00,14.80
1338,9/14/2023,14 09 2023 22:17:00,0.00,14.90
1339,9/14/2023,14 09 2023 22:18:00,0.00,14.60
1340,9/14/2023,14 09 2023 22:19:00,0.00,14.60
1341,9/14/2023,14 09 2023 22:20:00,0.00,14.60
1342,9/14/2023,14 09 2023 22:21:00,0.00,14.80
1343,9/14/2023,14 09 2023 22:22:00,0.00,14.90
1344,9/14/2023,14 09 2023 22:23:00,0.00,14.90
1345,9/14/2023,14 09 2023 22:24:00,0.00,14.90
1346,9/14/2023,14 09 2023 22:25:00,0.00,14.90
1347,9/14/2023,14 09 2023 22:26:00,0.00,14.90
1348,9/14/2023,14 09 2023 22:27:00,0.00,14.90
1349,9/14/2023,14 09 2023 22:28:00,0.00,14.80
1350,9/14/2023,14 09 2023 22:29:00,0.00,14.80
1351,9/14/2023,14 09 2023 22:30:00,0.00,14.80
1352,9/14/2023,14 09 2023 22:31:00,0.00,14.80
1353,9/14/2023,14 09 2023 22:32:00,0.00,14.80
1354,9/14/2023,14 09 2023 22:33:00,0.00,14.90
1355,9/14/2023,14 09 2023 22:34:00,0.00,14.80
1356,9/14/2023,14 09 2023 22:35:00,0.00,14.90
1357,9/14/2023,14 09 2023 22:36:00,1.00,14.90
1358,9/14/2023,14 09 2023 22:37:00,1.00,15.20
1359,9/14/2023,14 09 2023 22:38:00,1.00,15.30
1360,9/14/2023,14 09 2023 22:39:00,1.00,15.30
1361,9/14/2023,14 09 2023 22:40:00,1.00,15.30
1362,9/14/2023,14 09 2023 22:41:00,0.00,15.10
1363,9/14/2023,14 09 2023 22:42:00,510.00,14.80
1364,9/14/2023,14 09 2023 22:43:00,409.00,15.00
1365,9/14/2023,14 09 2023 22:44:00,275.00,15.00
1366,9/14/2023,14 09 2023 22:45:00,117.00,15.10
1367,9/14/2023,14 09 2023 22:46:00,118.00,15.10
1368,9/14/2023,14 09 2023 22:47:00,118.00,15.10
1369,9/14/2023,14 09 2023 22:48:00,118.00,14.90
1370,9/14/2023,14 09 2023 22:49:00,189.00,15.00
1371,9/14/2023,14 09 2023 22:50:00,188.00,15.00
1372,9/14/2023,14 09 2023 22:51:00,188.00,15.00
1373,9/14/2023,14 09 2023 22:52:00,188.00,15.00
1374,9/14/2023,14 09 2023 22:53:00,188.00,15.10
1375,9/14/2023,14 09 2023 22:54:00,188.00,15.10
1376,9/14/2023,14 09 2023 22:55:00,188.00,15.10
1377,9/14/2023,14 09 2023 22:56:00,188.00,15.10
1378,9/14/2023,14 09 2023 22:57:00,188.00,15.10
1379,9/14/2023,14 09 2023 22:58:00,188.00,15.10
1380,9/14/2023,14 09 2023 22:59:00,0.00,15.20
1381,9/14/2023,14 09 2023 23:00:00,0.00,14.90
1382,9/14/2023,14 09 2023 23:01:00,0.00,14.90
1383,9/14/2023,14 09 2023 23:02:00,0.00,14.80
1384,9/14/2023,14 09 2023 23:03:00,0.00,14.80
1385,9/14/2023,14 09 2023 23:04:00,0.00,14.80
1386,9/14/2023,14 09 2023 23:05:00,0.00,14.80
1387,9/14/2023,14 09 2023 23:06:00,0.00,14.80
1388,9/14/2023,14 09 2023 23:07:00,0.00,14.60
1389,9/14/2023,14 09 2023 23:08:00,0.00,14.50
1390,9/14/2023,14 09 2023 23:09:00,0.00,14.50
1391,9/14/2023,14 09 2023 23:10:00,0.00,14.80
1392,9/14/2023,14 09 2023 23:11:00,0.00,14.90
1393,9/14/2023,14 09 2023 23:12:00,0.00,14.90
1394,9/14/2023,14 09 2023 23:13:00,0.00,14.90
1395,9/14/2023,14 09 2023 23:14:00,0.00,14.90
1396,9/14/2023,14 09 2023 23:15:00,0.00,15.00
1397,9/14/2023,14 09 2023 23:16:00,0.00,15.10
1398,9/14/2023,14 09 2023 23:17:00,0.00,15.10
1399,9/14/2023,14 09 2023 23:18:00,0.00,15.10
1400,9/14/2023,14 09 2023 23:19:00,0.00,14.90
1401,9/14/2023,14 09 2023 23:20:00,0.00,14.80
1402,9/14/2023,14 09 2023 23:21:00,0.00,14.80
1403,9/14/2023,14 09 2023 23:22:00,0.00,14.80
1404,9/14/2023,14 09 2023 23:23:00,0.00,14.80
1405,9/14/2023,14 09 2023 23:24:00,1.00,14.70
1406,9/14/2023,14 09 2023 23:25:00,1.00,15.00
1407,9/14/2023,14 09 2023 23:26:00,1.00,14.90
1408,9/14/2023,14 09 2023 23:27:00,1.00,14.90
1409,9/14/2023,14 09 2023 23:28:00,0.00,14.90
1410,9/14/2023,14 09 2023 23:29:00,0.00,15.00
1411,9/14/2023,14 09 2023 23:30:00,0.00,15.10
1412,9/14/2023,14 09 2023 23:31:00,0.00,15.10
1413,9/14/2023,14 09 2023 23:32:00,0.00,15.10
1414,9/14/2023,14 09 2023 23:33:00,0.00,15.10
1415,9/14/2023,14 09 2023 23:34:00,0.00,15.10
1416,9/14/2023,14 09 2023 23:35:00,0.00,15.10
1417,9/14/2023,14 09 2023 23:36:00,0.00,15.10
1418,9/14/2023,14 09 2023 23:37:00,0.00,15.10
1419,9/14/2023,14 09 2023 23:38:00,0.00,15.10
1420,9/14/2023,14 09 2023 23:39:00,0.00,15.10
1421,9/14/2023,14 09 2023 23:40:00,0.00,15.10
1422,9/14/2023,14 09 2023 23:41:00,0.00,15.10
1423,9/14/2023,14 09 2023 23:42:00,0.00,15.10
1424,9/14/2023,14 09 2023 23:43:00,0.00,15.20
1425,9/14/2023,14 09 2023 23:44:00,0.00,15.20
1426,9/14/2023,14 09 2023 23:45:00,0.00,15.00
1427,9/14/2023,14 09 2023 23:46:00,0.00,15.00
1428,9/14/2023,14 09 2023 23:47:00,0.00,15.00
1429,9/14/2023,14 09 2023 23:48:00,0.00,15.00
1430,9/14/2023,14 09 2023 23:49:00,0.00,15.00
1431,9/14/2023,14 09 2023 23:50:00,0.00,14.90
1432,9/14/2023,14 09 2023 23:51:00,0.00,14.90
1433,9/14/2023,14 09 2023 23:52:00,0.00,14.90
1434,9/14/2023,14 09 2023 23:53:00,0.00,15.10
1435,9/14/2023,14 09 2023 23:54:00,0.00,15.20
1436,9/14/2023,14 09 2023 23:55:00,0.00,15.20
1437,9/14/2023,14 09 2023 23:56:00,0.00,15.10
1438,9/14/2023,14 09 2023 23:57:00,0.00,15.10
1439,9/14/2023,14 09 2023 23:58:00,0.00,15.10
1440,9/14/2023,14 09 2023 23:59:00,0.00,15.20
