date,time,QENTRADA,REPOSICION,QRETORNO,TTORRE,TRETORNO,TDIA,HR,PNM
12/2/2023, 05:00:00,11240,280,11510,34.9,39.6,28,52,1005.2
12/2/2023, 05:01:00,11480,270,11590,35.1,39.6,28,52,1005.2
12/2/2023, 05:02:00,11350,240,11620,35,39.7,28,52,1005.2
12/2/2023, 05:03:00,11370,280,11730,35,39.6,28,52,1005.2
12/2/2023, 05:04:00,11270,285,11670,34.9,39.5,28,52,1005.2
12/2/2023, 05:05:00,11310,303,11570,35.3,39.5,28,52,1005.2
12/2/2023, 05:06:00,11380,306,11620,35.6,39.6,28,52,1005.2
12/2/2023, 05:07:00,11200,327,11680,34.9,39.5,28,52,1005.2
12/2/2023, 05:08:00,11200,234,11600,34.8,39.2,28,52,1005.2
12/2/2023, 05:09:00,11340,248,11590,34.3,38.7,28,52,1005.2
12/2/2023, 05:10:00,11350,239,11680,34.1,38.4,28,52,1005.2
12/2/2023, 05:11:00,11460,283,11760,33.4,38,28,52,1005.2
12/2/2023, 05:12:00,11300,253,11630,32.6,37.7,28,52,1005.2
12/2/2023, 05:13:00,11540,203,11610,32.8,37.6,28,52,1005.2
12/2/2023, 05:14:00,11360,215,11720,32.6,37.4,28,52,1005.2
12/2/2023, 05:15:00,11350,300,11860,33.1,37.4,28,52,1005.2
12/2/2023, 05:16:00,11440,249,11690,32.4,37.4,28,52,1005.2
12/2/2023, 05:17:00,11420,179,11720,32.3,37.4,28,52,1005.2
12/2/2023, 05:18:00,11320,283,11690,32.9,37.3,28,52,1005.2
12/2/2023, 05:19:00,11290,244,11530,32.3,37.2,28,52,1005.2
12/2/2023, 05:20:00,11450,256,11710,33.2,37.2,28,52,1005.2
12/2/2023, 05:21:00,11380,295,11760,32.9,37.3,28,52,1005.2
12/2/2023, 05:22:00,11450,272,11690,32.9,37.5,28,52,1005.2
12/2/2023, 05:23:00,11250,272,11680,33.3,37.8,28,52,1005.2
12/2/2023, 05:24:00,11580,254,11690,33.3,37.9,28,52,1005.2
12/2/2023, 05:25:00,11390,323,11570,33.4,38,28,52,1005.2
12/2/2023, 05:26:00,11390,266,11580,33.6,38,28,52,1005.2
12/2/2023, 05:27:00,11320,243,11620,33.5,38,28,52,1005.2
12/2/2023, 05:28:00,11350,200,11720,33.2,37.9,28,52,1005.2
12/2/2023, 05:29:00,11320,203,11770,33.5,37.9,28,52,1005.2
12/2/2023, 05:30:00,11430,251,11590,33.4,37.7,28,52,1005.2
12/2/2023, 05:31:00,11310,242,11740,32.9,37.5,28,52,1005.2
12/2/2023, 05:32:00,11420,276,11590,32.3,37.2,28,52,1005.2
12/2/2023, 05:33:00,11490,310,11540,32.9,37.1,28,52,1005.2
12/2/2023, 05:34:00,11320,281,11610,32.4,37.2,28,52,1005.2
12/2/2023, 05:35:00,11300,278,11680,32.7,37.3,28,52,1005.2
12/2/2023, 05:36:00,11480,273,11700,33.1,37.5,28,52,1005.2
12/2/2023, 05:37:00,11370,267,11750,33.1,37.7,28,52,1005.2
12/2/2023, 05:38:00,11300,229,11660,32.9,37.7,28,52,1005.2
12/2/2023, 05:39:00,11570,228,11680,33.6,37.6,28,52,1005.2
12/2/2023, 05:40:00,11430,235,11650,33.1,37.6,28,52,1005.2
12/2/2023, 05:41:00,11370,251,11690,32.6,37.5,28,52,1005.2
12/2/2023, 05:42:00,11310,236,11640,33.3,37.4,28,52,1005.2
12/2/2023, 05:43:00,11370,263,11660,33.1,37.2,28,52,1005.2
12/2/2023, 05:44:00,11490,250,11780,32.3,37,28,52,1005.2
12/2/2023, 05:45:00,11320,263,11840,32.2,36.9,28,52,1005.2
12/2/2023, 05:46:00,11430,205,11720,32.7,36.9,28,52,1005.2
12/2/2023, 05:47:00,11300,212,11700,32.5,37.1,28,52,1005.2
12/2/2023, 05:48:00,11250,248,11680,32.7,37.3,28,52,1005.2
12/2/2023, 05:49:00,11430,237,11650,32.9,37.7,28,52,1005.2
12/2/2023, 05:50:00,11310,171,11760,34,38.2,28,52,1005.2
12/2/2023, 05:51:00,11350,329,11710,34.1,38.9,28,52,1005.2
12/2/2023, 05:52:00,11240,273,11720,34.5,39.3,28,52,1005.2
12/2/2023, 05:53:00,11260,272,11670,35.2,39.2,28,52,1005.2
12/2/2023, 05:54:00,11360,259,11580,34.1,38.8,28,52,1005.2
12/2/2023, 05:55:00,11550,238,11690,34.2,38.5,28,52,1005.2
12/2/2023, 05:56:00,11460,230,11600,33.5,38.3,28,52,1005.2
12/2/2023, 05:57:00,11290,231,11700,33.6,38.5,28,52,1005.2
12/2/2023, 05:58:00,11450,247,11490,34.3,38.7,28,52,1005.2
12/2/2023, 05:59:00,11100,257,11760,33.8,38.8,28,52,1005.2
12/2/2023, 06:00:00,11440,256,11630,34.4,38.9,26.7,59,1005.8
12/2/2023, 06:01:00,11230,233,11600,34.4,38.9,26.7,59,1005.8
12/2/2023, 06:02:00,11430,246,11670,33.9,38.9,26.7,59,1005.8
12/2/2023, 06:03:00,11460,304,11680,34.6,39,26.7,59,1005.8
12/2/2023, 06:04:00,11430,292,11750,34.8,39.1,26.7,59,1005.8
12/2/2023, 06:05:00,11490,236,11660,34.9,39.1,26.7,59,1005.8
12/2/2023, 06:06:00,11330,207,11670,35.2,39.1,26.7,59,1005.8
12/2/2023, 06:07:00,11190,248,11650,35.1,39.1,26.7,59,1005.8
12/2/2023, 06:08:00,11310,249,11790,34.8,39.1,26.7,59,1005.8
12/2/2023, 06:09:00,11400,290,11590,34.5,39,26.7,59,1005.8
12/2/2023, 06:10:00,11300,241,11710,34.5,39,26.7,59,1005.8
12/2/2023, 06:11:00,11220,240,11720,34,39,26.7,59,1005.8
12/2/2023, 06:12:00,11490,237,11680,34.2,39,26.7,59,1005.8
12/2/2023, 06:13:00,11370,245,11700,33.9,38.9,26.7,59,1005.8
12/2/2023, 06:14:00,11550,270,11620,33.8,38.8,26.7,59,1005.8
12/2/2023, 06:15:00,11520,283,11590,33.8,38.6,26.7,59,1005.8
12/2/2023, 06:16:00,11450,321,11690,33.7,38.5,26.7,59,1005.8
12/2/2023, 06:17:00,11390,275,11740,34.4,38.6,26.7,59,1005.8
12/2/2023, 06:18:00,11380,279,11870,34.2,38.5,26.7,59,1005.8
12/2/2023, 06:19:00,11410,247,11750,34,38.5,26.7,59,1005.8
12/2/2023, 06:20:00,11160,293,11650,33.8,38.4,26.7,59,1005.8
12/2/2023, 06:21:00,11330,278,11670,33.9,38.5,26.7,59,1005.8
12/2/2023, 06:22:00,11520,282,11730,33.7,38.5,26.7,59,1005.8
12/2/2023, 06:23:00,11370,269,11660,34,38.5,26.7,59,1005.8
12/2/2023, 06:24:00,11410,260,11860,34.1,38.5,26.7,59,1005.8
12/2/2023, 06:25:00,11410,240,11690,34.1,38.4,26.7,59,1005.8
12/2/2023, 06:26:00,11350,222,11680,33.8,38.3,26.7,59,1005.8
12/2/2023, 06:27:00,11400,266,11450,33.7,38.2,26.7,59,1005.8
12/2/2023, 06:28:00,11370,250,11590,33.6,38.1,26.7,59,1005.8
12/2/2023, 06:29:00,11380,277,11570,33.5,38,26.7,59,1005.8
12/2/2023, 06:30:00,11390,287,11630,33.7,37.9,26.7,59,1005.8
12/2/2023, 06:31:00,11360,265,11670,33.1,37.8,26.7,59,1005.8
12/2/2023, 06:32:00,11350,254,11600,33.6,37.8,26.7,59,1005.8
12/2/2023, 06:33:00,11230,251,11650,33.3,37.9,26.7,59,1005.8
12/2/2023, 06:34:00,11300,194,11800,33.6,38.2,26.7,59,1005.8
12/2/2023, 06:35:00,11520,186,11780,34.1,38.7,26.7,59,1005.8
12/2/2023, 06:36:00,11490,228,11500,34.4,39.3,26.7,59,1005.8
12/2/2023, 06:37:00,11330,275,11790,35.2,39.7,26.7,59,1005.8
12/2/2023, 06:38:00,11190,344,11630,35.6,39.8,26.7,59,1005.8
12/2/2023, 06:39:00,11250,314,11700,36.1,39.8,26.7,59,1005.8
12/2/2023, 06:40:00,11330,260,11680,35.3,40,26.7,59,1005.8
12/2/2023, 06:41:00,11320,258,11610,35.7,40.1,26.7,59,1005.8
12/2/2023, 06:42:00,11400,265,11640,35.3,40.2,26.7,59,1005.8
12/2/2023, 06:43:00,11310,283,11730,36.4,40.3,26.7,59,1005.8
12/2/2023, 06:44:00,11430,253,11510,35.7,40.4,26.7,59,1005.8
12/2/2023, 06:45:00,11370,243,11600,36.5,40.4,26.7,59,1005.8
12/2/2023, 06:46:00,11430,290,11690,35.6,40.4,26.7,59,1005.8
12/2/2023, 06:47:00,11480,311,11670,35.7,40.3,26.7,59,1005.8
12/2/2023, 06:48:00,11440,299,11730,36.1,40.5,26.7,59,1005.8
12/2/2023, 06:49:00,11330,259,11700,36.5,40.5,26.7,59,1005.8
12/2/2023, 06:50:00,11500,200,11710,35.8,40.5,26.7,59,1005.8
12/2/2023, 06:51:00,11470,220,11710,36,40.6,26.7,59,1005.8
12/2/2023, 06:52:00,11490,253,11540,36.3,40.9,26.7,59,1005.8
12/2/2023, 06:53:00,11370,320,11740,37.2,41,26.7,59,1005.8
12/2/2023, 06:54:00,11330,319,11720,36.4,40.8,26.7,59,1005.8
12/2/2023, 06:55:00,11380,270,11860,35.9,40.7,26.7,59,1005.8
12/2/2023, 06:56:00,11400,295,11830,35.9,40.7,26.7,59,1005.8
12/2/2023, 06:57:00,11320,264,11700,35.9,40.5,26.7,59,1005.8
12/2/2023, 06:58:00,11370,244,11450,35.8,40.3,26.7,59,1005.8
12/2/2023, 06:59:00,11480,231,11660,35.2,40.1,26.7,59,1005.8
12/2/2023, 07:00:00,11360,233,11750,35.3,40,26.6,61,1006.8
12/2/2023, 07:01:00,11280,263,11620,35.1,40,26.6,61,1006.8
12/2/2023, 07:02:00,11380,291,11650,35.3,40,26.6,61,1006.8
12/2/2023, 07:03:00,11340,296,11570,34.9,39.9,26.6,61,1006.8
12/2/2023, 07:04:00,11370,296,11750,34.9,39.5,26.6,61,1006.8
12/2/2023, 07:05:00,11470,253,11480,34.9,39.2,26.6,61,1006.8
12/2/2023, 07:06:00,11240,290,11630,33.9,38.9,26.6,61,1006.8
12/2/2023, 07:07:00,11270,233,11730,33.6,38.7,26.6,61,1006.8
12/2/2023, 07:08:00,11320,260,11570,33.9,38.5,26.6,61,1006.8
12/2/2023, 07:09:00,11230,253,11750,34.1,38.4,26.6,61,1006.8
12/2/2023, 07:10:00,11370,327,11660,34.2,38.4,26.6,61,1006.8
12/2/2023, 07:11:00,11260,301,11670,33.9,38.3,26.6,61,1006.8
12/2/2023, 07:12:00,11430,230,11670,33.4,38.4,26.6,61,1006.8
12/2/2023, 07:13:00,11260,204,11710,34.1,38.6,26.6,61,1006.8
12/2/2023, 07:14:00,11430,232,11820,34,38.9,26.6,61,1006.8
12/2/2023, 07:15:00,11430,231,11600,34.2,39.2,26.6,61,1006.8
12/2/2023, 07:16:00,11320,245,11700,34.5,39.4,26.6,61,1006.8
12/2/2023, 07:17:00,11450,324,11630,34.6,39.6,26.6,61,1006.8
12/2/2023, 07:18:00,11360,286,11730,34.9,39.5,26.6,61,1006.8
12/2/2023, 07:19:00,11440,263,11810,34.4,39.4,26.6,61,1006.8
12/2/2023, 07:20:00,11400,210,11670,34.5,39.2,26.6,61,1006.8
12/2/2023, 07:21:00,11320,222,11730,34.7,39.3,26.6,61,1006.8
12/2/2023, 07:22:00,11240,263,11740,34.5,39.4,26.6,61,1006.8
12/2/2023, 07:23:00,11320,255,11840,34.9,39.4,26.6,61,1006.8
12/2/2023, 07:24:00,11350,257,11660,34.9,39.4,26.6,61,1006.8
12/2/2023, 07:25:00,11200,239,11530,35,39.1,26.6,61,1006.8
12/2/2023, 07:26:00,11420,247,11660,34.2,38.6,26.6,61,1006.8
12/2/2023, 07:27:00,11350,254,11550,33.4,38.3,26.6,61,1006.8
12/2/2023, 07:28:00,11360,277,11770,32.9,38.2,26.6,61,1006.8
12/2/2023, 07:29:00,11300,250,11800,33.8,38.2,26.6,61,1006.8
12/2/2023, 07:30:00,11440,286,11730,33.7,38.2,26.6,61,1006.8
12/2/2023, 07:31:00,11270,236,11780,33.2,38.1,26.6,61,1006.8
12/2/2023, 07:32:00,11470,257,11700,33.1,38.1,26.6,61,1006.8
12/2/2023, 07:33:00,11210,260,11780,33.5,38.2,26.6,61,1006.8
12/2/2023, 07:34:00,11280,265,11720,33.8,38.6,26.6,61,1006.8
12/2/2023, 07:35:00,11300,283,11700,34.1,38.9,26.6,61,1006.8
12/2/2023, 07:36:00,11450,270,11660,34.4,39.3,26.6,61,1006.8
12/2/2023, 07:37:00,11400,263,11650,35.1,39.6,26.6,61,1006.8
12/2/2023, 07:38:00,11460,240,11660,35,39.7,26.6,61,1006.8
12/2/2023, 07:39:00,11390,242,11660,35.3,39.7,26.6,61,1006.8
12/2/2023, 07:40:00,11420,237,11760,34.9,39.7,26.6,61,1006.8
12/2/2023, 07:41:00,11280,243,11730,34.9,39.7,26.6,61,1006.8
12/2/2023, 07:42:00,11490,246,11720,35.1,39.7,26.6,61,1006.8
12/2/2023, 07:43:00,11360,260,11550,34.9,39.6,26.6,61,1006.8
12/2/2023, 07:44:00,11530,272,11510,35,39.4,26.6,61,1006.8
12/2/2023, 07:45:00,11350,287,11830,34.7,39.3,26.6,61,1006.8
12/2/2023, 07:46:00,11330,256,11630,34.7,39.4,26.6,61,1006.8
12/2/2023, 07:47:00,11460,230,11640,34.9,39.7,26.6,61,1006.8
12/2/2023, 07:48:00,11290,283,11610,35.2,40.4,26.6,61,1006.8
12/2/2023, 07:49:00,11320,257,11670,35.2,40.4,26.6,61,1006.8
12/2/2023, 07:50:00,11450,259,11760,36.2,40.7,26.6,61,1006.8
12/2/2023, 07:51:00,11160,274,11700,35.9,40.9,26.6,61,1006.8
12/2/2023, 07:52:00,11430,272,11690,36.5,41,26.6,61,1006.8
12/2/2023, 07:53:00,11320,270,11550,36.5,41,26.6,61,1006.8
12/2/2023, 07:54:00,11250,239,11550,36.4,40.9,26.6,61,1006.8
12/2/2023, 07:55:00,11380,246,11320,36.1,40.9,26.6,61,1006.8
12/2/2023, 07:56:00,11420,280,11600,36.1,40.6,26.6,61,1006.8
12/2/2023, 07:57:00,11390,296,11770,35.8,40.3,26.6,61,1006.8
12/2/2023, 07:58:00,11310,323,11770,34.9,40,26.6,61,1006.8
12/2/2023, 07:59:00,11260,273,11530,35.3,39.7,26.6,61,1006.8
12/2/2023, 08:00:00,11410,270,11670,35.8,39.6,27.2,61,1007.2
12/2/2023, 08:01:00,11350,248,11670,35.1,39.5,27.2,61,1007.2
12/2/2023, 08:02:00,11370,270,11630,34.8,39.4,27.2,61,1007.2
12/2/2023, 08:03:00,11540,216,11760,34.9,39.4,27.2,61,1007.2
12/2/2023, 08:04:00,11340,205,11680,34.9,39.2,27.2,61,1007.2
12/2/2023, 08:05:00,11390,235,11750,34.3,39,27.2,61,1007.2
12/2/2023, 08:06:00,11500,265,11770,34.8,38.9,27.2,61,1007.2
12/2/2023, 08:07:00,11380,321,11710,34.4,38.8,27.2,61,1007.2
12/2/2023, 08:08:00,11390,239,11490,34.1,38.9,27.2,61,1007.2
12/2/2023, 08:09:00,11430,262,11710,34.4,38.9,27.2,61,1007.2
12/2/2023, 08:10:00,11340,302,11650,34.1,39,27.2,61,1007.2
12/2/2023, 08:11:00,11140,270,11630,34,39,27.2,61,1007.2
12/2/2023, 08:12:00,11380,268,11620,34.1,38.8,27.2,61,1007.2
12/2/2023, 08:13:00,11390,240,11530,34.3,38.6,27.2,61,1007.2
12/2/2023, 08:14:00,11080,272,11640,34.1,38.6,27.2,61,1007.2
12/2/2023, 08:15:00,11390,266,11690,34,38.5,27.2,61,1007.2
12/2/2023, 08:16:00,11380,226,11610,34.2,38.6,27.2,61,1007.2
12/2/2023, 08:17:00,11400,253,11640,34.2,38.8,27.2,61,1007.2
12/2/2023, 08:18:00,11430,222,11650,34.2,39.1,27.2,61,1007.2
12/2/2023, 08:19:00,11190,217,11660,34.9,39.3,27.2,61,1007.2
12/2/2023, 08:20:00,11440,269,11660,35.3,39.4,27.2,61,1007.2
12/2/2023, 08:21:00,11190,270,11630,35,39.6,27.2,61,1007.2
12/2/2023, 08:22:00,11490,261,11750,35.1,39.8,27.2,61,1007.2
12/2/2023, 08:23:00,11370,264,11680,35.4,40,27.2,61,1007.2
12/2/2023, 08:24:00,11370,302,11550,35.6,40.3,27.2,61,1007.2
12/2/2023, 08:25:00,11520,272,11590,35.6,40.5,27.2,61,1007.2
12/2/2023, 08:26:00,11440,265,11690,36.2,40,27.2,61,1007.2
12/2/2023, 08:27:00,11270,263,11670,36.7,40.7,27.2,61,1007.2
12/2/2023, 08:28:00,11350,234,11680,36.5,40.7,27.2,61,1007.2
12/2/2023, 08:29:00,11190,214,11640,36.5,40.5,27.2,61,1007.2
12/2/2023, 08:30:00,11150,221,11650,35.9,40.3,27.2,61,1007.2
12/2/2023, 08:31:00,11490,246,11770,35.9,40.2,27.2,61,1007.2
12/2/2023, 08:32:00,11200,304,11620,35.8,40.1,27.2,61,1007.2
12/2/2023, 08:33:00,11340,273,11690,35.6,40.1,27.2,61,1007.2
12/2/2023, 08:34:00,11400,331,11710,35.5,40.3,27.2,61,1007.2
12/2/2023, 08:35:00,11510,268,11730,36,40.5,27.2,61,1007.2
12/2/2023, 08:36:00,11480,260,11750,35.9,40.7,27.2,61,1007.2
12/2/2023, 08:37:00,11370,329,11730,36.7,41,27.2,61,1007.2
12/2/2023, 08:38:00,11540,272,11840,36.7,41.2,27.2,61,1007.2
12/2/2023, 08:39:00,11290,216,11670,36.8,41.3,27.2,61,1007.2
12/2/2023, 08:40:00,11530,247,11590,36.6,41.4,27.2,61,1007.2
12/2/2023, 08:41:00,11510,293,11680,37.1,41.6,27.2,61,1007.2
12/2/2023, 08:42:00,11400,230,11750,38,41.7,27.2,61,1007.2
12/2/2023, 08:43:00,11400,309,11700,37.1,41.7,27.2,61,1007.2
12/2/2023, 08:44:00,11380,268,11720,37.3,41.6,27.2,61,1007.2
12/2/2023, 08:45:00,11340,295,11640,37.6,41.5,27.2,61,1007.2
12/2/2023, 08:46:00,11420,270,11870,36.8,41.3,27.2,61,1007.2
12/2/2023, 08:47:00,11430,239,11730,36.5,41,27.2,61,1007.2
12/2/2023, 08:48:00,11250,244,11580,36.6,40.8,27.2,61,1007.2
12/2/2023, 08:49:00,11330,246,11760,35.8,40.7,27.2,61,1007.2
12/2/2023, 08:50:00,11350,250,11650,36.1,40.7,27.2,61,1007.2
12/2/2023, 08:51:00,11410,258,11770,35.3,40.6,27.2,61,1007.2
12/2/2023, 08:52:00,11330,312,11710,35.8,40,27.2,61,1007.2
12/2/2023, 08:53:00,11370,275,11700,35.8,40.2,27.2,61,1007.2
12/2/2023, 08:54:00,11410,282,11680,35.9,40.1,27.2,61,1007.2
12/2/2023, 08:55:00,11450,242,11500,35.6,40,27.2,61,1007.2
12/2/2023, 08:56:00,11320,250,11720,34.9,40,27.2,61,1007.2
12/2/2023, 08:57:00,11490,248,11670,35.6,40.1,27.2,61,1007.2
12/2/2023, 08:58:00,11220,282,11780,35.7,40.1,27.2,61,1007.2
12/2/2023, 08:59:00,11380,275,11550,35.3,40,27.2,61,1007.2
12/2/2023, 09:00:00,11450,313,11620,35.9,39.8,28.7,57,1007.4
12/2/2023, 09:01:00,11380,237,11680,35.2,39.7,28.7,57,1007.4
12/2/2023, 09:02:00,11350,234,11680,35.4,39.6,28.7,57,1007.4
12/2/2023, 09:03:00,11190,272,11700,35.2,39.6,28.7,57,1007.4
12/2/2023, 09:04:00,11450,286,11700,34.9,39.7,28.7,57,1007.4
12/2/2023, 09:05:00,11400,260,11680,35.4,40,28.7,57,1007.4
12/2/2023, 09:06:00,11480,335,11620,36.1,40.5,28.7,57,1007.4
12/2/2023, 09:07:00,11340,304,11560,36.4,41,28.7,57,1007.4
12/2/2023, 09:08:00,11470,262,11680,37.4,41.5,28.7,57,1007.4
12/2/2023, 09:09:00,11320,239,11720,37.1,41.8,28.7,57,1007.4
12/2/2023, 09:10:00,11460,211,11770,37.4,42,28.7,57,1007.4
12/2/2023, 09:11:00,11510,283,11670,38,42.1,28.7,57,1007.4
12/2/2023, 09:12:00,11200,199,11660,37.7,42,28.7,57,1007.4
12/2/2023, 09:13:00,11460,197,11660,37.5,42,28.7,57,1007.4
12/2/2023, 09:14:00,11400,198,11740,37.4,41.9,28.7,57,1007.4
12/2/2023, 09:15:00,11390,280,11550,37,41.7,28.7,57,1007.4
12/2/2023, 09:16:00,11460,273,11780,37.7,41.4,28.7,57,1007.4
12/2/2023, 09:17:00,11380,255,11550,36.6,41.3,28.7,57,1007.4
12/2/2023, 09:18:00,11480,267,11570,36.4,41.3,28.7,57,1007.4
12/2/2023, 09:19:00,11330,327,11640,36.6,41.5,28.7,57,1007.4
12/2/2023, 09:20:00,11320,277,11830,36.9,41.6,28.7,57,1007.4
12/2/2023, 09:21:00,11290,272,11570,37.1,41.8,28.7,57,1007.4
12/2/2023, 09:22:00,11380,267,11500,37.1,42,28.7,57,1007.4
12/2/2023, 09:23:00,11430,299,11660,37.8,42.1,28.7,57,1007.4
12/2/2023, 09:24:00,11400,274,11690,37.1,42.2,28.7,57,1007.4
12/2/2023, 09:25:00,11360,203,11800,37.4,42.4,28.7,57,1007.4
12/2/2023, 09:26:00,11230,217,11540,37.8,42.6,28.7,57,1007.4
12/2/2023, 09:27:00,11410,241,11700,37.9,42.8,28.7,57,1007.4
12/2/2023, 09:28:00,11370,282,11540,39.4,42.8,28.7,57,1007.4
12/2/2023, 09:29:00,11550,276,11590,38.1,42.9,28.7,57,1007.4
12/2/2023, 09:30:00,11370,271,11580,38.3,43,28.7,57,1007.4
12/2/2023, 09:31:00,11450,270,11690,38.6,43.2,28.7,57,1007.4
12/2/2023, 09:32:00,11320,336,11770,38.3,43.3,28.7,57,1007.4
12/2/2023, 09:33:00,11340,350,11550,39.1,43.3,28.7,57,1007.4
12/2/2023, 09:34:00,11430,306,11810,38.5,43,28.7,57,1007.4
12/2/2023, 09:35:00,11560,266,11740,38.3,42.6,28.7,57,1007.4
12/2/2023, 09:36:00,11430,245,11560,37.8,42.2,28.7,57,1007.4
12/2/2023, 09:37:00,11330,291,11690,37.2,41.9,28.7,57,1007.4
12/2/2023, 09:38:00,11370,259,11660,37.8,41.6,28.7,57,1007.4
12/2/2023, 09:39:00,11390,270,11650,36.4,41.3,28.7,57,1007.4
12/2/2023, 09:40:00,11400,270,11690,36.7,41.1,28.7,57,1007.4
12/2/2023, 09:41:00,11450,300,11800,36.4,40.9,28.7,57,1007.4
12/2/2023, 09:42:00,11390,267,11580,36.1,40.7,28.7,57,1007.4
12/2/2023, 09:43:00,11530,276,11780,35.9,40.7,28.7,57,1007.4
12/2/2023, 09:44:00,11300,222,11690,35.9,40.8,28.7,57,1007.4
12/2/2023, 09:45:00,11450,259,11660,36.3,40.9,28.7,57,1007.4
12/2/2023, 09:46:00,11340,290,11650,36.7,41.1,28.7,57,1007.4
12/2/2023, 09:47:00,11310,334,11800,36.7,41.3,28.7,57,1007.4
12/2/2023, 09:48:00,11400,249,11820,36.7,41.4,28.7,57,1007.4
12/2/2023, 09:49:00,11530,275,11540,36.7,41.7,28.7,57,1007.4
12/2/2023, 09:50:00,11350,266,11670,37.4,42,28.7,57,1007.4
12/2/2023, 09:51:00,11390,230,11730,37.4,42.4,28.7,57,1007.4
12/2/2023, 09:52:00,11200,317,11690,37.9,42.6,28.7,57,1007.4
12/2/2023, 09:53:00,11450,271,11690,38.5,42.4,28.7,57,1007.4
12/2/2023, 09:54:00,11380,243,11730,38.3,41.9,28.7,57,1007.4
12/2/2023, 09:55:00,11290,264,11620,36.7,41.3,28.7,57,1007.4
12/2/2023, 09:56:00,11330,251,11720,36.1,40.9,28.7,57,1007.4
12/2/2023, 09:57:00,11310,259,11430,36,40.7,28.7,57,1007.4
12/2/2023, 09:58:00,11420,301,11690,36.5,40.7,28.7,57,1007.4
12/2/2023, 09:59:00,11440,286,11740,36,40.9,28.7,57,1007.4
12/2/2023, 10:00:00,11240,283,11770,36.2,41.1,30.6,54,1007.4
12/2/2023, 10:01:00,11400,269,11680,36.7,41.4,30.6,54,1007.4
12/2/2023, 10:02:00,11240,219,11630,37.3,41.9,30.6,54,1007.4
12/2/2023, 10:03:00,11380,235,11650,37.6,42.3,30.6,54,1007.4
12/2/2023, 10:04:00,11460,229,11680,38.4,42.8,30.6,54,1007.4
12/2/2023, 10:05:00,11350,283,11560,38.3,43.2,30.6,54,1007.4
12/2/2023, 10:06:00,11380,295,11610,38.9,43.5,30.6,54,1007.4
12/2/2023, 10:07:00,11440,264,11720,38.9,43.6,30.6,54,1007.4
12/2/2023, 10:08:00,11280,249,11510,38.9,43.6,30.6,54,1007.4
12/2/2023, 10:09:00,11370,299,11680,38.9,43.5,30.6,54,1007.4
12/2/2023, 10:10:00,11490,304,11690,38.9,43.4,30.6,54,1007.4
12/2/2023, 10:11:00,11450,319,11720,38.8,43.3,30.6,54,1007.4
12/2/2023, 10:12:00,11150,263,11730,38.4,43.1,30.6,54,1007.4
12/2/2023, 10:13:00,11360,257,11790,38.9,43.1,30.6,54,1007.4
12/2/2023, 10:14:00,11450,284,11760,38.3,43,30.6,54,1007.4
12/2/2023, 10:15:00,11360,285,11650,38.3,43,30.6,54,1007.4
12/2/2023, 10:16:00,11580,253,11680,38.3,43.1,30.6,54,1007.4
12/2/2023, 10:17:00,11220,291,11540,38.3,43.2,30.6,54,1007.4
12/2/2023, 10:18:00,11460,300,11680,39.3,43.2,30.6,54,1007.4
12/2/2023, 10:19:00,11470,247,11760,38.4,43.3,30.6,54,1007.4
12/2/2023, 10:20:00,11330,272,11650,38.3,43.4,30.6,54,1007.4
12/2/2023, 10:21:00,11360,279,11750,38.9,43.5,30.6,54,1007.4
12/2/2023, 10:22:00,11480,284,11580,39.2,43.5,30.6,54,1007.4
12/2/2023, 10:23:00,11360,283,11730,38.8,43.5,30.6,54,1007.4
12/2/2023, 10:24:00,11250,273,11750,38.5,43.5,30.6,54,1007.4
12/2/2023, 10:25:00,11320,312,11740,38.9,43.4,30.6,54,1007.4
12/2/2023, 10:26:00,11300,302,11620,38.7,43.2,30.6,54,1007.4
12/2/2023, 10:27:00,11300,242,11730,38.3,43.1,30.6,54,1007.4
12/2/2023, 10:28:00,11510,245,11660,38.3,42.9,30.6,54,1007.4
12/2/2023, 10:29:00,11390,246,11770,38.2,42.6,30.6,54,1007.4
12/2/2023, 10:30:00,11240,257,11680,38.2,42.4,30.6,54,1007.4
12/2/2023, 10:31:00,11420,259,11640,37.5,42,30.6,54,1007.4
12/2/2023, 10:32:00,11380,288,11700,37.2,41.7,30.6,54,1007.4
12/2/2023, 10:33:00,11190,276,11740,37.2,41.6,30.6,54,1007.4
12/2/2023, 10:34:00,11400,266,11630,36.8,41.5,30.6,54,1007.4
12/2/2023, 10:35:00,11400,319,11740,37.3,41.7,30.6,54,1007.4
12/2/2023, 10:36:00,11430,288,11650,37.4,41.8,30.6,54,1007.4
12/2/2023, 10:37:00,11430,265,11600,37.2,42,30.6,54,1007.4
12/2/2023, 10:38:00,11330,275,11650,37.7,42.2,30.6,54,1007.4
12/2/2023, 10:39:00,11380,244,11600,37.8,42.4,30.6,54,1007.4
12/2/2023, 10:40:00,11350,231,11600,38.1,42.7,30.6,54,1007.4
12/2/2023, 10:41:00,11430,260,11770,38.6,43.1,30.6,54,1007.4
12/2/2023, 10:42:00,11350,274,11730,38.4,43.3,30.6,54,1007.4
12/2/2023, 10:43:00,11450,322,11650,39.1,43.3,30.6,54,1007.4
12/2/2023, 10:44:00,11360,310,11500,38.6,43,30.6,54,1007.4
12/2/2023, 10:45:00,11410,291,11720,38.4,42.5,30.6,54,1007.4
12/2/2023, 10:46:00,11410,273,11760,38.1,42.3,30.6,54,1007.4
12/2/2023, 10:47:00,11360,285,11770,37.2,42.3,30.6,54,1007.4
12/2/2023, 10:48:00,11460,290,11810,37.8,42.6,30.6,54,1007.4
12/2/2023, 10:49:00,11310,224,11690,38.3,42.9,30.6,54,1007.4
12/2/2023, 10:50:00,11290,288,11730,38.5,43.1,30.6,54,1007.4
12/2/2023, 10:51:00,11320,281,11740,38.6,43.1,30.6,54,1007.4
12/2/2023, 10:52:00,11250,249,11690,38.9,43.2,30.6,54,1007.4
12/2/2023, 10:53:00,11410,258,11670,38.9,43.3,30.6,54,1007.4
12/2/2023, 10:54:00,11360,242,11640,38.4,43.4,30.6,54,1007.4
12/2/2023, 10:55:00,11350,298,11630,39,43.6,30.6,54,1007.4
12/2/2023, 10:56:00,11400,305,11580,39.4,43.8,30.6,54,1007.4
12/2/2023, 10:57:00,11420,303,11640,39.3,44,30.6,54,1007.4
12/2/2023, 10:58:00,11280,282,11740,39.3,44,30.6,54,1007.4
12/2/2023, 10:59:00,11170,282,11760,39.5,43.9,30.6,54,1007.4
12/2/2023, 11:00:00,11200,259,11770,38.8,43.9,32.3,49,1006.9
12/2/2023, 11:01:00,11170,250,11710,40.1,44.1,32.3,49,1006.9
12/2/2023, 11:02:00,11270,221,11720,39.3,44.2,32.3,49,1006.9
12/2/2023, 11:03:00,11310,258,11800,39.7,44.2,32.3,49,1006.9
12/2/2023, 11:04:00,11120,277,11610,39.8,44.2,32.3,49,1006.9
12/2/2023, 11:05:00,11240,255,11620,39.4,44.2,32.3,49,1006.9
12/2/2023, 11:06:00,11540,285,11690,40.3,44.2,32.3,49,1006.9
12/2/2023, 11:07:00,11380,310,11750,39.5,44,32.3,49,1006.9
12/2/2023, 11:08:00,11240,312,11490,39.5,43.8,32.3,49,1006.9
12/2/2023, 11:09:00,11330,314,11580,38.7,43.7,32.3,49,1006.9
12/2/2023, 11:10:00,11370,301,11780,39,43.6,32.3,49,1006.9
12/2/2023, 11:11:00,11350,281,11650,39.1,43.5,32.3,49,1006.9
12/2/2023, 11:12:00,11210,299,11670,38.5,43.4,32.3,49,1006.9
12/2/2023, 11:13:00,11330,225,11600,38.7,43.4,32.3,49,1006.9
12/2/2023, 11:14:00,11430,225,11770,38.9,43.4,32.3,49,1006.9
12/2/2023, 11:15:00,11330,247,11660,38.8,43.4,32.3,49,1006.9
12/2/2023, 11:16:00,11290,257,11600,38.9,43.4,32.3,49,1006.9
12/2/2023, 11:17:00,11130,306,11540,38.7,43.5,32.3,49,1006.9
12/2/2023, 11:18:00,11130,285,11800,38.5,43.5,32.3,49,1006.9
12/2/2023, 11:19:00,11310,264,11810,38.6,43.4,32.3,49,1006.9
12/2/2023, 11:20:00,11130,259,11620,38.8,43.3,32.3,49,1006.9
12/2/2023, 11:21:00,11340,278,11670,38.6,43.2,32.3,49,1006.9
12/2/2023, 11:22:00,11210,253,11770,38.6,43.1,32.3,49,1006.9
12/2/2023, 11:23:00,11380,321,11680,38.3,43.1,32.3,49,1006.9
12/2/2023, 11:24:00,11300,314,11600,38.5,43.2,32.3,49,1006.9
12/2/2023, 11:25:00,11430,296,11550,38.4,43.2,32.3,49,1006.9
12/2/2023, 11:26:00,11160,317,11680,38.6,43.1,32.3,49,1006.9
12/2/2023, 11:27:00,11490,293,11710,38.6,42.8,32.3,49,1006.9
12/2/2023, 11:28:00,11420,266,11550,38.3,42.7,32.3,49,1006.9
12/2/2023, 11:29:00,11370,271,11670,38.6,42.8,32.3,49,1006.9
12/2/2023, 11:30:00,11340,266,11790,38.2,43.2,32.3,49,1006.9
12/2/2023, 11:31:00,11250,226,11710,38.7,43.3,32.3,49,1006.9
12/2/2023, 11:32:00,11430,259,11600,38.9,43.3,32.3,49,1006.9
12/2/2023, 11:33:00,11260,290,11680,38.6,43.3,32.3,49,1006.9
12/2/2023, 11:34:00,11440,305,11780,39.1,43.3,32.3,49,1006.9
12/2/2023, 11:35:00,11330,290,11760,38.4,43.4,32.3,49,1006.9
12/2/2023, 11:36:00,11400,261,11760,38.6,43.4,32.3,49,1006.9
12/2/2023, 11:37:00,11230,253,11770,38.9,43.6,32.3,49,1006.9
12/2/2023, 11:38:00,11200,235,11720,38.8,43.7,32.3,49,1006.9
12/2/2023, 11:39:00,11320,258,11680,40,43.8,32.3,49,1006.9
12/2/2023, 11:40:00,11300,277,11580,39.6,43.9,32.3,49,1006.9
12/2/2023, 11:41:00,11160,329,11680,38.9,43.8,32.3,49,1006.9
12/2/2023, 11:42:00,11260,277,11640,39.5,43.9,32.3,49,1006.9
12/2/2023, 11:43:00,11250,244,11680,39.7,44.2,32.3,49,1006.9
12/2/2023, 11:44:00,11340,239,11540,39.8,44.5,32.3,49,1006.9
12/2/2023, 11:45:00,11420,233,11770,40.2,44.8,32.3,49,1006.9
12/2/2023, 11:46:00,11270,243,11750,40.5,44.9,32.3,49,1006.9
12/2/2023, 11:47:00,11420,247,11730,40.1,44.9,32.3,49,1006.9
12/2/2023, 11:48:00,11470,319,11590,40.5,44.9,32.3,49,1006.9
12/2/2023, 11:49:00,11300,334,11610,40.5,45,32.3,49,1006.9
12/2/2023, 11:50:00,11300,302,11650,40.6,44.9,32.3,49,1006.9
12/2/2023, 11:51:00,11330,295,11760,40.1,44.7,32.3,49,1006.9
12/2/2023, 11:52:00,11310,367,11710,39.9,44.6,32.3,49,1006.9
12/2/2023, 11:53:00,11300,306,11710,40.1,44.5,32.3,49,1006.9
12/2/2023, 11:54:00,11440,314,11790,39.8,44.4,32.3,49,1006.9
12/2/2023, 11:55:00,11340,359,11600,39.9,44.3,32.3,49,1006.9
12/2/2023, 11:56:00,11420,334,11480,39.9,44.2,32.3,49,1006.9
12/2/2023, 11:57:00,11230,364,11640,39.8,44.1,32.3,49,1006.9
12/2/2023, 11:58:00,11430,326,11750,39.7,44.1,32.3,49,1006.9
12/2/2023, 11:59:00,11280,252,11740,39.3,44,32.3,49,1006.9
12/2/2023, 12:00:00,11280,257,11650,39.3,44,32.1,53,1006.8
12/2/2023, 12:01:00,11420,252,11670,39,44,32.1,53,1006.8
12/2/2023, 12:02:00,11390,262,11690,39.4,43.9,32.1,53,1006.8
12/2/2023, 12:03:00,11350,254,11560,39.4,44,32.1,53,1006.8
12/2/2023, 12:04:00,11280,270,11670,39.2,43.9,32.1,53,1006.8
12/2/2023, 12:05:00,11170,268,11740,38.8,43.9,32.1,53,1006.8
12/2/2023, 12:06:00,11100,261,11830,38.8,43.9,32.1,53,1006.8
12/2/2023, 12:07:00,11280,283,11730,39.5,44.1,32.1,53,1006.8
12/2/2023, 12:08:00,11330,256,11530,39.8,44.2,32.1,53,1006.8
12/2/2023, 12:09:00,11330,262,11540,39.8,44.3,32.1,53,1006.8
12/2/2023, 12:10:00,11240,301,11630,40,44.3,32.1,53,1006.8
12/2/2023, 12:11:00,11510,291,11590,39.7,44.4,32.1,53,1006.8
12/2/2023, 12:12:00,11360,305,11580,39.2,44.3,32.1,53,1006.8
12/2/2023, 12:13:00,11540,318,11700,39.3,44.2,32.1,53,1006.8
12/2/2023, 12:14:00,11380,282,11700,39.9,44.3,32.1,53,1006.8
12/2/2023, 12:15:00,11320,308,11670,40.1,44.5,32.1,53,1006.8
12/2/2023, 12:16:00,11340,257,11530,40,44.6,32.1,53,1006.8
12/2/2023, 12:17:00,11260,232,11750,40.8,44.8,32.1,53,1006.8
12/2/2023, 12:18:00,11260,231,11670,40.5,45.1,32.1,53,1006.8
12/2/2023, 12:19:00,11270,296,11560,40.9,45.2,32.1,53,1006.8
12/2/2023, 12:20:00,11440,282,11600,40.7,45.3,32.1,53,1006.8
12/2/2023, 12:21:00,11440,259,11670,41.3,45.4,32.1,53,1006.8
12/2/2023, 12:22:00,11270,243,11700,40.9,45.4,32.1,53,1006.8
12/2/2023, 12:23:00,11530,291,11600,41.3,45.5,32.1,53,1006.8
12/2/2023, 12:24:00,11170,316,11680,41,45.5,32.1,53,1006.8
12/2/2023, 12:25:00,11290,326,11710,40.6,45.5,32.1,53,1006.8
12/2/2023, 12:26:00,11290,241,11640,40.9,45.6,32.1,53,1006.8
12/2/2023, 12:27:00,11330,296,11540,41.5,45.6,32.1,53,1006.8
12/2/2023, 12:28:00,11250,304,11650,41.2,45.6,32.1,53,1006.8
12/2/2023, 12:29:00,11380,282,11710,41.3,45.6,32.1,53,1006.8
12/2/2023, 12:30:00,11240,250,11720,41.7,45.6,32.1,53,1006.8
12/2/2023, 12:31:00,11250,232,11670,41.3,45.7,32.1,53,1006.8
12/2/2023, 12:32:00,11320,277,11550,41.1,45.6,32.1,53,1006.8
12/2/2023, 12:33:00,11360,264,11640,40.5,45.7,32.1,53,1006.8
12/2/2023, 12:34:00,11350,333,11590,41.3,45.7,32.1,53,1006.8
12/2/2023, 12:35:00,11400,234,11720,41.7,45.9,32.1,53,1006.8
12/2/2023, 12:36:00,11440,271,11790,41.3,46,32.1,53,1006.8
12/2/2023, 12:37:00,11320,308,11660,41.8,46.1,32.1,53,1006.8
12/2/2023, 12:38:00,11440,272,11690,41.8,46.2,32.1,53,1006.8
12/2/2023, 12:39:00,11390,296,11500,41.6,46,32.1,53,1006.8
12/2/2023, 12:40:00,11390,275,11690,41.3,45.7,32.1,53,1006.8
12/2/2023, 12:41:00,11340,288,11600,41.1,45.6,32.1,53,1006.8
12/2/2023, 12:42:00,11350,342,11650,40.5,45.4,32.1,53,1006.8
12/2/2023, 12:43:00,11410,369,11560,40.8,45.3,32.1,53,1006.8
12/2/2023, 12:44:00,11380,387,11580,41.3,45.2,32.1,53,1006.8
12/2/2023, 12:45:00,11380,326,11820,41,45.1,32.1,53,1006.8
12/2/2023, 12:46:00,11280,267,11740,40.8,45,32.1,53,1006.8
12/2/2023, 12:47:00,11270,352,11680,40.6,44.9,32.1,53,1006.8
12/2/2023, 12:48:00,11400,297,11770,40.1,44.9,32.1,53,1006.8
12/2/2023, 12:49:00,11440,275,11750,40.5,44.7,32.1,53,1006.8
12/2/2023, 12:50:00,11410,262,11540,39.8,44.3,32.1,53,1006.8
12/2/2023, 12:51:00,11450,280,11700,39,44.1,32.1,53,1006.8
12/2/2023, 12:52:00,11420,276,11560,39.5,43.8,32.1,53,1006.8
12/2/2023, 12:53:00,11410,299,11590,38.9,43.6,32.1,53,1006.8
12/2/2023, 12:54:00,11290,278,11600,39,43.5,32.1,53,1006.8
12/2/2023, 12:55:00,11340,285,11700,39.2,43.3,32.1,53,1006.8
12/2/2023, 12:56:00,11240,295,11680,38.9,43.2,32.1,53,1006.8
12/2/2023, 12:57:00,11260,245,11950,38.8,43.2,32.1,53,1006.8
12/2/2023, 12:58:00,11270,246,11740,38.4,43.3,32.1,53,1006.8
12/2/2023, 12:59:00,11400,303,11610,39.1,43.4,32.1,53,1006.8
12/2/2023, 13:00:00,11460,256,11610,39.7,43.5,35.6,43,1006.2
12/2/2023, 13:01:00,11340,301,11680,39.4,43.3,35.6,43,1006.2
12/2/2023, 13:02:00,11390,277,11600,38.8,43.2,35.6,43,1006.2
12/2/2023, 13:03:00,11440,324,11820,38.9,43.1,35.6,43,1006.2
12/2/2023, 13:04:00,11430,312,11730,38.8,42.9,35.6,43,1006.2
12/2/2023, 13:05:00,11310,264,11650,38.5,42.7,35.6,43,1006.2
12/2/2023, 13:06:00,11370,308,11690,38.3,42.5,35.6,43,1006.2
12/2/2023, 13:07:00,11440,279,11710,38.3,42.3,35.6,43,1006.2
12/2/2023, 13:08:00,11270,256,11730,37.2,42.1,35.6,43,1006.2
12/2/2023, 13:09:00,11330,266,11740,37.9,42.1,35.6,43,1006.2
12/2/2023, 13:10:00,11280,238,11770,37.9,42.1,35.6,43,1006.2
12/2/2023, 13:11:00,11370,248,11590,37.8,42.1,35.6,43,1006.2
12/2/2023, 13:12:00,11280,301,11710,37.8,42.2,35.6,43,1006.2
12/2/2023, 13:13:00,11280,259,11510,37.4,42,35.6,43,1006.2
12/2/2023, 13:14:00,11280,249,11730,37.5,41.8,35.6,43,1006.2
12/2/2023, 13:15:00,11270,354,11530,37.7,41.7,35.6,43,1006.2
12/2/2023, 13:16:00,11340,357,11670,36.8,41.7,35.6,43,1006.2
12/2/2023, 13:17:00,11380,276,11710,37.3,41.6,35.6,43,1006.2
12/2/2023, 13:18:00,11300,231,11620,37.1,41.6,35.6,43,1006.2
12/2/2023, 13:19:00,11420,208,11770,36.7,41.5,35.6,43,1006.2
12/2/2023, 13:20:00,11300,231,11570,36.7,41.4,35.6,43,1006.2
12/2/2023, 13:21:00,11360,241,11500,36.9,41.3,35.6,43,1006.2
12/2/2023, 13:22:00,11460,241,11750,37,41.4,35.6,43,1006.2
12/2/2023, 13:23:00,11350,262,11710,37.1,41.5,35.6,43,1006.2
12/2/2023, 13:24:00,11270,261,11670,37.3,41.7,35.6,43,1006.2
12/2/2023, 13:25:00,11370,258,11650,37.1,42.1,35.6,43,1006.2
12/2/2023, 13:26:00,11290,263,11710,38.2,42.5,35.6,43,1006.2
12/2/2023, 13:27:00,11400,361,11770,38.6,43.1,35.6,43,1006.2
12/2/2023, 13:28:00,11250,310,11800,39.2,43.5,35.6,43,1006.2
12/2/2023, 13:29:00,11230,245,11720,39.7,43.7,35.6,43,1006.2
12/2/2023, 13:30:00,11430,288,11580,39.3,43.8,35.6,43,1006.2
12/2/2023, 13:31:00,11390,301,11750,39.3,43.8,35.6,43,1006.2
12/2/2023, 13:32:00,11350,244,11720,39.7,43.8,35.6,43,1006.2
12/2/2023, 13:33:00,11300,201,11750,39.6,43.7,35.6,43,1006.2
12/2/2023, 13:34:00,11370,224,11610,38.9,43.5,35.6,43,1006.2
12/2/2023, 13:35:00,11230,250,11740,38.6,43.2,35.6,43,1006.2
12/2/2023, 13:36:00,11290,248,11720,38.5,42.9,35.6,43,1006.2
12/2/2023, 13:37:00,11200,309,11670,38.5,43,35.6,43,1006.2
12/2/2023, 13:38:00,11230,316,11620,38.6,43.1,35.6,43,1006.2
12/2/2023, 13:39:00,11360,283,11830,38.7,43.2,35.6,43,1006.2
12/2/2023, 13:40:00,11430,269,11890,38.3,43.2,35.6,43,1006.2
12/2/2023, 13:41:00,11340,211,11900,39,43.3,35.6,43,1006.2
12/2/2023, 13:42:00,11390,223,11670,38.8,43.4,35.6,43,1006.2
12/2/2023, 13:43:00,11080,304,11630,39,43.7,35.6,43,1006.2
12/2/2023, 13:44:00,11410,320,11670,39.4,43.9,35.6,43,1006.2
12/2/2023, 13:45:00,11240,255,11630,39.6,44.1,35.6,43,1006.2
12/2/2023, 13:46:00,11200,314,11770,40,44.4,35.6,43,1006.2
12/2/2023, 13:47:00,11280,295,11710,40.1,44.5,35.6,43,1006.2
12/2/2023, 13:48:00,11380,306,11570,40.1,44.5,35.6,43,1006.2
12/2/2023, 13:49:00,11300,250,11730,39.5,44.6,35.6,43,1006.2
12/2/2023, 13:50:00,11290,253,11710,40.6,44.6,35.6,43,1006.2
12/2/2023, 13:51:00,11390,231,11680,40.1,44.6,35.6,43,1006.2
12/2/2023, 13:52:00,11320,324,11720,40,44.6,35.6,43,1006.2
12/2/2023, 13:53:00,11280,266,11690,40.2,44.5,35.6,43,1006.2
12/2/2023, 13:54:00,11340,256,11750,40.1,44.3,35.6,43,1006.2
12/2/2023, 13:55:00,11280,317,11720,40,44.1,35.6,43,1006.2
12/2/2023, 13:56:00,11280,316,11780,39.8,43.9,35.6,43,1006.2
12/2/2023, 13:57:00,11410,311,11700,39.3,43.7,35.6,43,1006.2
12/2/2023, 13:58:00,11350,309,11810,39.1,43.6,35.6,43,1006.2
12/2/2023, 13:59:00,11470,314,11840,39.3,43.6,35.6,43,1006.2
12/2/2023, 14:00:00,11360,258,11650,39.1,43.5,36.9,35,1005.1
12/2/2023, 14:01:00,11430,230,11720,38.6,43.3,36.9,35,1005.1
12/2/2023, 14:02:00,11510,307,11650,39,43,36.9,35,1005.1
12/2/2023, 14:03:00,11380,283,11630,38.9,42.7,36.9,35,1005.1
12/2/2023, 14:04:00,11390,306,11610,37.8,42.5,36.9,35,1005.1
12/2/2023, 14:05:00,11460,296,11710,37.6,42.3,36.9,35,1005.1
12/2/2023, 14:06:00,11260,274,11600,37.4,42.2,36.9,35,1005.1
12/2/2023, 14:07:00,11350,254,11570,37.5,42.1,36.9,35,1005.1
12/2/2023, 14:08:00,11460,243,11610,37.3,42,36.9,35,1005.1
12/2/2023, 14:09:00,11360,267,11700,37.4,42,36.9,35,1005.1
12/2/2023, 14:10:00,11390,274,11720,37.4,42.1,36.9,35,1005.1
12/2/2023, 14:11:00,11470,272,11690,38.2,42.4,36.9,35,1005.1
12/2/2023, 14:12:00,11290,270,11720,37.8,42.6,36.9,35,1005.1
12/2/2023, 14:13:00,11140,304,11690,38.4,42.7,36.9,35,1005.1
12/2/2023, 14:14:00,11380,263,11580,38.3,42.9,36.9,35,1005.1
12/2/2023, 14:15:00,11320,268,11740,38.9,43.1,36.9,35,1005.1
12/2/2023, 14:16:00,11300,262,11690,38.6,43.2,36.9,35,1005.1
12/2/2023, 14:17:00,11470,323,11680,38.7,43.3,36.9,35,1005.1
12/2/2023, 14:18:00,11340,297,11560,38.8,43.2,36.9,35,1005.1
12/2/2023, 14:19:00,11250,256,11680,38.9,43,36.9,35,1005.1
12/2/2023, 14:20:00,11280,247,11660,38.6,42.5,36.9,35,1005.1
12/2/2023, 14:21:00,11490,275,11680,38.1,42.1,36.9,35,1005.1
12/2/2023, 14:22:00,11330,275,11590,37.4,41.7,36.9,35,1005.1
12/2/2023, 14:23:00,11250,310,11700,36.9,41.4,36.9,35,1005.1
12/2/2023, 14:24:00,11280,312,11710,36.4,41.3,36.9,35,1005.1
12/2/2023, 14:25:00,11450,267,11750,36.5,41.3,36.9,35,1005.1
12/2/2023, 14:26:00,11410,246,11750,36.7,41.4,36.9,35,1005.1
12/2/2023, 14:27:00,11330,266,11640,36.7,41.6,36.9,35,1005.1
12/2/2023, 14:28:00,11470,314,11630,36.9,41.8,36.9,35,1005.1
12/2/2023, 14:29:00,11370,269,11700,37.1,42,36.9,35,1005.1
12/2/2023, 14:30:00,11240,260,11760,38.2,42.1,36.9,35,1005.1
12/2/2023, 14:31:00,11160,254,11720,38,42.2,36.9,35,1005.1
12/2/2023, 14:32:00,11490,286,11680,37.4,42.3,36.9,35,1005.1
12/2/2023, 14:33:00,11530,285,11850,38.3,42.4,36.9,35,1005.1
12/2/2023, 14:34:00,11460,349,11800,38.1,42.4,36.9,35,1005.1
12/2/2023, 14:35:00,11210,303,11660,38.1,42.3,36.9,35,1005.1
12/2/2023, 14:36:00,11440,219,11830,38,42.3,36.9,35,1005.1
12/2/2023, 14:37:00,11460,244,11710,37.1,42.1,36.9,35,1005.1
12/2/2023, 14:38:00,11430,211,11550,38.2,42.2,36.9,35,1005.1
12/2/2023, 14:39:00,11360,252,11700,38,42.4,36.9,35,1005.1
12/2/2023, 14:40:00,11420,253,11620,38.3,42.7,36.9,35,1005.1
12/2/2023, 14:41:00,11430,381,11730,38.1,42.8,36.9,35,1005.1
12/2/2023, 14:42:00,11330,343,11570,38.6,43.1,36.9,35,1005.1
12/2/2023, 14:43:00,11220,287,11710,38.6,43.2,36.9,35,1005.1
12/2/2023, 14:44:00,11340,275,11630,39.2,43.2,36.9,35,1005.1
12/2/2023, 14:45:00,11430,263,11690,38.8,43,36.9,35,1005.1
12/2/2023, 14:46:00,11350,252,11700,38.3,42.8,36.9,35,1005.1
12/2/2023, 14:47:00,11420,278,11790,38.4,42.8,36.9,35,1005.1
12/2/2023, 14:48:00,11230,309,11720,38.2,42.9,36.9,35,1005.1
12/2/2023, 14:49:00,11480,275,11640,38.6,43,36.9,35,1005.1
12/2/2023, 14:50:00,11410,282,11740,38.7,43.2,36.9,35,1005.1
12/2/2023, 14:51:00,11460,287,11490,39,43.2,36.9,35,1005.1
12/2/2023, 14:52:00,11490,278,11610,38.7,42.9,36.9,35,1005.1
12/2/2023, 14:53:00,11370,328,11680,38.6,42.4,36.9,35,1005.1
12/2/2023, 14:54:00,11400,316,11680,37.8,42,36.9,35,1005.1
12/2/2023, 14:55:00,11340,250,11820,37.8,41.8,36.9,35,1005.1
12/2/2023, 14:56:00,11300,212,11660,36.9,41.6,36.9,35,1005.1
12/2/2023, 14:57:00,11380,210,11870,36.6,41.5,36.9,35,1005.1
12/2/2023, 14:58:00,11320,282,11610,36.7,41.4,36.9,35,1005.1
12/2/2023, 14:59:00,11450,323,11680,36.7,41.3,36.9,35,1005.1
12/2/2023, 15:00:00,11330,288,11740,36.5,41.3,38.1,32,1004.1
12/2/2023, 15:01:00,11290,255,11680,36.8,41.3,38.1,32,1004.1
12/2/2023, 15:02:00,11380,339,11590,36.5,41.3,38.1,32,1004.1
12/2/2023, 15:03:00,11370,343,11820,36.8,41.2,38.1,32,1004.1
12/2/2023, 15:04:00,11390,302,11800,36.4,41.2,38.1,32,1004.1
12/2/2023, 15:05:00,11310,277,11800,36.7,41.1,38.1,32,1004.1
12/2/2023, 15:06:00,11470,281,11850,36.3,41.1,38.1,32,1004.1
12/2/2023, 15:07:00,11220,317,11580,36.5,40.9,38.1,32,1004.1
12/2/2023, 15:08:00,11440,263,11820,36.8,40.8,38.1,32,1004.1
12/2/2023, 15:09:00,11410,257,11730,36,40.7,38.1,32,1004.1
12/2/2023, 15:10:00,11410,311,11640,36.4,40.6,38.1,32,1004.1
12/2/2023, 15:11:00,11390,276,11680,36.1,40.7,38.1,32,1004.1
12/2/2023, 15:12:00,11220,249,11630,35.9,40.7,38.1,32,1004.1
12/2/2023, 15:13:00,11470,232,11680,36.2,40.7,38.1,32,1004.1
12/2/2023, 15:14:00,11390,247,11660,36.3,40.6,38.1,32,1004.1
12/2/2023, 15:15:00,11430,269,11510,35.8,40.4,38.1,32,1004.1
12/2/2023, 15:16:00,11430,243,11590,36,40.3,38.1,32,1004.1
12/2/2023, 15:17:00,11560,269,11780,35.8,40.1,38.1,32,1004.1
12/2/2023, 15:18:00,11280,265,11680,35.9,40,38.1,32,1004.1
12/2/2023, 15:19:00,11430,306,11680,35.4,39.8,38.1,32,1004.1
12/2/2023, 15:20:00,11350,273,11660,35.3,39.7,38.1,32,1004.1
12/2/2023, 15:21:00,11290,208,11680,35.4,39.5,38.1,32,1004.1
12/2/2023, 15:22:00,11290,202,11680,35.3,39.4,38.1,32,1004.1
12/2/2023, 15:23:00,11260,346,11780,34.7,39.2,38.1,32,1004.1
12/2/2023, 15:24:00,11510,312,11700,35.1,39.2,38.1,32,1004.1
12/2/2023, 15:25:00,11260,355,11750,34.8,39.1,38.1,32,1004.1
12/2/2023, 15:26:00,11430,261,11830,34.9,39,38.1,32,1004.1
12/2/2023, 15:27:00,11390,224,11740,34.1,39,38.1,32,1004.1
12/2/2023, 15:28:00,11370,215,11610,34.4,38.9,38.1,32,1004.1
12/2/2023, 15:29:00,11360,230,11570,34.5,38.8,38.1,32,1004.1
12/2/2023, 15:30:00,11420,280,11670,34.3,38.7,38.1,32,1004.1
12/2/2023, 15:31:00,11450,266,11560,34.4,38.6,38.1,32,1004.1
12/2/2023, 15:32:00,11220,319,11770,34.2,38.5,38.1,32,1004.1
12/2/2023, 15:33:00,11360,326,11820,34.1,38.4,38.1,32,1004.1
12/2/2023, 15:34:00,11260,265,11670,33.8,38.4,38.1,32,1004.1
12/2/2023, 15:35:00,10920,213,11740,33.8,38.2,38.1,32,1004.1
12/2/2023, 15:36:00,10940,362,11720,33.6,38.1,38.1,32,1004.1
12/2/2023, 15:37:00,11000,362,11530,33.7,38.1,38.1,32,1004.1
12/2/2023, 15:38:00,11040,362,11190,33.7,37.9,38.1,32,1004.1
12/2/2023, 15:39:00,11030,362,11020,34,37.9,38.1,32,1004.1
12/2/2023, 15:40:00,10960,362,11050,33.4,37.8,38.1,32,1004.1
12/2/2023, 15:41:00,10880,463,11110,33.8,37.6,38.1,32,1004.1
12/2/2023, 15:42:00,10850,439,11430,33.2,37.6,38.1,32,1004.1
12/2/2023, 15:43:00,10950,367,11610,33.2,37.6,38.1,32,1004.1
12/2/2023, 15:44:00,11130,287,11550,33.1,37.5,38.1,32,1004.1
12/2/2023, 15:45:00,10920,144,11550,32.9,37.5,38.1,32,1004.1
12/2/2023, 15:46:00,11010,138,11490,33.2,37.4,38.1,32,1004.1
12/2/2023, 15:47:00,10980,142,11230,33.2,37.4,38.1,32,1004.1
12/2/2023, 15:48:00,10860,183,11130,33.3,37.3,38.1,32,1004.1
12/2/2023, 15:49:00,11020,311,11170,33.1,37.2,38.1,32,1004.1
12/2/2023, 15:50:00,11030,383,11230,32.4,37.2,38.1,32,1004.1
12/2/2023, 15:51:00,10970,351,11250,32.6,37.1,38.1,32,1004.1
12/2/2023, 15:52:00,11100,285,11360,32.7,37,38.1,32,1004.1
12/2/2023, 15:53:00,10750,239,11600,32.6,36.9,38.1,32,1004.1
12/2/2023, 15:54:00,11080,144,11410,32,36.8,38.1,32,1004.1
12/2/2023, 15:55:00,10900,140,11490,32.6,36.7,38.1,32,1004.1
12/2/2023, 15:56:00,11100,177,11400,32.3,36.7,38.1,32,1004.1
12/2/2023, 15:57:00,11080,270,11200,32.3,36.6,38.1,32,1004.1
12/2/2023, 15:58:00,10960,338,11210,32.2,36.5,38.1,32,1004.1
12/2/2023, 15:59:00,11070,347,11300,32.2,36.4,38.1,32,1004.1
12/2/2023, 16:00:00,10810,332,11160,32.2,36.4,38.5,28,1003.2
12/2/2023, 16:01:00,10990,323,11370,31.9,36.4,38.5,28,1003.2
12/2/2023, 16:02:00,11020,271,11510,31.9,36.3,38.5,28,1003.2
12/2/2023, 16:03:00,11170,168,11490,32.3,36.3,38.5,28,1003.2
12/2/2023, 16:04:00,11090,164,11350,31.4,36.2,38.5,28,1003.2
12/2/2023, 16:05:00,11000,188,11380,31.8,36.1,38.5,28,1003.2
12/2/2023, 16:06:00,10820,262,11370,31.6,36.1,38.5,28,1003.2
12/2/2023, 16:07:00,11030,218,11430,31.8,36,38.5,28,1003.2
12/2/2023, 16:08:00,11070,278,11300,31.7,35.9,38.5,28,1003.2
12/2/2023, 16:09:00,11090,247,11370,31.4,35.8,38.5,28,1003.2
12/2/2023, 16:10:00,11030,180,11410,31.1,35.8,38.5,28,1003.2
12/2/2023, 16:11:00,11030,182,11340,31.2,35.8,38.5,28,1003.2
12/2/2023, 16:12:00,11060,190,11370,31.1,35.7,38.5,28,1003.2
12/2/2023, 16:13:00,11370,230,11400,30.9,35.6,38.5,28,1003.2
12/2/2023, 16:14:00,11280,415,11300,31.6,35.6,38.5,28,1003.2
12/2/2023, 16:15:00,11410,470,11570,31.7,36,38.5,28,1003.2
12/2/2023, 16:16:00,11270,485,11640,32,36.5,38.5,28,1003.2
12/2/2023, 16:17:00,11240,373,11700,32.1,36.8,38.5,28,1003.2
12/2/2023, 16:18:00,11470,326,11970,32.7,36.9,38.5,28,1003.2
12/2/2023, 16:19:00,11410,269,11970,32.3,36.9,38.5,28,1003.2
12/2/2023, 16:20:00,11440,132,11960,32.6,36.9,38.5,28,1003.2
12/2/2023, 16:21:00,11330,104,11780,32.6,37,38.5,28,1003.2
12/2/2023, 16:22:00,11420,84,11580,32.7,37,38.5,28,1003.2
12/2/2023, 16:23:00,11310,84,11690,32.6,37.1,38.5,28,1003.2
12/2/2023, 16:24:00,11290,166,11600,33.1,37.1,38.5,28,1003.2
12/2/2023, 16:25:00,11480,350,11360,32.7,37.1,38.5,28,1003.2
12/2/2023, 16:26:00,11180,404,11340,32.6,37.1,38.5,28,1003.2
12/2/2023, 16:27:00,11370,431,11590,32.5,37.1,38.5,28,1003.2
12/2/2023, 16:28:00,11440,430,11550,32.7,37.2,38.5,28,1003.2
12/2/2023, 16:29:00,11470,381,11700,32.7,37.2,38.5,28,1003.2
12/2/2023, 16:30:00,11360,260,11960,32.6,37.3,38.5,28,1003.2
12/2/2023, 16:31:00,11250,176,11740,32.6,37.5,38.5,28,1003.2
12/2/2023, 16:32:00,11390,108,11860,33.4,37.7,38.5,28,1003.2
12/2/2023, 16:33:00,11220,88,11800,33.6,38,38.5,28,1003.2
12/2/2023, 16:34:00,11360,89,11620,33.9,38.3,38.5,28,1003.2
12/2/2023, 16:35:00,11370,273,11480,33.6,38.4,38.5,28,1003.2
12/2/2023, 16:36:00,11320,297,11540,33.8,38.5,38.5,28,1003.2
12/2/2023, 16:37:00,11200,328,11490,34.2,38.7,38.5,28,1003.2
12/2/2023, 16:38:00,11380,319,11450,34.1,38.8,38.5,28,1003.2
12/2/2023, 16:39:00,11460,355,11760,34.7,38.9,38.5,28,1003.2
12/2/2023, 16:40:00,11230,252,11910,34.4,38.9,38.5,28,1003.2
12/2/2023, 16:41:00,11390,262,11740,34.6,38.9,38.5,28,1003.2
12/2/2023, 16:42:00,11550,171,11820,34.3,38.7,38.5,28,1003.2
12/2/2023, 16:43:00,11310,150,11550,34.3,38.5,38.5,28,1003.2
12/2/2023, 16:44:00,11430,158,11690,33.7,38.4,38.5,28,1003.2
12/2/2023, 16:45:00,11220,249,11610,33.5,38.4,38.5,28,1003.2
12/2/2023, 16:46:00,11430,273,11590,33.7,38.3,38.5,28,1003.2
12/2/2023, 16:47:00,11300,320,11580,33.9,38.2,38.5,28,1003.2
12/2/2023, 16:48:00,11350,370,11450,34,38.2,38.5,28,1003.2
12/2/2023, 16:49:00,11340,351,11520,33.8,38.3,38.5,28,1003.2
12/2/2023, 16:50:00,11330,305,11450,34.1,38.3,38.5,28,1003.2
12/2/2023, 16:51:00,11270,231,11800,33.4,38.5,38.5,28,1003.2
12/2/2023, 16:52:00,11420,228,11820,34.2,38.6,38.5,28,1003.2
12/2/2023, 16:53:00,11300,226,11700,34.8,38.8,38.5,28,1003.2
12/2/2023, 16:54:00,11380,196,11770,34.5,38.9,38.5,28,1003.2
12/2/2023, 16:55:00,11420,207,11650,35,39,38.5,28,1003.2
12/2/2023, 16:56:00,11250,203,11710,34.1,39,38.5,28,1003.2
12/2/2023, 16:57:00,11410,249,11650,34.6,39.1,38.5,28,1003.2
12/2/2023, 16:58:00,11350,264,11600,35.1,39.2,38.5,28,1003.2
12/2/2023, 16:59:00,11620,297,11560,34.8,39.3,38.5,28,1003.2
12/2/2023, 17:00:00,11210,324,11700,34.3,39.4,38,28,1002.5
12/2/2023, 17:01:00,11360,308,11630,35.2,39.5,38,28,1002.5
12/2/2023, 17:02:00,11380,323,11760,35.3,39.4,38,28,1002.5
12/2/2023, 17:03:00,11430,237,11750,35,39.4,38,28,1002.5
12/2/2023, 17:04:00,11450,230,11660,34.9,39.1,38,28,1002.5
12/2/2023, 17:05:00,11210,296,11620,34.7,39,38,28,1002.5
12/2/2023, 17:06:00,11250,253,11790,34.4,38.9,38,28,1002.5
12/2/2023, 17:07:00,11440,250,11840,34.4,38.8,38,28,1002.5
12/2/2023, 17:08:00,11240,214,11560,34.3,38.8,38,28,1002.5
12/2/2023, 17:09:00,11200,246,11580,34.4,38.8,38,28,1002.5
12/2/2023, 17:10:00,11420,335,11750,34.6,38.8,38,28,1002.5
12/2/2023, 17:11:00,11250,278,11810,34.4,38.7,38,28,1002.5
12/2/2023, 17:12:00,11530,290,11800,34.6,38.7,38,28,1002.5
12/2/2023, 17:13:00,11420,310,11980,34.6,38.5,38,28,1002.5
12/2/2023, 17:14:00,11420,281,11740,34.1,38.4,38,28,1002.5
12/2/2023, 17:15:00,11300,185,11800,34,38.2,38,28,1002.5
12/2/2023, 17:16:00,11390,243,11710,33.6,38.1,38,28,1002.5
12/2/2023, 17:17:00,11390,207,11640,34.2,38,38,28,1002.5
12/2/2023, 17:18:00,11430,259,11630,34.4,37.9,38,28,1002.5
12/2/2023, 17:19:00,11240,252,11680,33.6,38,38,28,1002.5
12/2/2023, 17:20:00,11280,264,11600,33.5,38,38,28,1002.5
12/2/2023, 17:21:00,11350,305,11610,33.7,38.1,38,28,1002.5
12/2/2023, 17:22:00,11480,317,11570,33.8,38.3,38,28,1002.5
12/2/2023, 17:23:00,11470,261,11650,33.8,38.4,38,28,1002.5
12/2/2023, 17:24:00,11440,230,11760,34.7,38.5,38,28,1002.5
12/2/2023, 17:25:00,11310,264,11770,34.4,38.6,38,28,1002.5
12/2/2023, 17:26:00,11520,225,11720,34.7,38.8,38,28,1002.5
12/2/2023, 17:27:00,11350,183,11690,34,38.9,38,28,1002.5
12/2/2023, 17:28:00,11400,329,11570,34.6,39,38,28,1002.5
12/2/2023, 17:29:00,11450,265,11620,34.6,39,38,28,1002.5
12/2/2023, 17:30:00,11370,269,11710,35,39.1,38,28,1002.5
12/2/2023, 17:31:00,11290,237,11720,34.8,39.1,38,28,1002.5
12/2/2023, 17:32:00,11390,244,11630,34.6,39,38,28,1002.5
12/2/2023, 17:33:00,11440,249,11700,34.6,39,38,28,1002.5
12/2/2023, 17:34:00,11270,292,11620,34.7,39,38,28,1002.5
12/2/2023, 17:35:00,11380,303,11740,34.9,39.4,38,28,1002.5
12/2/2023, 17:36:00,11410,264,11600,35.4,39.7,38,28,1002.5
12/2/2023, 17:37:00,11450,255,11660,35.8,40.1,38,28,1002.5
12/2/2023, 17:38:00,11460,242,11740,36.1,40.5,38,28,1002.5
12/2/2023, 17:39:00,11470,203,11740,36.5,40.5,38,28,1002.5
12/2/2023, 17:40:00,11370,203,11640,36.2,40.7,38,28,1002.5
12/2/2023, 17:41:00,11330,261,11710,36.4,40.7,38,28,1002.5
12/2/2023, 17:42:00,11460,288,11730,36.6,41,38,28,1002.5
12/2/2023, 17:43:00,11370,320,11660,36.7,41.3,38,28,1002.5
12/2/2023, 17:44:00,11300,267,11690,36.5,41.5,38,28,1002.5
12/2/2023, 17:45:00,11380,230,11760,36.7,41.6,38,28,1002.5
12/2/2023, 17:46:00,11300,302,11650,37.7,41.7,38,28,1002.5
12/2/2023, 17:47:00,11340,230,11670,37.1,41.9,38,28,1002.5
12/2/2023, 17:48:00,11340,273,11660,37.4,41.9,38,28,1002.5
12/2/2023, 17:49:00,11480,230,11810,37.4,41.9,38,28,1002.5
12/2/2023, 17:50:00,11370,216,11500,37.1,41.8,38,28,1002.5
12/2/2023, 17:51:00,11350,225,11530,36.7,41.7,38,28,1002.5
12/2/2023, 17:52:00,11300,340,11640,37,41.5,38,28,1002.5
12/2/2023, 17:53:00,11330,320,11620,37.2,41.4,38,28,1002.5
12/2/2023, 17:54:00,11290,267,11670,36.6,41.3,38,28,1002.5
12/2/2023, 17:55:00,11130,265,11640,36.7,41.2,38,28,1002.5
12/2/2023, 17:56:00,11360,266,11840,36.7,41.2,38,28,1002.5
12/2/2023, 17:57:00,11400,293,11720,36.9,41.1,38,28,1002.5
12/2/2023, 17:58:00,11200,253,11620,36.7,41.1,38,28,1002.5
12/2/2023, 17:59:00,11240,291,11690,35.9,41.2,38,28,1002.5
12/2/2023, 18:00:00,11350,307,11730,37,41.2,36.9,28,1002.5
12/2/2023, 18:01:00,11440,330,11830,36.4,41.2,36.9,28,1001.7
12/2/2023, 18:02:00,11280,220,11610,37,41.1,36.9,28,1001.7
12/2/2023, 18:03:00,11210,300,11790,36.1,40.9,36.9,28,1001.7
12/2/2023, 18:04:00,11390,316,11640,36.4,40.6,36.9,28,1001.7
12/2/2023, 18:05:00,11170,227,11670,36.5,40.3,36.9,28,1001.7
12/2/2023, 18:06:00,11290,239,11610,35.5,40.1,36.9,28,1001.7
12/2/2023, 18:07:00,11490,224,11620,35.2,39.8,36.9,28,1001.7
12/2/2023, 18:08:00,11340,287,11680,35.2,39.7,36.9,28,1001.7
12/2/2023, 18:09:00,11330,335,11740,35,39.6,36.9,28,1001.7
12/2/2023, 18:10:00,11520,250,11710,34.9,39.5,36.9,28,1001.7
12/2/2023, 18:11:00,11350,222,11750,34.4,39.8,36.9,28,1001.7
12/2/2023, 18:12:00,11440,229,11800,35.6,40.3,36.9,28,1001.7
12/2/2023, 18:13:00,11230,267,11680,36.4,40.9,36.9,28,1001.7
12/2/2023, 18:14:00,11310,267,11650,36.7,41.5,36.9,28,1001.7
12/2/2023, 18:15:00,11340,279,11750,37,41.8,36.9,28,1001.7
12/2/2023, 18:16:00,11430,236,11540,37.8,41.8,36.9,28,1001.7
12/2/2023, 18:17:00,11330,310,11750,37.1,41.7,36.9,28,1001.7
12/2/2023, 18:18:00,11390,266,11790,37.4,41.6,36.9,28,1001.7
12/2/2023, 18:19:00,11280,287,11840,37,41.8,36.9,28,1001.7
12/2/2023, 18:20:00,11330,245,11660,37.4,41.9,36.9,28,1001.7
12/2/2023, 18:21:00,11340,242,11620,37.5,42.1,36.9,28,1001.7
12/2/2023, 18:22:00,11290,248,11780,37.8,42,36.9,28,1001.7
12/2/2023, 18:23:00,11360,242,11730,37.7,41.7,36.9,28,1001.7
12/2/2023, 18:24:00,11350,253,11730,36.7,41.5,36.9,28,1001.7
12/2/2023, 18:25:00,11410,305,11730,36.4,41.4,36.9,28,1001.7
12/2/2023, 18:26:00,11380,298,11710,36.8,41.4,36.9,28,1001.7
12/2/2023, 18:27:00,11360,246,11580,37.1,41.5,36.9,28,1001.7
12/2/2023, 18:28:00,11420,239,11700,37.5,41.6,36.9,28,1001.7
12/2/2023, 18:29:00,11240,246,11680,37.2,41.8,36.9,28,1001.7
12/2/2023, 18:30:00,11290,309,11640,37.3,41.9,36.9,28,1001.7
12/2/2023, 18:31:00,11230,307,11650,37.4,42,36.9,28,1001.7
12/2/2023, 18:32:00,11350,291,11670,37.7,42.2,36.9,28,1001.7
12/2/2023, 18:33:00,11460,295,11930,37.6,42.3,36.9,28,1001.7
12/2/2023, 18:34:00,11410,270,11730,38.5,42.5,36.9,28,1001.7
12/2/2023, 18:35:00,11360,269,11610,37.9,42.7,36.9,28,1001.7
12/2/2023, 18:36:00,11350,224,11700,38.5,42.8,36.9,28,1001.7
12/2/2023, 18:37:00,11370,232,11670,38.9,43,36.9,28,1001.7
12/2/2023, 18:38:00,11270,303,11630,38.8,43.2,36.9,28,1001.7
12/2/2023, 18:39:00,11180,275,11590,38.8,43.4,36.9,28,1001.7
12/2/2023, 18:40:00,11340,300,11770,39.1,43.4,36.9,28,1001.7
12/2/2023, 18:41:00,11460,286,11590,38.2,43.4,36.9,28,1001.7
12/2/2023, 18:42:00,11390,264,11740,38.9,43.5,36.9,28,1001.7
12/2/2023, 18:43:00,11340,240,11700,39.1,43.7,36.9,28,1001.7
12/2/2023, 18:44:00,11550,247,11660,38.9,43.7,36.9,28,1001.7
12/2/2023, 18:45:00,11400,305,11670,39.3,43.9,36.9,28,1001.7
12/2/2023, 18:46:00,11310,277,11740,38.9,43.9,36.9,28,1001.7
12/2/2023, 18:47:00,11500,322,11630,39.8,44,36.9,28,1001.7
12/2/2023, 18:48:00,11460,334,11600,39.6,43.9,36.9,28,1001.7
12/2/2023, 18:49:00,11460,299,11600,39.2,43.8,36.9,28,1001.7
12/2/2023, 18:50:00,11150,326,11720,39.4,43.6,36.9,28,1001.7
12/2/2023, 18:51:00,11290,249,11660,38.9,43.1,36.9,28,1001.7
12/2/2023, 18:52:00,11400,250,11660,38.4,42.6,36.9,28,1001.7
12/2/2023, 18:53:00,11270,265,11580,37.6,42.1,36.9,28,1001.7
12/2/2023, 18:54:00,11270,282,11640,37.1,41.8,36.9,28,1001.7
12/2/2023, 18:55:00,11380,328,11620,37.1,41.5,36.9,28,1001.7
12/2/2023, 18:56:00,11260,327,11600,36.7,41.3,36.9,28,1001.7
12/2/2023, 18:57:00,11510,288,11620,37.1,41.1,36.9,28,1001.7
12/2/2023, 18:58:00,11220,326,11720,36.7,41.1,36.9,28,1001.7
12/2/2023, 18:59:00,11480,252,11670,36.4,41.1,36.9,28,1001.7
12/2/2023, 19:00:00,11360,225,11700,37,41.2,35.4,31,1001.2
12/2/2023, 19:01:00,11240,306,11780,36.9,41.6,35.4,31,1001.2
12/2/2023, 19:02:00,11440,292,11580,37.3,42,35.4,31,1001.2
12/2/2023, 19:03:00,11350,308,11670,37.8,42.5,35.4,31,1001.2
12/2/2023, 19:04:00,11330,289,11740,37.9,43,35.4,31,1001.2
12/2/2023, 19:05:00,11250,257,11640,38.6,43.2,35.4,31,1001.2
12/2/2023, 19:06:00,11340,245,11640,38.2,43,35.4,31,1001.2
12/2/2023, 19:07:00,11320,253,11590,38.4,42.7,35.4,31,1001.2
12/2/2023, 19:08:00,11400,307,11510,37.7,42.4,35.4,31,1001.2
12/2/2023, 19:09:00,11460,270,11650,38.2,42.2,35.4,31,1001.2
12/2/2023, 19:10:00,11300,271,11650,37.4,42,35.4,31,1001.2
12/2/2023, 19:11:00,11290,278,11650,37.3,41.7,35.4,31,1001.2
12/2/2023, 19:12:00,11460,286,11700,37.3,41.6,35.4,31,1001.2
12/2/2023, 19:13:00,11390,319,11600,37.1,41.5,35.4,31,1001.2
12/2/2023, 19:14:00,11440,266,11690,37.4,41.7,35.4,31,1001.2
12/2/2023, 19:15:00,11440,254,11720,37.2,41.7,35.4,31,1001.2
12/2/2023, 19:16:00,11270,257,11540,36.7,42,35.4,31,1001.2
12/2/2023, 19:17:00,11430,290,11560,37.1,42.2,35.4,31,1001.2
12/2/2023, 19:18:00,11330,260,11590,37.9,42.4,35.4,31,1001.2
12/2/2023, 19:19:00,11440,271,11550,37.7,42.7,35.4,31,1001.2
12/2/2023, 19:20:00,11290,287,11560,38.3,43,35.4,31,1001.2
12/2/2023, 19:21:00,11390,272,11720,38.3,43.2,35.4,31,1001.2
12/2/2023, 19:22:00,11400,257,11690,38.9,43.4,35.4,31,1001.2
12/2/2023, 19:23:00,11390,301,11610,38.7,43.6,35.4,31,1001.2
12/2/2023, 19:24:00,11340,250,11710,38.8,43.8,35.4,31,1001.2
12/2/2023, 19:25:00,11130,296,11690,39.3,44.1,35.4,31,1001.2
12/2/2023, 19:26:00,11380,264,11640,39.6,44.3,35.4,31,1001.2
12/2/2023, 19:27:00,11150,273,11770,40,44.5,35.4,31,1001.2
12/2/2023, 19:28:00,11390,257,11740,39.9,44.5,35.4,31,1001.2
12/2/2023, 19:29:00,11400,258,11710,40,44.7,35.4,31,1001.2
12/2/2023, 19:30:00,11310,303,11700,40.5,44.8,35.4,31,1001.2
12/2/2023, 19:31:00,11500,250,11580,40.2,44.9,35.4,31,1001.2
12/2/2023, 19:32:00,11170,325,11670,40.8,44.8,35.4,31,1001.2
12/2/2023, 19:33:00,11310,351,11760,40.5,44.8,35.4,31,1001.2
12/2/2023, 19:34:00,11310,255,11780,40,44.8,35.4,31,1001.2
12/2/2023, 19:35:00,11360,254,11760,40.1,44.8,35.4,31,1001.2
12/2/2023, 19:36:00,11450,274,11390,39.9,44.8,35.4,31,1001.2
12/2/2023, 19:37:00,11280,316,11780,40.5,44.8,35.4,31,1001.2
12/2/2023, 19:38:00,11080,305,11660,40.3,44.7,35.4,31,1001.2
12/2/2023, 19:39:00,11380,315,11690,39.3,44.3,35.4,31,1001.2
12/2/2023, 19:40:00,11320,301,11730,39.7,44,35.4,31,1001.2
12/2/2023, 19:41:00,11440,306,11570,38.7,43.7,35.4,31,1001.2
12/2/2023, 19:42:00,11300,305,11460,39.4,43.6,35.4,31,1001.2
12/2/2023, 19:43:00,11490,264,11630,38.7,43.6,35.4,31,1001.2
12/2/2023, 19:44:00,11360,258,11680,39.2,43.6,35.4,31,1001.2
12/2/2023, 19:45:00,11340,260,11620,38.9,43.5,35.4,31,1001.2
12/2/2023, 19:46:00,11440,299,11630,38.7,43.4,35.4,31,1001.2
12/2/2023, 19:47:00,11270,298,11710,38.1,43.3,35.4,31,1001.2
12/2/2023, 19:48:00,11350,237,11660,38.6,43.2,35.4,31,1001.2
12/2/2023, 19:49:00,11340,259,11710,38.4,42.9,35.4,31,1001.2
12/2/2023, 19:50:00,11290,276,11590,38,42.7,35.4,31,1001.2
12/2/2023, 19:51:00,11240,305,11660,37.8,42.5,35.4,31,1001.2
12/2/2023, 19:52:00,11240,294,11780,38.4,42.3,35.4,31,1001.2
12/2/2023, 19:53:00,11410,289,11830,37.6,42.1,35.4,31,1001.2
12/2/2023, 19:54:00,11310,282,11630,37.3,42,35.4,31,1001.2
12/2/2023, 19:55:00,11370,311,11610,37.8,42,35.4,31,1001.2
12/2/2023, 19:56:00,11140,277,11630,37.3,41.9,35.4,31,1001.2
12/2/2023, 19:57:00,11480,290,11510,37.4,41.9,35.4,31,1001.2
12/2/2023, 19:58:00,11280,330,11540,37.2,41.9,35.4,31,1001.2
12/2/2023, 19:59:00,11360,231,11530,36.9,41.9,35.4,31,1001.2
12/2/2023, 20:00:00,11340,215,11640,37.4,42,33.6,35,1000.9
12/2/2023, 20:01:00,11320,232,11620,37.3,42.1,33.6,35,1000.9
12/2/2023, 20:02:00,11200,322,11530,37.1,42.2,33.6,35,1000.9
12/2/2023, 20:03:00,11380,348,11660,38,42.3,33.6,35,1000.9
12/2/2023, 20:04:00,11280,301,11590,37.8,42.5,33.6,35,1000.9
12/2/2023, 20:05:00,11270,276,11590,37.7,42.6,33.6,35,1000.9
12/2/2023, 20:06:00,11340,284,11780,38.3,42.9,33.6,35,1000.9
12/2/2023, 20:07:00,11440,301,11600,38.6,43.1,33.6,35,1000.9
12/2/2023, 20:08:00,11240,230,11920,38.6,43.3,33.6,35,1000.9
12/2/2023, 20:09:00,11300,254,11680,38.9,43.1,33.6,35,1000.9
12/2/2023, 20:10:00,11420,217,11840,38.5,43.1,33.6,35,1000.9
12/2/2023, 20:11:00,11310,221,11550,38.6,43.1,33.6,35,1000.9
12/2/2023, 20:12:00,11280,301,11620,38.6,43.2,33.6,35,1000.9
12/2/2023, 20:13:00,11180,289,11730,38.5,43.4,33.6,35,1000.9
12/2/2023, 20:14:00,11440,301,11580,38.6,43.5,33.6,35,1000.9
12/2/2023, 20:15:00,11350,306,11590,39.5,43.7,33.6,35,1000.9
12/2/2023, 20:16:00,11490,281,11670,39.4,43.9,33.6,35,1000.9
12/2/2023, 20:17:00,11280,275,11780,39,44,33.6,35,1000.9
12/2/2023, 20:18:00,11400,308,11540,39.5,43.9,33.6,35,1000.9
12/2/2023, 20:19:00,11360,244,11700,39.1,44,33.6,35,1000.9
12/2/2023, 20:20:00,11450,235,11690,39.7,44.1,33.6,35,1000.9
12/2/2023, 20:21:00,11260,278,11820,39.9,44.3,33.6,35,1000.9
12/2/2023, 20:22:00,11260,348,11640,40,44.4,33.6,35,1000.9
12/2/2023, 20:23:00,11250,327,11720,39.9,44.6,33.6,35,1000.9
12/2/2023, 20:24:00,11450,312,11750,39.9,44.7,33.6,35,1000.9
12/2/2023, 20:25:00,11300,226,11640,40.6,44.7,33.6,35,1000.9
12/2/2023, 20:26:00,11340,266,11720,40.2,44.8,33.6,35,1000.9
12/2/2023, 20:27:00,11470,262,11880,40.3,44.7,33.6,35,1000.9
12/2/2023, 20:28:00,11340,301,11690,39.9,44.6,33.6,35,1000.9
12/2/2023, 20:29:00,11120,305,11680,40.1,44.3,33.6,35,1000.9
12/2/2023, 20:30:00,11370,265,11640,38.7,44.2,33.6,35,1000.9
12/2/2023, 20:31:00,11260,301,11600,39.4,44.2,33.6,35,1000.9
12/2/2023, 20:32:00,11430,266,11670,39.3,44.1,33.6,35,1000.9
12/2/2023, 20:33:00,11440,237,11580,39.4,44,33.6,35,1000.9
12/2/2023, 20:34:00,11320,297,11640,39.1,43.9,33.6,35,1000.9
12/2/2023, 20:35:00,11390,295,11580,38.9,43.9,33.6,35,1000.9
12/2/2023, 20:36:00,11380,314,11710,38.8,43.9,33.6,35,1000.9
12/2/2023, 20:37:00,11440,277,11810,38.8,44,33.6,35,1000.9
12/2/2023, 20:38:00,11250,265,11730,38.9,44.1,33.6,35,1000.9
12/2/2023, 20:39:00,11370,254,11720,39.3,44.3,33.6,35,1000.9
12/2/2023, 20:40:00,11480,274,11720,39.4,44.5,33.6,35,1000.9
12/2/2023, 20:41:00,11270,270,11690,40.5,44.8,33.6,35,1000.9
12/2/2023, 20:42:00,11430,286,11770,40.5,45.1,33.6,35,1000.9
12/2/2023, 20:43:00,11250,356,11690,40.1,45.4,33.6,35,1000.9
12/2/2023, 20:44:00,11340,304,11600,40.4,45.6,33.6,35,1000.9
12/2/2023, 20:45:00,11250,281,11740,41.1,45.6,33.6,35,1000.9
12/2/2023, 20:46:00,11380,339,11400,40.8,45.4,33.6,35,1000.9
12/2/2023, 20:47:00,11470,302,11650,40.6,45,33.6,35,1000.9
12/2/2023, 20:48:00,11410,271,11740,40.3,44.7,33.6,35,1000.9
12/2/2023, 20:49:00,11400,252,11640,39.9,44.4,33.6,35,1000.9
12/2/2023, 20:50:00,11380,244,11660,39.3,44.2,33.6,35,1000.9
12/2/2023, 20:51:00,11260,276,11590,39.6,44,33.6,35,1000.9
12/2/2023, 20:52:00,11420,328,11650,38.9,43.9,33.6,35,1000.9
12/2/2023, 20:53:00,11450,254,11630,39,43.8,33.6,35,1000.9
12/2/2023, 20:54:00,11210,276,11740,38.9,43.8,33.6,35,1000.9
12/2/2023, 20:55:00,11090,291,11600,39.2,44,33.6,35,1000.9
12/2/2023, 20:56:00,11420,260,11650,40.1,44.2,33.6,35,1000.9
12/2/2023, 20:57:00,11310,257,11680,39.8,44.5,33.6,35,1000.9
12/2/2023, 20:58:00,11230,247,11570,40.2,44.9,33.6,35,1000.9
12/2/2023, 20:59:00,11330,338,11660,40.7,45.2,33.6,35,1000.9
12/2/2023, 21:00:00,11280,282,11490,41.3,45.1,32.5,38,1000.7
12/2/2023, 21:01:00,11260,306,11720,40.5,44.8,32.5,38,1000.7
12/2/2023, 21:02:00,11400,293,11750,40.1,44.7,32.5,38,1000.7
12/2/2023, 21:03:00,11340,262,11500,40.3,44.7,32.5,38,1000.7
12/2/2023, 21:04:00,11350,340,11670,40.2,44.8,32.5,38,1000.7
12/2/2023, 21:05:00,11170,254,11450,39.6,44.7,32.5,38,1000.7
12/2/2023, 21:06:00,11160,243,11630,39.9,44.6,32.5,38,1000.7
12/2/2023, 21:07:00,11370,310,11690,39.3,44.5,32.5,38,1000.7
12/2/2023, 21:08:00,11290,304,11700,39.3,44.2,32.5,38,1000.7
12/2/2023, 21:09:00,11340,293,11710,39.7,44.1,32.5,38,1000.7
12/2/2023, 21:10:00,11200,298,11660,38.9,43.9,32.5,38,1000.7
12/2/2023, 21:11:00,11180,302,11650,39,43.8,32.5,38,1000.7
12/2/2023, 21:12:00,11380,295,11600,39.3,43.8,32.5,38,1000.7
12/2/2023, 21:13:00,11390,341,11580,39.1,43.8,32.5,38,1000.7
12/2/2023, 21:14:00,11490,321,11710,38.9,43.7,32.5,38,1000.7
12/2/2023, 21:15:00,11330,313,11620,38.9,43.7,32.5,38,1000.7
12/2/2023, 21:16:00,11450,313,11700,38.6,43.7,32.5,38,1000.7
12/2/2023, 21:17:00,11210,255,11600,39,43.9,32.5,38,1000.7
12/2/2023, 21:18:00,11220,240,11810,39.3,44.1,32.5,38,1000.7
12/2/2023, 21:19:00,11360,270,11560,40,44.3,32.5,38,1000.7
12/2/2023, 21:20:00,11270,257,11760,39.1,44.6,32.5,38,1000.7
12/2/2023, 21:21:00,11210,276,11610,40.1,44.8,32.5,38,1000.7
12/2/2023, 21:22:00,11280,289,11680,40.1,44.8,32.5,38,1000.7
12/2/2023, 21:23:00,11190,227,11660,40,44.9,32.5,38,1000.7
12/2/2023, 21:24:00,11190,270,11590,40.5,44.9,32.5,38,1000.7
12/2/2023, 21:25:00,11330,279,11660,39.9,44.9,32.5,38,1000.7
12/2/2023, 21:26:00,11220,260,11650,40.3,44.8,32.5,38,1000.7
12/2/2023, 21:27:00,11410,258,11710,39.8,44.8,32.5,38,1000.7
12/2/2023, 21:28:00,11240,289,11580,40.1,44.9,32.5,38,1000.7
12/2/2023, 21:29:00,11130,284,11650,40.1,45.1,32.5,38,1000.7
12/2/2023, 21:30:00,11220,278,11770,40.7,45.2,32.5,38,1000.7
12/2/2023, 21:31:00,11490,352,11670,40.2,45.3,32.5,38,1000.7
12/2/2023, 21:32:00,11370,270,11720,40.5,45.3,32.5,38,1000.7
12/2/2023, 21:33:00,11250,296,11820,40.5,45.4,32.5,38,1000.7
12/2/2023, 21:34:00,11420,254,11840,41,45.4,32.5,38,1000.7
12/2/2023, 21:35:00,11280,266,11510,41,45.4,32.5,38,1000.7
12/2/2023, 21:36:00,11230,350,11660,41,45.2,32.5,38,1000.7
12/2/2023, 21:37:00,11390,337,11690,40.6,45.1,32.5,38,1000.7
12/2/2023, 21:38:00,11330,252,11650,40.6,44.9,32.5,38,1000.7
12/2/2023, 21:39:00,11280,258,11600,40,44.6,32.5,38,1000.7
12/2/2023, 21:40:00,11360,299,11720,39.8,44.3,32.5,38,1000.7
12/2/2023, 21:41:00,11510,316,11660,39.5,44.1,32.5,38,1000.7
12/2/2023, 21:42:00,11370,275,11640,39.4,44,32.5,38,1000.7
12/2/2023, 21:43:00,11470,281,11710,39.3,43.9,32.5,38,1000.7
12/2/2023, 21:44:00,11460,241,11550,39.2,43.8,32.5,38,1000.7
12/2/2023, 21:45:00,11200,349,11670,39.1,43.7,32.5,38,1000.7
12/2/2023, 21:46:00,11220,269,11700,38.5,43.4,32.5,38,1000.7
12/2/2023, 21:47:00,11310,261,11650,38.8,43.3,32.5,38,1000.7
12/2/2023, 21:48:00,11380,322,11720,38.8,43.3,32.5,38,1000.7
12/2/2023, 21:49:00,11330,333,11640,38.9,43.4,32.5,38,1000.7
12/2/2023, 21:50:00,11410,290,11490,39.2,43.5,32.5,38,1000.7
12/2/2023, 21:51:00,11480,321,11640,39,43.6,32.5,38,1000.7
12/2/2023, 21:52:00,11280,307,11730,38.8,43.6,32.5,38,1000.7
12/2/2023, 21:53:00,11250,282,11680,39.1,43.7,32.5,38,1000.7
12/2/2023, 21:54:00,11180,255,11510,39.3,43.5,32.5,38,1000.7
12/2/2023, 21:55:00,11390,277,11730,38.5,43.1,32.5,38,1000.7
12/2/2023, 21:56:00,11360,299,11700,38.2,42.8,32.5,38,1000.7
12/2/2023, 21:57:00,11410,277,11700,38.3,42.5,32.5,38,1000.7
12/2/2023, 21:58:00,11520,292,11650,37.6,42.4,32.5,38,1000.7
12/2/2023, 21:59:00,11390,300,11920,37.9,42.3,32.5,38,1000.7
12/2/2023, 22:00:00,11460,288,11480,37.8,42.3,30.8,41,1001.1
12/2/2023, 22:01:00,11470,320,11640,37.1,42.1,30.8,41,1001.1
12/2/2023, 22:02:00,11360,305,11740,37.1,41.8,30.8,41,1001.1
12/2/2023, 22:03:00,11220,258,11660,37.1,41.8,30.8,41,1001.1
12/2/2023, 22:04:00,11440,306,11570,37.4,41.9,30.8,41,1001.1
12/2/2023, 22:05:00,11340,259,11780,37.7,42,30.8,41,1001.1
12/2/2023, 22:06:00,11430,319,11770,38.4,42.2,30.8,41,1001.1
12/2/2023, 22:07:00,11230,257,11510,37.4,42.2,30.8,41,1001.1
12/2/2023, 22:08:00,11380,241,11610,37.4,42,30.8,41,1001.1
12/2/2023, 22:09:00,11420,264,11560,37.4,41.8,30.8,41,1001.1
12/2/2023, 22:10:00,11330,257,11570,37.2,41.8,30.8,41,1001.1
12/2/2023, 22:11:00,11300,275,11530,37.2,42.1,30.8,41,1001.1
12/2/2023, 22:12:00,11270,256,11620,37.9,42.5,30.8,41,1001.1
12/2/2023, 22:13:00,11420,269,11700,38.6,42.9,30.8,41,1001.1
12/2/2023, 22:14:00,11430,276,11520,38.4,43.3,30.8,41,1001.1
12/2/2023, 22:15:00,11380,291,11620,38.8,43.5,30.8,41,1001.1
12/2/2023, 22:16:00,11400,313,11650,38.9,43.7,30.8,41,1001.1
12/2/2023, 22:17:00,11300,226,11770,38.8,43.8,30.8,41,1001.1
12/2/2023, 22:18:00,11230,228,11610,39.4,43.8,30.8,41,1001.1
12/2/2023, 22:19:00,11320,274,11640,39.3,43.6,30.8,41,1001.1
12/2/2023, 22:20:00,11320,302,11510,38.8,43.4,30.8,41,1001.1
12/2/2023, 22:21:00,11310,282,11610,38.3,43.3,30.8,41,1001.1
12/2/2023, 22:22:00,11340,278,11780,38.7,43.4,30.8,41,1001.1
12/2/2023, 22:23:00,11270,261,11670,38.7,43.4,30.8,41,1001.1
12/2/2023, 22:24:00,11500,334,11670,39.1,43.5,30.8,41,1001.1
12/2/2023, 22:25:00,11440,265,11650,38.9,43.5,30.8,41,1001.1
12/2/2023, 22:26:00,11240,263,11690,38.9,43.6,30.8,41,1001.1
12/2/2023, 22:27:00,11450,253,11890,38.8,43.8,30.8,41,1001.1
12/2/2023, 22:28:00,11280,278,11760,39.2,43.9,30.8,41,1001.1
12/2/2023, 22:29:00,11470,288,11680,39.2,43.9,30.8,41,1001.1
12/2/2023, 22:30:00,11310,277,11700,39.4,44,30.8,41,1001.1
12/2/2023, 22:31:00,11440,288,11850,39.1,44,30.8,41,1001.1
12/2/2023, 22:32:00,11390,289,11730,39.5,44.1,30.8,41,1001.1
12/2/2023, 22:33:00,11290,319,11710,40,44,30.8,41,1001.1
12/2/2023, 22:34:00,11280,284,11730,39.3,43.9,30.8,41,1001.1
12/2/2023, 22:35:00,11270,242,11570,39.4,43.7,30.8,41,1001.1
12/2/2023, 22:36:00,11490,268,11730,39.5,43.4,30.8,41,1001.1
12/2/2023, 22:37:00,11270,296,11630,39.3,43.2,30.8,41,1001.1
12/2/2023, 22:38:00,11370,307,11710,39,42.9,30.8,41,1001.1
12/2/2023, 22:39:00,11210,289,11710,38.3,42.6,30.8,41,1001.1
12/2/2023, 22:40:00,11340,304,11740,37.8,42.5,30.8,41,1001.1
12/2/2023, 22:41:00,11460,326,11740,37.4,42.3,30.8,41,1001.1
12/2/2023, 22:42:00,11440,268,11530,37.8,42.3,30.8,41,1001.1
12/2/2023, 22:43:00,11410,263,11680,37.7,42.2,30.8,41,1001.1
12/2/2023, 22:44:00,11490,250,11720,37.4,42.2,30.8,41,1001.1
12/2/2023, 22:45:00,11450,300,11650,37.8,42.3,30.8,41,1001.1
12/2/2023, 22:46:00,11290,315,11640,37.9,42.4,30.8,41,1001.1
12/2/2023, 22:47:00,11390,312,11610,37.9,42.5,30.8,41,1001.1
12/2/2023, 22:48:00,11330,287,11580,38.1,42.4,30.8,41,1001.1
12/2/2023, 22:49:00,11350,285,11690,38,42.4,30.8,41,1001.1
12/2/2023, 22:50:00,11410,292,11690,37.8,42.2,30.8,41,1001.1
12/2/2023, 22:51:00,11450,299,11770,37.6,41.9,30.8,41,1001.1
12/2/2023, 22:52:00,11390,273,11620,37.4,41.6,30.8,41,1001.1
12/2/2023, 22:53:00,11510,280,11650,37.1,41.5,30.8,41,1001.1
12/2/2023, 22:54:00,11410,297,11630,36.5,41.3,30.8,41,1001.1
12/2/2023, 22:55:00,11350,279,11640,36.4,41.3,30.8,41,1001.1
12/2/2023, 22:56:00,11310,286,11710,36.4,41.3,30.8,41,1001.1
12/2/2023, 22:57:00,11230,266,11660,37.1,41.4,30.8,41,1001.1
12/2/2023, 22:58:00,11350,277,11530,36.9,41.5,30.8,41,1001.1
12/2/2023, 22:59:00,11180,242,11700,36.9,41.6,30.8,41,1001.1
12/2/2023, 23:00:00,11060,164,11700,37.2,42,30.2,40,1000.7
12/2/2023, 23:01:00,11130,147,11660,37.7,42.2,30.2,40,1000.7
12/2/2023, 23:02:00,11190,110,11510,37.4,42.3,30.2,40,1000.7
12/2/2023, 23:03:00,10990,216,11410,37.7,42.3,30.2,40,1000.7
12/2/2023, 23:04:00,11240,364,11300,37.8,42.4,30.2,40,1000.7
12/2/2023, 23:05:00,11440,469,11410,37.5,42.3,30.2,40,1000.7
12/2/2023, 23:06:00,11260,487,11390,37.2,42.2,30.2,40,1000.7
12/2/2023, 23:07:00,11430,486,11550,37.7,42,30.2,40,1000.7
12/2/2023, 23:08:00,11380,469,11610,37.1,41.7,30.2,40,1000.7
12/2/2023, 23:09:00,11380,414,11750,36.7,41.5,30.2,40,1000.7
12/2/2023, 23:10:00,11300,287,11950,36.9,41.3,30.2,40,1000.7
12/2/2023, 23:11:00,11270,234,11850,36.3,41.5,30.2,40,1000.7
12/2/2023, 23:12:00,11060,138,11900,36.5,41.6,30.2,40,1000.7
12/2/2023, 23:13:00,11200,138,11930,37.6,41.7,30.2,40,1000.7
12/2/2023, 23:14:00,11380,139,11660,37.1,41.7,30.2,40,1000.7
12/2/2023, 23:15:00,11570,175,11540,36.5,41.8,30.2,40,1000.7
12/2/2023, 23:16:00,11430,336,11310,36.7,41.8,30.2,40,1000.7
12/2/2023, 23:17:00,11330,392,11400,37.5,41.8,30.2,40,1000.7
12/2/2023, 23:18:00,11350,426,11520,37.1,41.8,30.2,40,1000.7
12/2/2023, 23:19:00,11360,412,11540,37.4,41.8,30.2,40,1000.7
12/2/2023, 23:20:00,11400,390,11860,37.1,41.8,30.2,40,1000.7
12/2/2023, 23:21:00,11420,277,11870,37.1,41.5,30.2,40,1000.7
12/2/2023, 23:22:00,11190,193,11840,36.6,41,30.2,40,1000.7
12/2/2023, 23:23:00,11280,177,11850,35.8,40.5,30.2,40,1000.7
12/2/2023, 23:24:00,11420,167,11610,35.6,40.2,30.2,40,1000.7
12/2/2023, 23:25:00,11310,162,11660,35.4,39.9,30.2,40,1000.7
12/2/2023, 23:26:00,11220,240,11530,35.4,39.7,30.2,40,1000.7
12/2/2023, 23:27:00,11390,317,11610,34.6,39.6,30.2,40,1000.7
12/2/2023, 23:28:00,11320,388,11440,34.6,39.5,30.2,40,1000.7
12/2/2023, 23:29:00,11420,369,11580,34.9,39.4,30.2,40,1000.7
12/2/2023, 23:30:00,11460,327,11720,34.8,39.4,30.2,40,1000.7
12/2/2023, 23:31:00,11270,319,11650,34.6,39.3,30.2,40,1000.7
12/2/2023, 23:32:00,11280,298,11800,34.4,39.3,30.2,40,1000.7
12/2/2023, 23:33:00,11510,207,11840,34.6,39.3,30.2,40,1000.7
12/2/2023, 23:34:00,11330,189,11770,34.6,39.2,30.2,40,1000.7
12/2/2023, 23:35:00,11220,160,11620,34.2,39.2,30.2,40,1000.7
12/2/2023, 23:36:00,11430,189,11670,34.9,39.1,30.2,40,1000.7
12/2/2023, 23:37:00,11340,239,11630,34.4,39,30.2,40,1000.7
12/2/2023, 23:38:00,11400,303,11610,33.8,39,30.2,40,1000.7
12/2/2023, 23:39:00,11420,326,11580,34.2,39.2,30.2,40,1000.7
12/2/2023, 23:40:00,11430,313,11600,34.9,39.3,30.2,40,1000.7
12/2/2023, 23:41:00,11440,337,11690,34.4,39.4,30.2,40,1000.7
12/2/2023, 23:42:00,11170,336,11710,34.6,39.4,30.2,40,1000.7
12/2/2023, 23:43:00,11370,269,11690,34.7,39.3,30.2,40,1000.7
12/2/2023, 23:44:00,11340,245,11660,34.4,38.9,30.2,40,1000.7
12/2/2023, 23:45:00,11470,220,11840,34.4,38.7,30.2,40,1000.7
12/2/2023, 23:46:00,11380,199,11720,33.6,38.5,30.2,40,1000.7
12/2/2023, 23:47:00,11370,211,11690,34,38.3,30.2,40,1000.7
12/2/2023, 23:48:00,11460,211,11780,33.5,38.1,30.2,40,1000.7
12/2/2023, 23:49:00,11290,306,11610,33.7,38,30.2,40,1000.7
12/2/2023, 23:50:00,11420,289,11650,33.4,38,30.2,40,1000.7
12/2/2023, 23:51:00,11360,324,11600,33.8,38.1,30.2,40,1000.7
12/2/2023, 23:52:00,11450,319,11670,33.7,38.1,30.2,40,1000.7
12/2/2023, 23:53:00,11380,280,11770,33.8,38.1,30.2,40,1000.7
12/2/2023, 23:54:00,11500,270,11680,34.2,38.2,30.2,40,1000.7
12/2/2023, 23:55:00,11420,223,11770,33.6,38.1,30.2,40,1000.7
12/2/2023, 23:56:00,11410,203,11660,33.5,37.9,30.2,40,1000.7
12/2/2023, 23:57:00,11430,219,11720,33.5,37.8,30.2,40,1000.7
12/2/2023, 23:58:00,11290,222,11630,33.5,37.7,30.2,40,1000.7
12/2/2023, 23:59:00,11400,292,11590,33.3,37.6,30.2,40,1000.7
13/2/2023, 00:00:00,11460,303,11690,32.7,37.6,29.6,41,1000.7
13/2/2024, 00:01:00,11450,254,11570,33.1,37.6,29.6,41,1000.7
13/2/2025, 00:02:00,11390,239,11730,32.4,37.6,29.6,41,1000.7
13/2/2026, 00:03:00,11420,251,11700,33.2,37.6,29.6,41,1000.7
13/2/2027, 00:04:00,11360,245,11750,33.6,37.7,29.6,41,1000.7
13/2/2028, 00:05:00,11450,236,11640,33.1,37.8,29.6,41,1000.7
13/2/2029, 00:06:00,11320,257,11630,33.3,37.9,29.6,41,1000.7
13/2/2030, 00:07:00,11410,254,11580,33.4,38.1,29.6,41,1000.7
13/2/2031, 00:08:00,11280,228,11650,33.9,38.3,29.6,41,1000.7
13/2/2032, 00:09:00,11250,215,11790,33.7,38.5,29.6,41,1000.7
13/2/2033, 00:10:00,11230,275,11670,34.6,38.8,29.6,41,1000.7
13/2/2034, 00:11:00,11290,275,11510,34,38.9,29.6,41,1000.7
13/2/2035, 00:12:00,11560,298,11610,34.5,38.9,29.6,41,1000.7
13/2/2036, 00:13:00,11370,249,11700,34.3,38.8,29.6,41,1000.7
13/2/2037, 00:14:00,11320,257,11630,34.1,38.6,29.6,41,1000.7
13/2/2038, 00:15:00,11410,309,11580,34.1,38.4,29.6,41,1000.7
13/2/2039, 00:16:00,11430,242,11820,33.4,38.2,29.6,41,1000.7
13/2/2040, 00:17:00,11430,168,11760,34.1,38.2,29.6,41,1000.7
13/2/2041, 00:18:00,11370,175,11870,33.8,38.3,29.6,41,1000.7
13/2/2042, 00:19:00,11420,310,11700,33.8,38.4,29.6,41,1000.7
13/2/2043, 00:20:00,11470,252,11580,33.7,38.5,29.6,41,1000.7
13/2/2044, 00:21:00,11460,253,11560,34.2,38.6,29.6,41,1000.7
13/2/2045, 00:22:00,11490,249,11640,33.8,38.7,29.6,41,1000.7
13/2/2046, 00:23:00,11570,280,11640,34.1,38.8,29.6,41,1000.7
13/2/2047, 00:24:00,11470,307,11710,34.1,38.9,29.6,41,1000.7
13/2/2048, 00:25:00,11520,273,11670,34.1,38.9,29.6,41,1000.7
13/2/2049, 00:26:00,11370,240,11740,34.2,38.9,29.6,41,1000.7
13/2/2050, 00:27:00,11380,259,11620,34.4,38.9,29.6,41,1000.7
13/2/2051, 00:28:00,11460,272,11700,34.7,38.6,29.6,41,1000.7
13/2/2052, 00:29:00,11260,290,11790,33.7,38.2,29.6,41,1000.7
13/2/2053, 00:30:00,11350,295,11790,33.3,37.8,29.6,41,1000.7
13/2/2054, 00:31:00,11390,307,11710,32.8,37.4,29.6,41,1000.7
13/2/2055, 00:32:00,11190,276,11700,32.8,37.3,29.6,41,1000.7
13/2/2056, 00:33:00,11420,276,11720,32.6,37.1,29.6,41,1000.7
13/2/2057, 00:34:00,11360,272,11730,32.4,37,29.6,41,1000.7
13/2/2058, 00:35:00,11370,237,11700,32.3,36.9,29.6,41,1000.7
13/2/2059, 00:36:00,11380,269,11560,32.6,36.9,29.6,41,1000.7
13/2/2060, 00:37:00,11460,297,11750,32.6,36.9,29.6,41,1000.7
13/2/2061, 00:38:00,11320,222,11670,32.4,36.8,29.6,41,1000.7
13/2/2062, 00:39:00,11350,210,11710,31.9,36.8,29.6,41,1000.7
13/2/2063, 00:40:00,11300,226,11720,32.3,36.8,29.6,41,1000.7
13/2/2064, 00:41:00,11510,306,11690,32.4,36.8,29.6,41,1000.7
13/2/2065, 00:42:00,11420,283,11630,32.6,36.8,29.6,41,1000.7
13/2/2066, 00:43:00,11320,237,11760,32.7,36.7,29.6,41,1000.7
13/2/2067, 00:44:00,11200,141,11560,32.1,36.7,29.6,41,1000.7
13/2/2068, 00:45:00,11070,145,11520,33.2,36.7,29.6,41,1000.7
13/2/2069, 00:46:00,11050,150,11410,32.3,36.9,29.6,41,1000.7
13/2/2070, 00:47:00,11100,156,11180,32.7,36.8,29.6,41,1000.7
13/2/2071, 00:48:00,11030,342,11110,32.4,36.6,29.6,41,1000.7
13/2/2072, 00:49:00,10990,356,11420,32.4,36.4,29.6,41,1000.7
13/2/2073, 00:50:00,10890,295,11300,32.1,36.1,29.6,41,1000.7
13/2/2074, 00:51:00,11150,223,11500,31.5,36,29.6,41,1000.7
13/2/2075, 00:52:00,11100,184,11440,31,35.9,29.6,41,1000.7
13/2/2076, 00:53:00,10970,185,11200,31.4,35.8,29.6,41,1000.7
13/2/2077, 00:54:00,11160,314,11150,31.6,35.7,29.6,41,1000.7
13/2/2078, 00:55:00,10980,334,11090,31.7,35.6,29.6,41,1000.7
13/2/2079, 00:56:00,11100,352,11410,31.6,35.6,29.6,41,1000.7
13/2/2080, 00:57:00,11220,357,11540,31.1,35.5,29.6,41,1000.7
13/2/2081, 00:58:00,11100,232,11420,31,35.5,29.6,41,1000.7
13/2/2082, 00:59:00,11030,200,11460,31.4,35.5,29.6,41,1000.7
13/2/2083, 01:00:00,11050,281,11380,31.2,35.4,28.3,45,1000.7
13/2/2084, 01:01:00,11110,308,11110,30.8,35.4,28.3,45,1000.7
13/2/2085, 01:02:00,11020,269,11160,30.7,35.3,28.3,45,1000.7
13/2/2086, 01:03:00,11060,322,11260,31.1,35.2,28.3,45,1000.7
13/2/2087, 01:04:00,10870,251,11480,31,35.1,28.3,45,1000.7
13/2/2088, 01:05:00,11200,227,11490,31,35.1,28.3,45,1000.7
13/2/2089, 01:06:00,11030,195,11350,30.9,35.1,28.3,45,1000.7
13/2/2090, 01:07:00,11010,206,11210,30.9,35.1,28.3,45,1000.7
13/2/2091, 01:08:00,11100,263,11260,30.6,35.2,28.3,45,1000.7
13/2/2092, 01:09:00,11190,264,11210,31.1,35.4,28.3,45,1000.7
13/2/2093, 01:10:00,11000,327,11380,31.5,35.5,28.3,45,1000.7
13/2/2094, 01:11:00,11080,254,11390,31.1,35.5,28.3,45,1000.7
13/2/2095, 01:12:00,11120,234,11340,30.7,35.4,28.3,45,1000.7
13/2/2096, 01:13:00,10980,186,11420,30.7,35.3,28.3,45,1000.7
13/2/2097, 01:14:00,11130,187,11270,30.8,35.5,28.3,45,1000.7
13/2/2098, 01:15:00,10940,241,11230,31.1,35.7,28.3,45,1000.7
13/2/2099, 01:16:00,11100,240,11320,31.9,35.8,28.3,45,1000.7
13/2/2100, 01:17:00,11070,269,11300,31.9,35.9,28.3,45,1000.7
13/2/2101, 01:18:00,10910,250,11250,31.4,36.3,28.3,45,1000.7
13/2/2102, 01:19:00,11040,261,11300,32.6,36.6,28.3,45,1000.7
13/2/2103, 01:20:00,10990,295,11380,32.2,36.9,28.3,45,1000.7
13/2/2104, 01:21:00,10980,210,11320,32.7,37,28.3,45,1000.7
13/2/2105, 01:22:00,11120,249,11260,32.6,36.9,28.3,45,1000.7
13/2/2106, 01:23:00,10990,283,11460,32.5,36.9,28.3,45,1000.7
13/2/2107, 01:24:00,11140,233,11290,32.7,37,28.3,45,1000.7
13/2/2108, 01:25:00,11180,302,11240,32.6,37.2,28.3,45,1000.7
13/2/2109, 01:26:00,11090,327,11360,32.9,37.4,28.3,45,1000.7
13/2/2110, 01:27:00,11120,298,11520,32.9,37.6,28.3,45,1000.7
13/2/2111, 01:28:00,11160,273,11360,33.1,37.7,28.3,45,1000.7
13/2/2112, 01:29:00,10980,274,11330,33.7,37.7,28.3,45,1000.7
13/2/2113, 01:30:00,11120,263,11290,32.9,37.8,28.3,45,1000.7
13/2/2114, 01:31:00,11060,244,11390,33.1,38.1,28.3,45,1000.7
13/2/2115, 01:32:00,10990,237,11340,34.2,38.3,28.3,45,1000.7
13/2/2116, 01:33:00,11210,227,11370,34.4,38.6,28.3,45,1000.7
13/2/2117, 01:34:00,11040,188,11400,34.1,38.9,28.3,45,1000.7
13/2/2118, 01:35:00,10990,220,11310,34.5,39.2,28.3,45,1000.7
13/2/2119, 01:36:00,10900,287,11440,35,39.4,28.3,45,1000.7
13/2/2120, 01:37:00,11070,253,11370,35.1,39.5,28.3,45,1000.7
13/2/2121, 01:38:00,11140,247,11280,35.8,39.6,28.3,45,1000.7
13/2/2122, 01:39:00,11210,250,11240,35.1,39.7,28.3,45,1000.7
13/2/2123, 01:40:00,11120,265,11400,35.6,39.7,28.3,45,1000.7
13/2/2124, 01:41:00,11420,408,11410,35.2,39.8,28.3,45,1000.7
13/2/2125, 01:42:00,11320,489,11510,35.1,39.7,28.3,45,1000.7
13/2/2126, 01:43:00,11340,429,11560,35.3,39.7,28.3,45,1000.7
13/2/2127, 01:44:00,11380,430,11670,35,39.7,28.3,45,1000.7
13/2/2128, 01:45:00,11260,316,11650,35.4,39.6,28.3,45,1000.7
13/2/2129, 01:46:00,11400,293,11630,35.4,39.4,28.3,45,1000.7
13/2/2130, 01:47:00,11320,257,11670,34.9,39.4,28.3,45,1000.7
13/2/2131, 01:48:00,11370,257,11690,34.9,39.4,28.3,45,1000.7
13/2/2132, 01:49:00,11260,259,11630,34.9,39.4,28.3,45,1000.7
13/2/2133, 01:50:00,11310,300,11510,34.5,39.4,28.3,45,1000.7
13/2/2134, 01:51:00,11310,286,11610,35.2,39.3,28.3,45,1000.7
13/2/2135, 01:52:00,11450,272,11640,34.7,39.3,28.3,45,1000.7
13/2/2136, 01:53:00,11440,306,11740,34.4,39.3,28.3,45,1000.7
13/2/2137, 01:54:00,11130,248,11730,34.8,39.3,28.3,45,1000.7
13/2/2138, 01:55:00,11390,210,11630,35.4,39.4,28.3,45,1000.7
13/2/2139, 01:56:00,11230,193,11640,35,39.3,28.3,45,1000.7
13/2/2140, 01:57:00,11410,235,11590,34.4,38.9,28.3,45,1000.7
13/2/2141, 01:58:00,11290,301,11710,34.2,38.4,28.3,45,1000.7
13/2/2142, 01:59:00,11290,333,11540,33.4,38.1,28.3,45,1000.7
13/2/2143, 02:00:00,11380,310,11890,33.3,37.9,27.4,49,1000.7
13/2/2144, 02:01:00,11280,253,11720,33.8,37.9,27.4,49,1000.7
13/2/2145, 02:02:00,11310,245,11600,33.5,37.9,27.4,49,1000.7
13/2/2146, 02:03:00,11460,266,11610,33.5,38,27.4,49,1000.7
13/2/2147, 02:04:00,11350,225,11660,33.9,38.1,27.4,49,1000.7
13/2/2148, 02:05:00,11230,280,11630,34,38.3,27.4,49,1000.7
13/2/2149, 02:06:00,11160,340,11570,34,38.5,27.4,49,1000.7
13/2/2150, 02:07:00,11250,301,11570,34.3,38.6,27.4,49,1000.7
13/2/2151, 02:08:00,11420,274,11680,34.4,38.8,27.4,49,1000.7
13/2/2152, 02:09:00,11450,252,11840,34.4,38.9,27.4,49,1000.7
13/2/2153, 02:10:00,11500,285,11760,35,39.1,27.4,49,1000.7
13/2/2154, 02:11:00,11240,219,11550,35,39.3,27.4,49,1000.7
13/2/2155, 02:12:00,11420,217,11650,35.1,39.4,27.4,49,1000.7
13/2/2156, 02:13:00,11180,234,11610,34.8,39.1,27.4,49,1000.7
13/2/2157, 02:14:00,11390,296,11600,34.7,38.8,27.4,49,1000.7
13/2/2158, 02:15:00,11440,313,11610,34.4,38.3,27.4,49,1000.7
13/2/2159, 02:16:00,11340,310,11590,33.4,37.9,27.4,49,1000.7
13/2/2160, 02:17:00,11290,272,11740,33.6,37.9,27.4,49,1000.7
13/2/2161, 02:18:00,11280,196,11540,33.6,37.9,27.4,49,1000.7
13/2/2162, 02:19:00,11410,280,11640,33.8,38.2,27.4,49,1000.7
13/2/2163, 02:20:00,11380,321,11650,34.1,38.5,27.4,49,1000.7
13/2/2164, 02:21:00,11200,259,11620,34.5,39,27.4,49,1000.7
13/2/2165, 02:22:00,11360,268,11690,34.6,39.4,27.4,49,1000.7
13/2/2166, 02:23:00,11330,240,11740,35.1,39.7,27.4,49,1000.7
13/2/2167, 02:24:00,11270,262,11690,35.3,40,27.4,49,1000.7
13/2/2168, 02:25:00,11270,239,11710,35.6,40.1,27.4,49,1000.7
13/2/2169, 02:26:00,11070,230,11720,35.3,40.4,27.4,49,1000.7
13/2/2170, 02:27:00,11380,266,11620,35.9,40.6,27.4,49,1000.7
13/2/2171, 02:28:00,11260,277,11760,36,40.8,27.4,49,1000.7
13/2/2172, 02:29:00,11200,237,11530,36.7,41,27.4,49,1000.7
13/2/2173, 02:30:00,11240,324,11600,36.8,41.1,27.4,49,1000.7
13/2/2174, 02:31:00,11400,261,11600,36.4,41.1,27.4,49,1000.7
13/2/2175, 02:32:00,11380,309,11570,36.8,41.1,27.4,49,1000.7
13/2/2176, 02:33:00,11390,306,11720,36.7,41.1,27.4,49,1000.7
13/2/2177, 02:34:00,11270,234,11710,36.5,41,27.4,49,1000.7
13/2/2178, 02:35:00,11380,271,11650,36.5,40.9,27.4,49,1000.7
13/2/2179, 02:36:00,11370,273,11570,36.6,40.9,27.4,49,1000.7
13/2/2180, 02:37:00,11470,364,11620,36.1,41.1,27.4,49,1000.7
13/2/2181, 02:38:00,11370,312,11620,37.4,41.2,27.4,49,1000.7
13/2/2182, 02:39:00,11360,273,11740,37.1,41.2,27.4,49,1000.7
13/2/2183, 02:40:00,11390,223,11710,36.5,41.2,27.4,49,1000.7
13/2/2184, 02:41:00,11300,250,11660,36.4,41.1,27.4,49,1000.7
13/2/2185, 02:42:00,11440,227,11670,35.9,40.9,27.4,49,1000.7
13/2/2186, 02:43:00,11240,271,11600,36.2,40.8,27.4,49,1000.7
13/2/2187, 02:44:00,11260,311,11760,36.4,40.7,27.4,49,1000.7
13/2/2188, 02:45:00,11450,271,11640,36.8,40.6,27.4,49,1000.7
13/2/2189, 02:46:00,11360,318,11590,36.2,40.6,27.4,49,1000.7
13/2/2190, 02:47:00,11260,217,11810,35.9,40.3,27.4,49,1000.7
13/2/2191, 02:48:00,11240,209,11690,35.8,40,27.4,49,1000.7
13/2/2192, 02:49:00,11410,240,11490,35.3,39.5,27.4,49,1000.7
13/2/2193, 02:50:00,11330,262,11640,34.5,39.2,27.4,49,1000.7
13/2/2194, 02:51:00,11340,316,11920,34.8,39.1,27.4,49,1000.7
13/2/2195, 02:52:00,11340,263,11620,34.6,39.2,27.4,49,1000.7
13/2/2196, 02:53:00,11360,250,11690,34.1,39.3,27.4,49,1000.7
13/2/2197, 02:54:00,11410,335,11570,34.8,39.5,27.4,49,1000.7
13/2/2198, 02:55:00,11250,251,11760,34.9,39.7,27.4,49,1000.7
13/2/2199, 02:56:00,11300,241,11610,35.3,39.9,27.4,49,1000.7
13/2/2200, 02:57:00,11320,258,11650,35.8,39.9,27.4,49,1000.7
13/2/2201, 02:58:00,11310,247,11630,35.7,40,27.4,49,1000.7
13/2/2202, 02:59:00,11420,283,11780,36.5,40.1,27.4,49,1000.7
13/2/2203, 03:00:00,11390,236,11670,36.2,40.2,27.6,51,1000.3
13/2/2204, 03:01:00,11450,258,11560,35.8,40.1,27.6,51,1000.3
13/2/2205, 03:02:00,11280,261,11580,35.1,39.8,27.6,51,1000.3
13/2/2206, 03:03:00,11080,316,11670,35,39.4,27.6,51,1000.3
13/2/2207, 03:04:00,11200,323,11640,35,39.1,27.6,51,1000.3
13/2/2208, 03:05:00,11280,323,11850,33.6,39,27.6,51,1000.3
13/2/2209, 03:06:00,11320,242,11580,34.4,39,27.6,51,1000.3
13/2/2210, 03:07:00,11340,202,11690,34.3,39.1,27.6,51,1000.3
13/2/2211, 03:08:00,11400,208,11610,35,39.1,27.6,51,1000.3
13/2/2212, 03:09:00,11400,262,11660,34.9,39.2,27.6,51,1000.3
13/2/2213, 03:10:00,11150,287,11630,34.9,39.3,27.6,51,1000.3
13/2/2214, 03:11:00,11240,280,11700,35.4,39.3,27.6,51,1000.3
13/2/2215, 03:12:00,11320,237,11620,35.4,39.4,27.6,51,1000.3
13/2/2216, 03:13:00,11350,206,11680,35.6,39.5,27.6,51,1000.3
13/2/2217, 03:14:00,11210,277,11620,34.9,39.5,27.6,51,1000.3
13/2/2218, 03:15:00,11350,303,11750,35.2,39.5,27.6,51,1000.3
13/2/2219, 03:16:00,11220,272,11710,35.1,39.5,27.6,51,1000.3
13/2/2220, 03:17:00,11310,288,11590,35,39.4,27.6,51,1000.3
13/2/2221, 03:18:00,11400,278,11580,35.3,39.4,27.6,51,1000.3
13/2/2222, 03:19:00,11300,179,11660,35.2,39.4,27.6,51,1000.3
13/2/2223, 03:20:00,11370,236,11480,35.1,39.4,27.6,51,1000.3
13/2/2224, 03:21:00,11320,285,11530,35.5,39.4,27.6,51,1000.3
13/2/2225, 03:22:00,11340,272,11590,35.3,39.6,27.6,51,1000.3
13/2/2226, 03:23:00,11360,257,11640,35.3,39.6,27.6,51,1000.3
13/2/2227, 03:24:00,11210,269,11510,35.6,39.6,27.6,51,1000.3
13/2/2228, 03:25:00,11430,291,11670,34.9,39.6,27.6,51,1000.3
13/2/2229, 03:26:00,11310,334,11700,35,39.5,27.6,51,1000.3
13/2/2230, 03:27:00,11230,277,11490,35.4,39.4,27.6,51,1000.3
13/2/2231, 03:28:00,11480,225,11660,34.9,39.4,27.6,51,1000.3
13/2/2232, 03:29:00,11360,232,11680,35.6,39.5,27.6,51,1000.3
13/2/2233, 03:30:00,11320,267,11500,35.3,39.6,27.6,51,1000.3
13/2/2234, 03:31:00,11410,234,11540,35.5,39.8,27.6,51,1000.3
13/2/2235, 03:32:00,11340,235,11690,35.6,39.9,27.6,51,1000.3
13/2/2236, 03:33:00,11250,254,11580,35.8,40,27.6,51,1000.3
13/2/2237, 03:34:00,11300,291,11500,35,40,27.6,51,1000.3
13/2/2238, 03:35:00,11070,280,11540,35.3,40,27.6,51,1000.3
13/2/2239, 03:36:00,11140,286,11690,35.3,40,27.6,51,1000.3
13/2/2240, 03:37:00,11250,270,11770,35.6,40,27.6,51,1000.3
13/2/2241, 03:38:00,11350,280,11710,35,40,27.6,51,1000.3
13/2/2242, 03:39:00,11310,306,11620,35.8,40.2,27.6,51,1000.3
13/2/2243, 03:40:00,11310,304,11780,35.5,40.4,27.6,51,1000.3
13/2/2244, 03:41:00,11410,257,11710,36.3,40.9,27.6,51,1000.3
13/2/2245, 03:42:00,11280,242,11630,36.5,41.1,27.6,51,1000.3
13/2/2246, 03:43:00,11400,274,11640,36.5,41.2,27.6,51,1000.3
13/2/2247, 03:44:00,11390,225,11560,36.5,41.3,27.6,51,1000.3
13/2/2248, 03:45:00,11480,296,11510,36.9,41.3,27.6,51,1000.3
13/2/2249, 03:46:00,11420,306,11720,36.5,41.2,27.6,51,1000.3
13/2/2250, 03:47:00,11420,260,11720,36.7,41,27.6,51,1000.3
13/2/2251, 03:48:00,11320,263,11780,36.7,41,27.6,51,1000.3
13/2/2252, 03:49:00,11230,308,11490,36.4,41,27.6,51,1000.3
13/2/2253, 03:50:00,11370,271,11750,36.4,41,27.6,51,1000.3
13/2/2254, 03:51:00,11300,312,11700,36.7,41.1,27.6,51,1000.3
13/2/2255, 03:52:00,11250,264,11800,36.4,41.1,27.6,51,1000.3
13/2/2256, 03:53:00,11340,266,11660,37.1,41.1,27.6,51,1000.3
13/2/2257, 03:54:00,11450,244,11630,36.4,41,27.6,51,1000.3
13/2/2258, 03:55:00,11450,227,11630,36.2,40.8,27.6,51,1000.3
13/2/2259, 03:56:00,11270,224,11770,35.4,40.6,27.6,51,1000.3
13/2/2260, 03:57:00,11340,258,11680,35.5,40.4,27.6,51,1000.3
13/2/2261, 03:58:00,11380,287,11740,36.3,40.4,27.6,51,1000.3
13/2/2262, 03:59:00,11380,238,11660,35.6,40.4,27.6,51,1000.3
13/2/2263, 04:00:00,11260,256,11780,35.8,40.5,28,50,1000.3
13/2/2264, 04:01:00,11400,315,11740,36.4,40.9,28,50,1000.3
13/2/2265, 04:02:00,11320,293,11780,36.7,41.1,28,50,1000.3
13/2/2266, 04:03:00,11340,275,11780,37,41.4,28,50,1000.3
13/2/2267, 04:04:00,11280,261,11520,36.7,41.4,28,50,1000.3
13/2/2268, 04:05:00,11320,230,11530,37.1,41.5,28,50,1000.3
13/2/2269, 04:06:00,11430,225,11790,36.9,41.6,28,50,1000.3
13/2/2270, 04:07:00,11260,323,11620,37.3,41.5,28,50,1000.3
13/2/2271, 04:08:00,11410,262,11690,36.7,41.3,28,50,1000.3
13/2/2272, 04:09:00,11290,252,11590,36.6,41.2,28,50,1000.3
13/2/2273, 04:10:00,11390,279,11570,36.7,41.4,28,50,1000.3
13/2/2274, 04:11:00,11340,265,11480,36.8,41.4,28,50,1000.3
13/2/2275, 04:12:00,11250,318,11530,36.7,41.4,28,50,1000.3
13/2/2276, 04:13:00,11440,305,11680,36.7,41.4,28,50,1000.3
13/2/2277, 04:14:00,11170,276,11690,37.1,41.5,28,50,1000.3
13/2/2278, 04:15:00,11310,271,11730,37.4,41.6,28,50,1000.3
13/2/2279, 04:16:00,11500,270,11810,36.8,41.8,28,50,1000.3
13/2/2280, 04:17:00,11240,306,11610,37.4,41.8,28,50,1000.3
13/2/2281, 04:18:00,11320,260,11730,37.2,41.8,28,50,1000.3
13/2/2282, 04:19:00,11290,244,11610,37.3,41.8,28,50,1000.3
13/2/2283, 04:20:00,11280,281,11700,37.4,41.7,28,50,1000.3
13/2/2284, 04:21:00,11570,277,11690,37.1,41.8,28,50,1000.3
13/2/2285, 04:22:00,11320,282,11620,37.2,41.8,28,50,1000.3
13/2/2286, 04:23:00,11360,266,11690,37.1,41.8,28,50,1000.3
13/2/2287, 04:24:00,11330,313,11640,36.9,41.7,28,50,1000.3
13/2/2288, 04:25:00,11180,294,11670,37.1,41.7,28,50,1000.3
13/2/2289, 04:26:00,11290,234,11660,37.3,41.7,28,50,1000.3
13/2/2290, 04:27:00,11240,249,11720,36.7,41.6,28,50,1000.3
13/2/2291, 04:28:00,11350,244,11600,37.3,41.8,28,50,1000.3
13/2/2292, 04:29:00,11310,263,11720,37.1,41.9,28,50,1000.3
13/2/2293, 04:30:00,11300,290,11700,37,42,28,50,1000.3
13/2/2294, 04:31:00,11290,285,11530,37.3,41.9,28,50,1000.3
13/2/2295, 04:32:00,11200,283,11670,37,41.9,28,50,1000.3
13/2/2296, 04:33:00,11170,301,11640,37.3,41.9,28,50,1000.3
13/2/2297, 04:34:00,11260,253,11780,36.7,41.9,28,50,1000.3
13/2/2298, 04:35:00,11270,296,11840,37.4,41.9,28,50,1000.3
13/2/2299, 04:36:00,11290,250,11620,37.4,42.1,28,50,1000.3
13/2/2300, 04:37:00,11470,297,11670,37.8,42.2,28,50,1000.3
13/2/2301, 04:38:00,11340,269,11700,37.4,42.5,28,50,1000.3
13/2/2302, 04:39:00,11230,281,11660,38.2,42.8,28,50,1000.3
13/2/2303, 04:40:00,11410,257,11590,38.2,43.1,28,50,1000.3
13/2/2304, 04:41:00,11410,262,11680,38.5,43.1,28,50,1000.3
13/2/2305, 04:42:00,11360,308,11680,38.9,43.1,28,50,1000.3
13/2/2306, 04:43:00,11330,343,11690,38.2,42.8,28,50,1000.3
13/2/2307, 04:44:00,11510,235,11540,37.8,42.1,28,50,1000.3
13/2/2308, 04:45:00,11130,274,11680,37.4,41.5,28,50,1000.3
13/2/2309, 04:46:00,11210,276,11660,36.1,41,28,50,1000.3
13/2/2310, 04:47:00,11390,275,11600,36,40.7,28,50,1000.3
13/2/2311, 04:48:00,11280,294,11490,35.6,40.4,28,50,1000.3
13/2/2312, 04:49:00,11330,248,11610,36.4,40.5,28,50,1000.3
13/2/2313, 04:50:00,11260,235,11630,36.2,40.6,28,50,1000.3
13/2/2314, 04:51:00,11340,263,11690,36.1,40.7,28,50,1000.3
13/2/2315, 04:52:00,11280,236,11660,36.4,40.9,28,50,1000.3
13/2/2316, 04:53:00,11380,239,11670,36.3,41.3,28,50,1000.3
13/2/2317, 04:54:00,11180,337,11660,37.4,41.7,28,50,1000.3
13/2/2318, 04:55:00,11330,298,11780,37.3,42,28,50,1000.3
13/2/2319, 04:56:00,11290,263,11450,37.9,42.1,28,50,1000.3
13/2/2320, 04:57:00,11220,259,11650,37.8,42.1,28,50,1000.3
13/2/2321, 04:58:00,11240,268,11630,37.6,42.1,28,50,1000.3
13/2/2322, 04:59:00,11300,304,11680,37.8,42,28,50,1000.3
13/2/2323, 05:00:00,11310,289,11590,37.4,41.7,27.5,51,1001.0
