indice;Date;Time;FQI161;PIR161;FQI-65;FQI169;FQI177;FQI173;FQI151
1;10/16/2022;10/16/2022 5:00;13161,94;11,55;6310,93;5050,20;103,23;98,33;1599,25
2;10/16/2022;10/16/2022 5:01;13252,69;11,62;6336,33;5066,00;103,15;103,29;1643,92
3;10/16/2022;10/16/2022 5:03;13152,29;11,64;6316,55;5059,43;94,88;188,56;1492,88
4;10/16/2022;10/16/2022 5:04;11540,53;11,81;4438,06;5032,70;293,00;133,14;1643,63
5;10/16/2022;10/16/2022 5:06;12769,40;11,63;6271,93;4999,63;25,50;83,60;1388,75
6;10/16/2022;10/16/2022 5:07;13021,13;11,58;6286,92;5030,22;87,57;96,00;1520,42
7;10/16/2022;10/16/2022 5:09;10909,41;11,93;4528,88;3982,89;228,67;197,78;1971,20
8;10/16/2022;10/16/2022 5:10;8794,88;12,23;2808,15;3613,56;162,00;226,62;1984,54
9;10/16/2022;10/16/2022 5:12;8106,00;12,42;2327,21;3623,67;170,25;186,67;1798,20
10;10/16/2022;10/16/2022 5:13;5149,88;12,93;1322,36;1358,67;247,76;159,00;2062,09
11;10/16/2022;10/16/2022 5:15;4323,00;13,35;1029,67;855,87;207,69;142,80;2086,97
12;10/16/2022;10/16/2022 5:16;4749,27;13,67;1620,40;815,22;235,53;255,89;1822,22
13;10/16/2022;10/16/2022 5:18;5356,67;13,67;2813,62;776,63;89,60;143,00;1533,83
14;10/16/2022;10/16/2022 5:19;5512,07;13,70;2835,38;723,33;122,12;112,38;1718,86
15;10/16/2022;10/16/2022 5:21;4708,50;13,83;1842,86;836,00;163,59;112,75;1753,30
16;10/16/2022;10/16/2022 5:22;4392,94;14,19;1038,71;916,40;199,27;241,75;1996,81
17;10/16/2022;10/16/2022 5:24;3706,56;14,54;700,86;891,57;209,62;160,89;1743,62
18;10/16/2022;10/16/2022 5:25;3327,93;14,83;155,00;865,50;177,00;132,50;1997,93
19;10/16/2022;10/16/2022 5:27;4210,80;15,06;1052,38;877,13;178,56;127,22;1975,52
20;10/16/2022;10/16/2022 5:28;3541,28;15,08;1239,00;750,22;113,50;125,56;1313,00
21;10/16/2022;10/16/2022 5:30;5372,65;14,87;2579,77;796,44;172,80;164,11;1659,52
22;10/16/2022;10/16/2022 5:31;5582,73;15,08;2632,27;850,67;140,89;168,00;1790,91
23;10/16/2022;10/16/2022 5:33;5048,88;15,00;2604,73;1001,00;64,31;98,00;1280,85
24;10/16/2022;10/16/2022 5:34;5265,58;14,91;2567,33;870,22;94,83;135,44;1597,75
25;10/16/2022;10/16/2022 5:36;6853,44;14,42;2441,35;3458,56;0,00;99,44;854,09
26;10/16/2022;10/16/2022 5:37;7003,00;14,56;2420,35;2130,00;208,00;144,50;2100,15
27;10/16/2022;10/16/2022 5:39;4159,11;14,97;1045,61;856,22;193,24;122,11;1941,93
28;10/16/2022;10/16/2022 5:40;4489,06;15,30;1077,67;901,88;263,53;159,11;2086,88
29;10/16/2022;10/16/2022 5:42;4188,12;15,22;1863,60;754,89;153,40;148,00;1268,23
30;10/16/2022;10/16/2022 5:43;4504,00;14,83;2533,60;742,00;92,00;62,00;1074,40
31;10/16/2022;10/16/2022 5:45;4766,76;14,83;1367,31;1586,33;130,67;89,88;1592,58
32;10/16/2022;10/16/2022 5:46;5776,63;14,52;1968,31;2524,78;79,43;83,50;1120,61
33;10/16/2022;10/16/2022 5:48;5092,13;14,43;2566,75;796,00;94,21;133,56;1501,61
34;10/16/2022;10/16/2022 5:49;4755,88;14,48;1844,81;844,25;153,39;176,22;1737,20
35;10/16/2022;10/16/2022 5:51;3812,06;14,65;1626,50;222,20;159,00;96,71;1707,64
36;10/16/2022;10/16/2022 5:52;5037,94;14,56;2382,12;720,43;93,93;72,43;1769,03
37;10/16/2022;10/16/2022 5:54;7722,89;14,17;5761,77;662,11;0,00;47,67;1251,34
38;10/16/2022;10/16/2022 5:55;8048,21;13,61;6174,56;638,67;0,00;74,22;1160,77
39;10/16/2022;10/16/2022 5:57;8962,47;12,79;6287,06;2323,11;46,09;0,00;306,21
40;10/16/2022;10/16/2022 5:58;9791,63;12,29;6314,69;2447,22;92,18;45,00;892,54
41;10/16/2022;10/16/2022 6:00;10129,94;12,07;6326,37;2383,78;138,27;91,00;1190,52
42;10/16/2022;10/16/2022 6:01;7649,00;12,39;4537,76;791,88;184,36;162,22;1972,78
43;10/16/2022;10/16/2022 6:03;8814,00;12,22;6337,07;750,25;140,80;119,88;1466,00
44;10/16/2022;10/16/2022 6:04;8935,25;12,19;6355,27;771,22;138,06;91,38;1579,32
45;10/16/2022;10/16/2022 6:06;8970,69;12,19;6351,92;770,14;103,69;117,38;1627,57
46;10/16/2022;10/16/2022 6:07;10127,11;12,01;6315,47;2287,10;12,67;84,71;1427,16
47;10/16/2022;10/16/2022 6:09;9250,29;12,15;5433,00;1430,38;202,44;188,78;1995,70
48;10/16/2022;10/16/2022 6:10;7303,17;12,53;3477,40;1320,11;159,06;125,50;2221,10
49;10/16/2022;10/16/2022 6:12;7554,36;12,62;2801,15;2728,44;130,69;128,43;1765,64
50;10/16/2022;10/16/2022 6:13;6284,69;12,88;1628,13;2327,33;290,22;127,25;1911,76
51;10/16/2022;10/16/2022 6:15;4962,53;13,29;1051,40;1398,00;281,00;222,00;2010,13
52;10/16/2022;10/16/2022 6:16;4973,94;13,77;752,78;1634,78;209,59;140,50;2236,30
53;10/16/2022;10/16/2022 6:18;6301,60;13,95;872,50;3668,89;120,47;114,29;1525,46
54;10/16/2022;10/16/2022 6:19;7056,79;13,90;947,29;4081,33;186,59;94,43;1747,14
55;10/16/2022;10/16/2022 6:21;7953,63;13,45;2054,07;4971,33;129,00;51,71;747,51
56;10/16/2022;10/16/2022 6:22;8416,67;12,82;2524,79;5008,56;0,00;138,83;744,49
57;10/16/2022;10/16/2022 6:24;8986,50;12,56;2590,43;4986,30;0,00;64,88;1344,90
58;10/16/2022;10/16/2022 6:25;9095,87;12,41;2524,44;5009,44;0,00;108,89;1453,10
59;10/16/2022;10/16/2022 6:27;10814,65;12,08;4519,59;4949,56;51,00;40,67;1253,84
60;10/16/2022;10/16/2022 6:28;12671,67;11,67;6250,25;5014,78;120,17;104,78;1181,70
61;10/16/2022;10/16/2022 6:30;10512,76;11,96;3175,00;5131,33;255,31;149,67;1801,45
62;10/16/2022;10/16/2022 6:31;8378,24;12,26;1002,94;5070,33;139,73;141,56;2023,67
63;10/16/2022;10/16/2022 6:33;8554,60;12,24;2408,62;4336,78;113,23;85,89;1610,09
64;10/16/2022;10/16/2022 6:34;8112,00;12,33;2563,54;3577,22;122,46;150,75;1698,03
65;10/16/2022;10/16/2022 6:36;8136,14;12,37;2579,71;3557,22;243,35;121,50;1634,35
66;10/16/2022;10/16/2022 6:37;8919,11;12,20;3895,88;3546,00;129,50;83,25;1264,49
67;10/16/2022;10/16/2022 6:39;11357,11;11,77;5919,44;3524,33;24,25;52,00;1837,08
68;10/16/2022;10/16/2022 6:40;11799,07;11,64;6280,50;3531,50;48,50;126,44;1812,12
69;10/16/2022;10/16/2022 6:42;11803,94;11,63;6303,81;3493,22;111,20;150,67;1745,04
70;10/16/2022;10/16/2022 6:43;11837,31;11,63;6302,00;3219,70;267,00;113,14;1935,47
71;10/16/2022;10/16/2022 6:45;10383,61;11,84;4531,61;3631,11;335,33;142,43;1743,13
72;10/16/2022;10/16/2022 6:46;11247,00;11,74;6297,47;3300,78;153,73;108,13;1386,90
73;10/16/2022;10/16/2022 6:48;9746,00;12,00;6387,00;804,22;169,14;174,88;2210,76
74;10/16/2022;10/16/2022 6:49;9203,43;12,15;6376,00;430,25;143,67;128,33;2125,18
75;10/16/2022;10/16/2022 6:51;8326,50;12,32;5096,25;743,17;265,69;128,67;2092,73
76;10/16/2022;10/16/2022 6:52;7012,27;12,59;3548,50;827,56;220,06;150,71;2265,44
77;10/16/2022;10/16/2022 6:54;7147,56;12,68;2768,00;1901,25;88,58;111,44;2278,28
78;10/16/2022;10/16/2022 6:55;7114,29;12,75;2074,20;2514,10;127,21;143,11;2255,67
79;10/16/2022;10/16/2022 6:57;6678,00;12,86;1618,00;2844,22;111,76;116,63;1987,39
80;10/16/2022;10/16/2022 6:58;6097,73;13,03;936,64;2869,78;364,81;137,25;1789,26
81;10/16/2022;10/16/2022 7:00;4316,93;13,74;6,50;916,75;347,11;209,86;2836,71
82;10/16/2022;10/16/2022 7:01;5061,83;14,20;891,17;1243,00;210,00;191,30;2526,37
83;10/16/2022;10/16/2022 7:03;6092,58;14,32;993,63;2706,00;166,29;143,63;2083,04
84;10/16/2022;10/16/2022 7:04;6394,47;14,49;1214,19;2645,10;171,06;112,22;2251,89
85;10/16/2022;10/16/2022 7:06;5870,07;14,66;2561,42;857,00;310,75;142,67;1998,23
86;10/16/2022;10/16/2022 7:07;6052,64;14,68;2578,09;1467,29;143,18;138,11;1725,98
87;10/16/2022;10/16/2022 7:09;8295,53;14,03;2481,29;4970,89;24,50;67,29;751,56
88;10/16/2022;10/16/2022 7:10;8484,24;13,49;2284,11;5005,33;49,00;48,70;1097,09
89;10/16/2022;10/16/2022 7:12;10516,24;12,46;5233,19;4885,44;0,00;97,41;300,20
90;10/16/2022;10/16/2022 7:13;9335,50;12,41;2229,27;5154,78;258,00;146,11;1547,34
91;10/16/2022;10/16/2022 7:15;8675,73;12,40;1365,62;5005,56;83,09;138,33;2083,14
92;10/16/2022;10/16/2022 7:16;9333,13;12,20;2481,27;4969,33;24,60;68,22;1789,71
93;10/16/2022;10/16/2022 7:18;9453,91;12,12;2562,36;5018,00;87,64;88,33;1697,58
94;10/16/2022;10/16/2022 7:19;9542,43;12,09;2466,62;5037,00;122,26;120,70;1795,85
95;10/16/2022;10/16/2022 7:21;11522,11;11,80;4726,12;4955,88;105,12;100,63;1634,37
96;10/16/2022;10/16/2022 7:22;12950,94;11,56;6256,18;5018,33;74,08;93,00;1509,36
97;10/16/2022;10/16/2022 7:24;13156,27;11,51;6279,00;5031,50;113,53;94,00;1638,23
98;10/16/2022;10/16/2022 7:25;13469,40;11,46;6288,07;5030,18;134,53;111,70;1904,93
99;10/16/2022;10/16/2022 7:27;13075,12;11,58;6349,89;3848,33;276,11;156,67;2444,12
100;10/16/2022;10/16/2022 7:28;13158,64;11,55;6327,29;4234,11;260,43;138,00;2198,82
101;10/16/2022;10/16/2022 7:30;13560,59;11,47;6260,73;4932,25;170,63;87,33;2109,65
102;10/16/2022;10/16/2022 7:31;11168,28;11,79;4318,25;3662,80;284,33;137,11;2765,78
103;10/16/2022;10/16/2022 7:33;12171,65;11,66;6269,00;3543,89;163,76;110,11;2084,88
104;10/16/2022;10/16/2022 7:34;12349,27;11,63;6292,67;3537,87;163,53;158,00;2197,20
105;10/16/2022;10/16/2022 7:36;9996,78;12,00;5251,75;1652,20;296,33;153,44;2643,05
106;10/16/2022;10/16/2022 7:37;7033,88;12,56;3141,83;639,00;233,81;149,11;2870,13
107;10/16/2022;10/16/2022 7:39;5761,06;12,94;2844,57;0,00;241,67;169,75;2505,07
108;10/16/2022;10/16/2022 7:40;5375,50;13,27;2835,15;70,00;237,12;206,30;2026,93
109;10/16/2022;10/16/2022 7:42;5285,00;13,51;2832,71;140,00;304,94;123,14;1884,21
110;10/16/2022;10/16/2022 7:43;5076,06;13,83;1708,24;827,33;259,50;138,33;2142,65
111;10/16/2022;10/16/2022 7:45;5286,78;14,22;1035,06;1524,78;258,93;157,14;2310,87
112;10/16/2022;10/16/2022 7:46;5924,47;14,41;1018,43;2554,78;176,53;196,00;1978,74
113;10/16/2022;10/16/2022 7:48;5974,56;14,54;1014,00;2776,33;149,50;136,63;1898,10
114;10/16/2022;10/16/2022 7:49;6053,88;14,74;966,69;2745,10;310,33;97,11;1934,65
115;10/16/2022;10/16/2022 7:51;5598,19;14,75;1027,50;2600,29;132,21;89,63;1748,56
116;10/16/2022;10/16/2022 7:52;4004,33;14,91;1013,60;834,00;175,43;204,00;1777,30
117;10/16/2022;10/16/2022 7:54;4993,81;14,70;1425,62;1828,11;89,23;130,22;1520,62
118;10/16/2022;10/16/2022 7:55;6287,18;14,29;1978,13;2778,00;147,67;89,80;1293,58
119;10/16/2022;10/16/2022 7:57;6354,17;14,10;2835,76;1901,22;242,00;45,63;1329,55
120;10/16/2022;10/16/2022 7:58;6965,65;13,86;1010,07;4501,22;78,88;98,60;1276,88
121;10/16/2022;10/16/2022 8:00;3927,28;14,08;797,73;986,67;256,05;219,78;1667,05
122;10/16/2022;10/16/2022 8:01;3801,29;14,24;758,00;1752,00;147,83;91,33;1052,13
123;10/16/2022;10/16/2022 8:03;5273,06;14,25;945,31;2094,33;266,06;101,56;1865,79
124;10/16/2022;10/16/2022 8:04;6978,14;13,83;987,87;4924,78;46,43;0,00;1019,07
125;10/16/2022;10/16/2022 8:06;8235,28;13,21;2436,20;4982,00;32,05;80,12;704,91
126;10/16/2022;10/16/2022 8:07;8462,84;12,67;2545,27;4827,78;64,10;73,22;952,48
127;10/16/2022;10/16/2022 8:09;8841,08;12,32;2496,00;4651,18;96,14;57,00;1540,75
128;10/16/2022;10/16/2022 8:10;9182,56;12,13;2477,93;5022,78;214,40;71,86;1395,59
129;10/16/2022;10/16/2022 8:12;10380,77;11,87;3708,53;4970,00;150,14;89,13;1462,97
130;10/16/2022;10/16/2022 8:13;12789,29;11,58;6218,20;5010,11;96,56;125,11;1339,32
131;10/16/2022;10/16/2022 8:15;13162,00;11,59;6285,75;5025,63;91,00;96,00;1663,62
132;10/16/2022;10/16/2022 8:16;13236,56;11,58;6305,27;5037,78;102,37;100,43;1690,71
133;10/16/2022;10/16/2022 8:18;13341,67;11,55;6300,50;5032,75;199,16;120,57;1688,69
134;10/16/2022;10/16/2022 8:19;13272,13;11,57;6321,80;4817,22;119,78;167,11;1846,22
135;10/16/2022;10/16/2022 8:21;12760,88;11,65;6341,69;4042,67;142,06;91,67;2142,80
136;10/16/2022;10/16/2022 8:22;13252,06;11,56;6305,18;4999,87;132,27;95,11;1719,62
137;10/16/2022;10/16/2022 8:24;12722,69;11,65;6339,50;4138,22;203,59;152,67;1888,71
138;10/16/2022;10/16/2022 8:25;11530,19;11,82;5430,43;3681,30;257,63;155,11;2005,72
139;10/16/2022;10/16/2022 8:27;11145,06;11,90;5400,67;3496,56;114,83;130,22;2002,78
140;10/16/2022;10/16/2022 8:28;8619,76;12,33;4753,46;1167,43;245,05;158,20;2295,62
141;10/16/2022;10/16/2022 8:30;6818,13;12,87;3088,44;876,22;241,13;173,88;2438,46
142;10/16/2022;10/16/2022 8:31;6424,07;13,21;2823,55;1060,33;262,94;142,80;2134,44
143;10/16/2022;10/16/2022 8:33;6587,82;13,39;2577,76;1822,56;238,59;217,38;1731,54
144;10/16/2022;10/16/2022 8:34;5684,88;13,81;2307,18;835,44;238,89;137,44;2165,92
145;10/16/2022;10/16/2022 8:36;5261,47;14,12;1880,77;864,89;198,94;146,12;2170,74
146;10/16/2022;10/16/2022 8:37;4516,69;14,54;1060,63;887,50;220,88;169,33;2178,35
147;10/16/2022;10/16/2022 8:39;4468,38;15,02;875,27;815,80;384,65;216,13;2176,54
148;10/16/2022;10/16/2022 8:40;2131,44;15,36;461,00;6,50;191,76;147,56;1324,63
149;10/16/2022;10/16/2022 8:42;2849,85;14,98;922,00;765,67;20,00;46,14;1096,04
150;10/16/2022;10/16/2022 8:43;3746,54;15,03;999,57;832,78;116,08;133,44;1664,67
151;10/16/2022;10/16/2022 8:45;4925,06;14,80;2131,47;1389,22;82,78;49,80;1271,79
152;10/16/2022;10/16/2022 8:46;6256,83;14,31;2542,41;2528,78;98,09;105,00;982,55
153;10/16/2022;10/16/2022 8:48;6741,80;14,14;2546,06;2669,56;45,50;44,78;1435,90
154;10/16/2022;10/16/2022 8:49;5305,61;14,19;2447,07;962,89;135,00;105,00;1655,66
155;10/16/2022;10/16/2022 8:51;6548,44;13,89;4417,35;657,13;103,60;59,33;1311,03
156;10/16/2022;10/16/2022 8:52;8028,11;13,14;5163,39;2364,56;172,33;44,00;283,83
157;10/16/2022;10/16/2022 8:54;5832,44;13,25;971,21;2821,00;156,94;118,33;1764,95
158;10/16/2022;10/16/2022 8:55;5169,29;13,37;1394,39;1883,50;138,71;110,22;1642,48
159;10/16/2022;10/16/2022 8:57;7224,40;13,08;2447,71;3690,44;0,00;12,00;1074,24
160;10/16/2022;10/16/2022 8:58;7914,75;12,66;3275,93;3560,13;8,50;73,67;996,52
161;10/16/2022;10/16/2022 9:00;10803,83;11,99;6252,20;3805,22;48,25;73,43;624,73
162;10/16/2022;10/16/2022 9:01;12379,41;11,58;6234,65;4979,60;44,44;146,86;973,87
163;10/16/2022;10/16/2022 9:03;13209,20;11,58;6277,00;5035,44;88,88;141,25;1666,63
164;10/16/2022;10/16/2022 9:04;13115,57;11,59;6298,62;5036,00;93,50;100,00;1587,46
165;10/16/2022;10/16/2022 9:06;13169,38;11,56;6292,22;5028,43;172,29;121,13;1555,31
166;10/16/2022;10/16/2022 9:07;12728,06;11,63;5786,00;5055,67;163,69;97,30;1625,40
167;10/16/2022;10/16/2022 9:09;13108,07;11,57;6315,14;4632,89;80,22;168,71;1911,10
168;10/16/2022;10/16/2022 9:10;13111,69;11,56;6299,67;5031,78;92,53;126,44;1561,26
169;10/16/2022;10/16/2022 9:12;13134,43;11,56;6297,70;5033,22;186,67;98,33;1518,51
170;10/16/2022;10/16/2022 9:13;13175,69;11,53;6292,92;5024,33;218,93;111,50;1528,00
171;10/16/2022;10/16/2022 9:15;13160,47;11,53;6293,93;5030,78;91,56;181,00;1563,20
172;10/16/2022;10/16/2022 9:16;12032,25;11,72;4799,81;5095,38;152,25;118,44;1866,37
173;10/16/2022;10/16/2022 9:18;10186,33;12,01;2839,23;5116,89;189,13;131,89;1909,19
174;10/16/2022;10/16/2022 9:19;9324,39;12,23;1923,29;5052,56;189,53;107,00;2052,01
175;10/16/2022;10/16/2022 9:21;8486,20;12,47;997,93;5066,00;257,76;224,00;1940,50
176;10/16/2022;10/16/2022 9:22;6747,11;12,89;809,67;3826,67;228,38;152,00;1730,40
177;10/16/2022;10/16/2022 9:24;7023,71;13,12;861,25;4455,78;88,69;92,00;1525,99
178;10/16/2022;10/16/2022 9:25;7726,38;13,12;947,00;4992,20;108,88;93,88;1584,43
179;10/16/2022;10/16/2022 9:27;5841,94;13,46;1017,50;2162,90;387,13;227,56;2046,85
180;10/16/2022;10/16/2022 9:28;5000,07;13,82;2051,00;817,29;201,29;143,71;1786,77
181;10/16/2022;10/16/2022 9:30;5097,67;13,81;2580,25;774,33;146,87;88,38;1507,84
182;10/16/2022;10/16/2022 9:31;4832,40;13,74;2608,64;539,00;111,69;82,13;1490,95
183;10/16/2022;10/16/2022 9:33;4539,64;13,88;2540,73;286,36;133,44;138,25;1440,85
184;10/16/2022;10/16/2022 9:34;5655,79;13,70;3474,89;572,71;203,67;165,13;1239,39
185;10/16/2022;10/16/2022 9:36;7246,47;13,17;5702,13;612,78;51,40;19,00;861,16
186;10/16/2022;10/16/2022 9:37;8932,94;12,50;6273,39;1943,67;102,80;65,78;547,31
187;10/16/2022;10/16/2022 9:39;9801,47;12,03;6279,06;2447,56;154,20;68,14;852,52
188;10/16/2022;10/16/2022 9:40;10004,22;11,87;6308,94;2051,00;205,60;175,00;1263,68
189;10/16/2022;10/16/2022 9:42;9635,94;11,93;6355,77;1360,56;214,50;85,56;1619,56
190;10/16/2022;10/16/2022 9:43;9110,13;12,05;6371,33;769,33;174,38;99,63;1695,46
191;10/16/2022;10/16/2022 9:45;9981,82;11,89;6291,56;2141,44;94,53;85,38;1368,91
192;10/16/2022;10/16/2022 9:46;10592,93;11,75;6276,57;2717,00;112,07;139,75;1347,54
193;10/16/2022;10/16/2022 9:48;10551,81;11,75;6323,11;2251,33;272,81;130,44;1574,11
194;10/16/2022;10/16/2022 9:49;10884,11;11,72;6267,69;2828,22;180,31;54,43;1553,46
195;10/16/2022;10/16/2022 9:51;8119,13;12,14;4535,18;1215,56;311,21;134,56;1922,62
196;10/16/2022;10/16/2022 9:52;8968,21;12,11;6324,42;761,14;163,69;130,25;1588,72
197;10/16/2022;10/16/2022 9:54;9418,24;12,06;5298,53;2241,89;127,71;155,11;1595,00
198;10/16/2022;10/16/2022 9:55;8494,63;12,20;4505,31;1972,30;295,11;113,00;1608,91
199;10/16/2022;10/16/2022 9:57;8962,94;12,20;2235,94;4899,44;217,67;76,00;1533,90
200;10/16/2022;10/16/2022 9:58;8955,35;12,21;2560,44;4609,22;124,17;116,33;1545,19
201;10/16/2022;10/16/2022 10:00;8630,88;12,27;2187,27;4488,67;102,07;167,11;1685,77
202;10/16/2022;10/16/2022 10:01;9320,92;12,17;2759,20;4999,33;67,62;75,56;1419,21
203;10/16/2022;10/16/2022 10:03;9356,44;12,12;2568,14;5048,33;231,72;93,00;1415,25
204;10/16/2022;10/16/2022 10:04;9105,14;12,16;2323,47;5033,75;88,42;114,67;1544,84
205;10/16/2022;10/16/2022 10:06;10800,69;11,87;4502,06;4971,89;23,00;121,78;1181,96
206;10/16/2022;10/16/2022 10:07;9008,94;12,18;1224,87;5117,78;198,44;145,89;2321,97
207;10/16/2022;10/16/2022 10:09;5380,94;12,91;906,67;1248,00;330,00;187,11;2709,16
208;10/16/2022;10/16/2022 10:10;4472,50;13,52;6,00;887,88;413,56;197,13;2967,94
209;10/16/2022;10/16/2022 10:12;7398,40;13,48;883,06;4209,20;75,25;125,89;2105,01
210;10/16/2022;10/16/2022 10:13;9490,87;12,48;4639,47;4816,00;34,50;0,50;0,40
211;10/16/2022;10/16/2022 10:15;8699,42;12,47;1133,87;5163,90;69,00;101,75;2230,90
212;10/16/2022;10/16/2022 10:16;8851,41;12,51;1549,47;4985,00;81,20;112,88;2122,87
213;10/16/2022;10/16/2022 10:18;8951,08;12,34;2578,54;4225,11;212,29;176,00;1759,13
214;10/16/2022;10/16/2022 10:19;9038,56;12,14;2558,13;4925,13;0,00;38,00;1517,30
215;10/16/2022;10/16/2022 10:21;8840,24;12,05;2497,73;4476,90;90,17;108,67;1666,77
216;10/16/2022;10/16/2022 10:22;9442,83;11,93;2802,31;4954,00;94,73;133,33;1458,46
217;10/16/2022;10/16/2022 10:24;10677,88;11,70;5426,94;3800,33;71,82;122,25;1256,54
218;10/16/2022;10/16/2022 10:25;11529,39;11,55;6255,82;3581,33;177,53;69,50;1445,21
219;10/16/2022;10/16/2022 10:27;10756,12;11,67;6368,93;2359,30;175,31;149,11;1703,47
220;10/16/2022;10/16/2022 10:28;9360,17;11,94;6394,71;771,00;165,71;138,38;1890,37
221;10/16/2022;10/16/2022 10:30;8712,18;12,09;6382,19;191,33;196,53;159,80;1782,33
222;10/16/2022;10/16/2022 10:31;8999,50;12,08;6349,00;732,44;199,06;80,67;1638,33
223;10/16/2022;10/16/2022 10:33;9644,63;11,98;6297,77;1385,71;184,31;104,25;1672,58
224;10/16/2022;10/16/2022 10:34;10531,08;11,78;6041,41;2439,60;91,09;108,00;1850,97
225;10/16/2022;10/16/2022 10:36;10888,25;11,69;6289,06;2554,25;130,88;128,50;1785,56
226;10/16/2022;10/16/2022 10:37;10317,61;11,80;4478,64;3427,22;191,22;115,22;2105,30
227;10/16/2022;10/16/2022 10:39;8540,94;12,13;4952,38;1052,00;298,25;152,33;2085,98
228;10/16/2022;10/16/2022 10:40;6902,65;12,43;3223,69;1005,25;300,94;195,90;2176,86
229;10/16/2022;10/16/2022 10:42;6297,06;12,73;1243,00;2594,33;189,81;132,13;2137,78
230;10/16/2022;10/16/2022 10:43;7330,40;12,68;2857,40;2741,56;147,53;85,80;1498,12
231;10/16/2022;10/16/2022 10:45;7167,61;12,71;2777,33;2093,00;144,33;115,12;2037,82
232;10/16/2022;10/16/2022 10:46;8389,33;12,47;2751,71;3961,33;392,92;115,00;1168,38
233;10/16/2022;10/16/2022 10:48;5736,78;12,86;2144,56;846,44;241,19;144,22;2360,36
234;10/16/2022;10/16/2022 10:49;6655,79;12,96;2804,14;1423,43;113,62;116,56;2198,04
235;10/16/2022;10/16/2022 10:51;6389,35;13,01;1740,50;2478,78;154,29;137,11;1878,67
236;10/16/2022;10/16/2022 10:52;6722,39;13,07;814,69;3331,89;117,00;146,78;2312,03
237;10/16/2022;10/16/2022 10:54;7298,50;12,97;0,00;5000,78;221,94;83,50;1992,28
238;10/16/2022;10/16/2022 10:55;7188,25;13,05;0,00;4778,44;148,75;131,44;2129,61
239;10/16/2022;10/16/2022 10:57;7241,07;13,14;425,66;5014,22;133,14;144,67;1523,38
240;10/16/2022;10/16/2022 10:58;7381,69;13,16;851,33;5017,22;99,31;169,78;1244,05
241;10/16/2022;10/16/2022 11:00;7769,07;13,06;934,93;5005,33;79,35;84,89;1664,56
242;10/16/2022;10/16/2022 11:01;7994,28;12,85;1064,43;4969,89;187,25;99,56;1673,15
243;10/16/2022;10/16/2022 11:03;8977,83;12,48;2448,94;4961,22;12,50;76,67;1478,51
244;10/16/2022;10/16/2022 11:04;9326,43;12,20;2560,50;4988,89;19,00;97,29;1660,75
245;10/16/2022;10/16/2022 11:06;9413,18;12,01;2571,20;5002,25;38,00;64,33;1737,39
246;10/16/2022;10/16/2022 11:07;9652,00;11,89;2530,00;5008,56;157,89;109,87;1845,68
247;10/16/2022;10/16/2022 11:09;9883,94;11,83;2681,00;5002,78;228,75;138,22;1833,19
248;10/16/2022;10/16/2022 11:10;11049,65;11,68;5524,67;3572,11;117,80;96,11;1738,96
249;10/16/2022;10/16/2022 11:12;11619,11;11,56;6264,35;3731,44;113,40;76,50;1433,41
250;10/16/2022;10/16/2022 11:13;11137,22;11,67;6334,64;2347,78;124,47;145,22;2185,11
251;10/16/2022;10/16/2022 11:15;10149,94;11,81;6374,39;1336,00;223,53;175,67;2040,35
252;10/16/2022;10/16/2022 11:16;12290,61;11,50;6214,53;4192,11;86,57;66,80;1730,60
253;10/16/2022;10/16/2022 11:18;12472,82;11,62;6334,35;4045,78;231,22;143,78;1717,69
254;10/16/2022;10/16/2022 11:19;9990,67;11,99;6412,76;840,50;220,63;174,62;2342,15
255;10/16/2022;10/16/2022 11:21;9387,86;12,11;6383,44;620,33;156,25;155,44;2072,39
256;10/16/2022;10/16/2022 11:22;8977,36;12,22;6367,77;80,00;268,94;103,29;2157,37
257;10/16/2022;10/16/2022 11:24;8974,94;12,28;6252,46;794,63;125,50;80,57;1721,78
258;10/16/2022;10/16/2022 11:25;7450,11;12,47;4516,67;902,30;302,22;176,18;1552,74
259;10/16/2022;10/16/2022 11:27;8721,07;12,33;4575,62;2462,33;75,38;129,67;1478,08
260;10/16/2022;10/16/2022 11:28;7914,75;12,45;3327,58;2569,44;190,69;113,22;1713,81
261;10/16/2022;10/16/2022 11:30;7048,71;12,66;2807,82;2064,78;291,47;135,60;1749,03
262;10/16/2022;10/16/2022 11:31;7221,35;12,77;3877,35;1421,00;98,36;136,44;1688,20
263;10/16/2022;10/16/2022 11:33;6414,33;12,94;3209,31;813,56;221,21;179,00;1991,25
264;10/16/2022;10/16/2022 11:34;4700,87;13,42;1353,29;864,00;304,38;164,29;2014,92
265;10/16/2022;10/16/2022 11:36;4422,53;13,81;1015,47;853,38;336,11;136,50;2081,09
266;10/16/2022;10/16/2022 11:37;5449,72;13,94;969,60;2291,44;171,24;153,22;1864,22
267;10/16/2022;10/16/2022 11:39;5371,62;14,06;616,17;2877,00;164,18;207,00;1507,27
268;10/16/2022;10/16/2022 11:40;5090,00;14,50;850,00;2071,11;223,07;156,38;1789,45
269;10/16/2022;10/16/2022 11:42;6527,88;14,31;913,00;4179,56;42,44;25,67;1367,22
270;10/16/2022;10/16/2022 11:43;7825,65;14,10;945,29;4980,00;250,93;140,00;1509,43
271;10/16/2022;10/16/2022 11:45;7498,00;13,90;914,46;5019,25;91,40;116,11;1356,78
272;10/16/2022;10/16/2022 11:46;7956,47;13,24;2319,35;4944,22;26,15;77,00;589,74
273;10/16/2022;10/16/2022 11:48;8226,56;12,75;1912,38;5004,12;52,30;85,00;1172,76
274;10/16/2022;10/16/2022 11:49;8214,79;12,71;1476,67;4980,89;78,45;77,57;1601,20
275;10/16/2022;10/16/2022 11:51;8962,81;12,39;2548,44;4970,78;145,28;102,67;1195,65
276;10/16/2022;10/16/2022 11:52;8924,47;12,28;2137,08;5029,00;107,00;182,25;1469,14
277;10/16/2022;10/16/2022 11:54;8038,06;12,25;1280,18;4999,11;90,23;64,71;1603,83
278;10/16/2022;10/16/2022 11:55;8977,12;12,04;2508,00;5005,60;31,13;51,14;1381,25
279;10/16/2022;10/16/2022 11:57;9305,47;11,93;2552,29;5009,00;163,88;80,88;1499,43
280;10/16/2022;10/16/2022 11:58;11777,28;11,55;5440,13;4952,89;76,88;138,00;1169,39
281;10/16/2022;10/16/2022 12:00;11762,47;11,66;4578,35;5133,89;266,93;141,33;1641,97
282;10/16/2022;10/16/2022 12:01;8465,00;12,22;960,06;4907,56;194,78;130,11;2272,49
283;10/16/2022;10/16/2022 12:03;7858,60;12,39;1968,43;3733,89;112,94;98,22;1945,12
284;10/16/2022;10/16/2022 12:04;9195,29;12,25;2523,40;4938,22;185,19;144,44;1404,04
285;10/16/2022;10/16/2022 12:06;8867,56;12,26;2880,27;4002,50;151,20;125,00;1708,59
286;10/16/2022;10/16/2022 12:07;10368,28;12,03;6212,25;2780,20;151,86;120,33;1103,64
287;10/16/2022;10/16/2022 12:09;9187,67;12,20;6374,79;779,75;131,37;105,78;1795,98
288;10/16/2022;10/16/2022 12:10;8912,00;12,30;6377,06;448,88;176,00;154,33;1755,73
289;10/16/2022;10/16/2022 12:12;8454,23;12,41;6366,50;6,25;238,19;160,78;1682,52
290;10/16/2022;10/16/2022 12:13;6802,94;12,67;4444,24;12,50;233,13;130,63;1982,45
291;10/16/2022;10/16/2022 12:15;8506,77;12,52;6332,00;698,67;22,00;68,33;1385,77
292;10/16/2022;10/16/2022 12:16;8959,44;12,37;6320,20;1113,00;49,67;115,14;1361,43
293;10/16/2022;10/16/2022 12:18;10279,56;12,11;6296,13;2454,67;158,20;132,25;1238,32
294;10/16/2022;10/16/2022 12:19;10059,25;12,07;5592,57;2534,38;171,12;101,67;1659,52
295;10/16/2022;10/16/2022 12:21;8148,06;12,39;3401,13;2477,75;234,35;143,78;1891,05
296;10/16/2022;10/16/2022 12:22;6181,20;12,87;1285,17;2413,22;166,78;161,38;2154,66
297;10/16/2022;10/16/2022 12:24;4777,88;13,34;1037,80;1108,50;279,25;222,80;2129,53
298;10/16/2022;10/16/2022 12:25;4746,95;13,73;990,71;1057,78;422,26;138,60;2137,59
299;10/16/2022;10/16/2022 12:27;5678,41;13,97;787,08;2689,22;240,71;127,63;1833,78
300;10/16/2022;10/16/2022 12:28;5470,69;14,32;335,00;2864,67;192,62;165,13;1913,28
301;10/16/2022;10/16/2022 12:30;5226,65;14,60;1019,33;1972,33;170,65;182,25;1882,08
302;10/16/2022;10/16/2022 12:31;7295,28;14,38;1799,06;3976,00;74,65;108,00;1337,57
303;10/16/2022;10/16/2022 12:33;8325,35;13,80;2511,71;4993,22;82,71;28,42;709,29
304;10/16/2022;10/16/2022 12:34;8148,57;13,15;2515,92;4950,38;25,54;56,83;599,90
305;10/16/2022;10/16/2022 12:36;8444,18;12,67;2478,65;4965,78;51,08;85,25;863,42
306;10/16/2022;10/16/2022 12:37;9743,12;12,25;3754,38;4597,09;76,63;96,14;1218,88
307;10/16/2022;10/16/2022 12:39;12132,06;11,67;6231,17;4993,56;102,17;8,00;797,17
308;10/16/2022;10/16/2022 12:40;12759,60;11,51;6250,06;5000,80;77,67;97,00;1334,07
309;10/16/2022;10/16/2022 12:42;13192,07;11,49;6279,83;5033,75;112,07;133,25;1633,16
310;10/16/2022;10/16/2022 12:43;13186,24;11,53;6298,50;5041,50;107,38;131,00;1607,85
311;10/16/2022;10/16/2022 12:45;13087,69;11,52;6305,73;5038,00;155,87;95,88;1492,22
312;10/16/2022;10/16/2022 12:46;13153,00;11,50;6304,17;5029,25;171,93;112,25;1535,40
313;10/16/2022;10/16/2022 12:48;13106,67;11,51;6307,09;5033,38;103,58;132,38;1530,24
314;10/16/2022;10/16/2022 12:49;13062,87;11,50;6305,71;5032,00;98,70;131,22;1495,23
315;10/16/2022;10/16/2022 12:51;11931,12;11,65;4369,43;5102,78;227,67;155,67;2075,58
316;10/16/2022;10/16/2022 12:52;12455,23;11,55;6029,76;4955,00;123,00;79,40;1268,07
317;10/16/2022;10/16/2022 12:54;11819,56;11,65;4232,87;5044,33;230,47;171,75;2140,14
318;10/16/2022;10/16/2022 12:55;12613,06;11,54;6180,25;5000,90;47,25;107,89;1276,77
319;10/16/2022;10/16/2022 12:57;11174,73;11,74;5759,50;3546,33;252,07;151,50;1465,33
320;10/16/2022;10/16/2022 12:58;7906,17;12,28;4617,06;806,22;243,71;135,78;2103,39
321;10/16/2022;10/16/2022 13:00;6054,76;12,71;3178,50;379,17;336,72;186,11;1974,26
322;10/16/2022;10/16/2022 13:01;5676,33;13,02;2801,62;731,38;158,50;184,56;1800,29
323;10/16/2022;10/16/2022 13:03;5738,13;13,24;2797,50;833,13;148,92;117,78;1840,81
324;10/16/2022;10/16/2022 13:04;6666,33;13,23;2573,60;2413,22;93,82;69,44;1516,25
325;10/16/2022;10/16/2022 13:06;5813,56;13,37;977,91;2586,25;302,06;150,88;1796,47
326;10/16/2022;10/16/2022 13:07;6387,00;13,44;1817,06;2865,67;176,33;145,89;1382,05
327;10/16/2022;10/16/2022 13:09;5025,29;13,60;2051,19;859,67;168,44;128,22;1817,77
328;10/16/2022;10/16/2022 13:10;4382,44;14,05;960,67;879,44;236,78;146,00;2159,55
329;10/16/2022;10/16/2022 13:12;5016,38;14,46;65,00;2327,11;332,39;147,56;2144,32
330;10/16/2022;10/16/2022 13:13;5347,00;14,52;928,00;2370,89;329,29;223,00;1495,82
331;10/16/2022;10/16/2022 13:15;6867,47;14,61;987,88;3767,56;81,93;80,44;1949,65
332;10/16/2022;10/16/2022 13:16;7823,00;14,03;2389,69;4754,78;33,00;52,33;593,20
333;10/16/2022;10/16/2022 13:18;8432,63;13,44;2521,53;4988,75;66,00;104,67;751,68
334;10/16/2022;10/16/2022 13:19;8227,12;12,90;2352,41;4945,33;99,00;112,50;717,87
335;10/16/2022;10/16/2022 13:21;10236,94;12,17;4574,12;4912,00;132,00;76,25;542,57
336;10/16/2022;10/16/2022 13:22;11877,56;11,71;5803,94;5029,44;165,00;63,00;816,17
337;10/16/2022;10/16/2022 13:24;9200,28;12,33;1024,79;5122,67;254,06;191,67;2607,10
338;10/16/2022;10/16/2022 13:25;8270,88;12,36;1598,22;4985,30;74,92;83,80;1528,64
339;10/16/2022;10/16/2022 13:27;9003,56;12,09;2489,35;4965,11;149,27;150,67;1249,16
340;10/16/2022;10/16/2022 13:28;9196,14;11,98;2568,62;5006,00;148,50;83,00;1390,03
341;10/16/2022;10/16/2022 13:30;10460,28;11,77;4428,86;4957,89;73,60;66,00;933,93
342;10/16/2022;10/16/2022 13:31;12684,25;11,47;6243,75;5024,11;46,00;83,83;1286,56
343;10/16/2022;10/16/2022 13:33;13230,00;11,50;6276,93;5023,89;107,93;185,22;1636,03
344;10/16/2022;10/16/2022 13:34;13208,09;11,51;6294,31;5027,63;201,94;103,11;1581,10
345;10/16/2022;10/16/2022 13:36;13178,28;11,52;6306,53;5034,75;93,64;135,44;1607,91
346;10/16/2022;10/16/2022 13:37;12824,07;11,59;6348,73;4517,33;131,43;109,75;1716,82
347;10/16/2022;10/16/2022 13:39;11043,94;11,82;4462,29;4063,36;203,86;168,78;2145,65
348;10/16/2022;10/16/2022 13:40;11656,59;11,76;6270,19;3585,56;159,36;131,11;1510,37
349;10/16/2022;10/16/2022 13:42;11717,06;11,77;6299,79;3593,33;170,44;93,25;1560,26
350;10/16/2022;10/16/2022 13:43;11414,94;11,81;6332,31;3329,33;132,36;107,00;1513,94
351;10/16/2022;10/16/2022 13:45;9472,94;12,13;6405,71;801,50;167,50;125,87;1972,36
352;10/16/2022;10/16/2022 13:46;7408,56;12,50;4653,47;498,50;207,28;231,22;1818,09
353;10/16/2022;10/16/2022 13:48;5896,63;12,91;2872,79;722,86;319,82;131,00;1850,16
354;10/16/2022;10/16/2022 13:49;5875,53;13,17;2805,53;819,29;162,65;122,44;1965,62
355;10/16/2022;10/16/2022 13:51;6578,38;13,18;2486,13;2408,30;90,47;75,00;1518,48
356;10/16/2022;10/16/2022 13:52;6199,38;13,30;1397,69;2565,13;113,59;158,78;1964,20
357;10/16/2022;10/16/2022 13:54;4770,29;13,65;956,94;1153,13;227,71;185,89;2246,64
358;10/16/2022;10/16/2022 13:55;5497,47;13,89;981,91;1584,45;284,06;120,30;2526,75
359;10/16/2022;10/16/2022 13:57;6233,54;14,03;980,60;2767,57;122,53;106,13;2256,71
360;10/16/2022;10/16/2022 13:58;5710,94;14,30;742,00;2425,33;350,82;131,25;2061,54
361;10/16/2022;10/16/2022 14:00;5471,41;14,60;443,91;3089,50;154,60;210,78;1572,62
362;10/16/2022;10/16/2022 14:01;6890,37;14,40;887,83;4693,67;161,71;72,00;1075,16
363;10/16/2022;10/16/2022 14:03;7842,29;14,22;917,67;5034,25;138,89;27,50;1723,98
364;10/16/2022;10/16/2022 14:04;8114,33;13,60;2072,20;4953,00;52,07;53,00;984,06
365;10/16/2022;10/16/2022 14:06;8599,76;12,78;2508,75;4953,44;104,15;106,00;927,42
366;10/16/2022;10/16/2022 14:07;9284,89;12,35;2489,73;4995,00;156,22;136,13;1507,81
367;10/16/2022;10/16/2022 14:09;9844,59;12,12;2666,33;4971,00;208,30;73,38;1925,58
368;10/16/2022;10/16/2022 14:10;12324,22;11,59;6107,89;4976,56;260,37;40,00;939,41
369;10/16/2022;10/16/2022 14:12;11806,53;11,71;4370,29;5120,33;312,44;127,33;1876,12
370;10/16/2022;10/16/2022 14:13;9080,29;12,19;938,67;5070,56;196,25;200,33;2674,49
371;10/16/2022;10/16/2022 14:15;7388,40;12,49;2302,94;2566,00;211,89;152,50;2155,07
372;10/16/2022;10/16/2022 14:16;7028,21;12,65;2571,27;2197,89;256,11;103,88;1899,07
373;10/16/2022;10/16/2022 14:18;6718,18;12,78;2132,07;2202,13;140,72;108,33;2134,92
374;10/16/2022;10/16/2022 14:19;9379,67;12,35;5170,71;2773,67;0,00;34,67;1400,63
375;10/16/2022;10/16/2022 14:21;12358,00;11,74;6238,16;4966,78;64,00;143,44;945,62
376;10/16/2022;10/16/2022 14:22;12930,67;11,56;6245,93;5004,11;128,00;72,89;1479,73
377;10/16/2022;10/16/2022 14:24;13238,50;11,49;6261,55;5017,00;147,63;89,56;1722,77
378;10/16/2022;10/16/2022 14:25;13295,75;11,48;6275,18;5025,78;117,23;92,33;1785,23
379;10/16/2022;10/16/2022 14:27;11713,24;11,77;5285,59;4042,56;311,44;230,11;1843,54
380;10/16/2022;10/16/2022 14:28;9202,76;12,15;5542,76;723,11;179,88;125,00;2632,01
381;10/16/2022;10/16/2022 14:30;8306,56;12,34;5381,73;394,67;397,94;128,71;2003,52
382;10/16/2022;10/16/2022 14:31;8515,24;12,41;5402,53;514,57;127,50;43,57;2427,06
383;10/16/2022;10/16/2022 14:33;7723,11;12,52;3736,92;807,22;197,39;159,67;2821,92
384;10/16/2022;10/16/2022 14:34;7370,17;12,72;3348,59;1284,44;110,94;223,75;2402,45
385;10/16/2022;10/16/2022 14:36;7559,13;12,75;2780,73;2489,78;155,53;130,44;2002,64
386;10/16/2022;10/16/2022 14:37;7080,53;12,90;2048,38;2426,44;282,06;107,44;2216,21
387;10/16/2022;10/16/2022 14:39;5147,78;13,31;1007,63;1405,00;200,76;136,38;2398,01
388;10/16/2022;10/16/2022 14:40;5166,69;13,71;1000,00;1217,75;183,71;191,33;2573,90
389;10/16/2022;10/16/2022 14:42;6348,75;13,88;976,50;2668,56;130,44;172,33;2400,92
390;10/16/2022;10/16/2022 14:43;5503,83;14,07;454,00;2632,22;265,83;128,78;2023,00
391;10/16/2022;10/16/2022 14:45;5721,18;14,48;385,22;2855,44;232,50;96,44;2151,57
392;10/16/2022;10/16/2022 14:46;6954,13;14,31;770,43;4626,44;66,50;43,50;1447,26
393;10/16/2022;10/16/2022 14:48;7780,65;13,84;882,64;5019,22;68,00;178,29;1632,50
394;10/16/2022;10/16/2022 14:49;8107,53;13,25;1823,24;4921,89;76,83;63,25;1222,32
395;10/16/2022;10/16/2022 14:51;8732,67;12,57;2520,88;4979,33;17,50;31,75;1183,21
396;10/16/2022;10/16/2022 14:52;9326,40;12,33;2508,93;5009,13;35,00;63,50;1709,84
397;10/16/2022;10/16/2022 14:54;9150,63;12,18;2208,43;5002,90;65,00;60,43;1813,87
398;10/16/2022;10/16/2022 14:55;11489,05;11,74;5052,59;4955,60;0,00;144,50;1336,37
399;10/16/2022;10/16/2022 14:57;13154,07;11,57;6230,40;5012,33;153,71;71,56;1686,06
400;10/16/2022;10/16/2022 14:58;10142,89;12,05;2153,36;5153,11;342,35;157,56;2336,51
401;10/16/2022;10/16/2022 15:00;8442,93;12,30;955,00;5068,38;131,58;111,29;2176,69
402;10/16/2022;10/16/2022 15:01;9352,60;12,22;2318,35;4999,50;21,50;122,63;1890,62
403;10/16/2022;10/16/2022 15:03;9467,25;12,19;2551,21;4995,75;89,07;140,44;1690,77
404;10/16/2022;10/16/2022 15:04;9651,33;12,17;2580,07;5006,80;216,56;119,25;1728,65
405;10/16/2022;10/16/2022 15:06;9986,28;12,12;2989,28;4975,89;127,67;70,56;1822,89
406;10/16/2022;10/16/2022 15:07;11863,61;11,77;6275,24;4347,44;21,69;75,40;1143,85
407;10/16/2022;10/16/2022 15:09;12731,53;11,59;6254,25;4972,11;43,38;162,56;1299,24
408;10/16/2022;10/16/2022 15:10;13064,00;11,53;6263,50;4891,33;151,89;98,11;1659,17
409;10/16/2022;10/16/2022 15:12;10995,05;11,86;4463,65;3676,75;330,69;150,75;2373,22
410;10/16/2022;10/16/2022 15:13;10761,47;11,94;6286,39;2603,40;183,88;89,37;1598,43
411;10/16/2022;10/16/2022 15:15;9416,94;12,16;6384,00;771,38;132,29;247,00;1882,27
412;10/16/2022;10/16/2022 15:16;8826,44;12,34;6382,20;322,57;137,57;195,56;1788,54
413;10/16/2022;10/16/2022 15:18;7860,53;12,53;4880,33;748,63;249,76;113,67;1868,14
414;10/16/2022;10/16/2022 15:19;6320,38;12,89;2842,64;844,38;247,25;138,00;2248,11
415;10/16/2022;10/16/2022 15:21;7004,11;12,95;2535,62;2363,11;90,06;79,00;1936,32
416;10/16/2022;10/16/2022 15:22;6905,59;13,01;2289,44;2527,00;97,67;185,78;1805,71
417;10/16/2022;10/16/2022 15:24;5329,72;13,36;1158,65;1768,78;235,17;166,00;2001,13
418;10/16/2022;10/16/2022 15:25;4784,29;13,84;1011,69;866,00;353,56;142,80;2410,25
419;10/16/2022;10/16/2022 15:27;4624,35;14,29;705,40;1379,25;213,75;145,75;2180,20
420;10/16/2022;10/16/2022 15:28;5798,25;14,55;908,00;2797,80;147,31;132,38;1812,76
421;10/16/2022;10/16/2022 15:30;5752,59;14,70;994,00;2265,00;145,53;214,00;2134,06
422;10/16/2022;10/16/2022 15:31;6866,44;14,42;1659,60;3407,75;78,13;54,00;1666,97
423;10/16/2022;10/16/2022 15:33;8657,41;13,77;2504,43;4683,22;138,63;7,00;1324,14
424;10/16/2022;10/16/2022 15:34;8775,44;13,09;2513,43;4954,38;8,04;44,14;1255,45
425;10/16/2022;10/16/2022 15:36;9011,00;12,51;2504,93;4967,33;16,08;123,38;1399,28
426;10/16/2022;10/16/2022 15:37;9440,33;12,25;2500,56;5012,44;24,12;113,50;1789,70
427;10/16/2022;10/16/2022 15:39;10967,12;11,96;3683,14;4940,78;32,17;85,00;2226,03
428;10/16/2022;10/16/2022 15:40;11143,94;11,75;6320,61;2877,89;169,44;135,33;1640,66
429;10/16/2022;10/16/2022 15:42;10604,53;11,80;6339,27;2009,44;69,93;95,89;2090,00
430;10/16/2022;10/16/2022 15:43;11946,71;11,54;6218,62;3982,78;50,17;152,89;1542,26
431;10/16/2022;10/16/2022 15:45;13447,60;11,47;6256,50;5000,00;139,20;99,38;1952,52
432;10/16/2022;10/16/2022 15:46;13562,73;11,48;6276,78;5020,00;192,75;99,22;1973,98
433;10/16/2022;10/16/2022 15:48;13437,23;11,48;6290,00;5029,33;89,62;96,88;1931,41
434;10/16/2022;10/16/2022 15:49;13495,75;11,47;6296,18;5030,11;86,86;156,50;1926,10
435;10/16/2022;10/16/2022 15:51;13397,44;11,46;6297,86;4991,33;88,00;139,11;1881,14
436;10/16/2022;10/16/2022 15:52;13469,47;11,46;6293,94;5002,89;204,59;111,00;1857,06
437;10/16/2022;10/16/2022 15:54;11986,12;11,66;4600,56;4978,89;301,90;133,56;1971,22
438;10/16/2022;10/16/2022 15:55;13069,19;11,47;6237,39;4989,20;39,80;81,43;1721,37
439;10/16/2022;10/16/2022 15:57;11725,50;11,71;6359,61;2709,38;187,67;223,11;2245,74
440;10/16/2022;10/16/2022 15:58;12149,41;11,65;6325,88;3901,89;202,10;79,89;1639,65
441;10/16/2022;10/16/2022 16:00;10250,65;11,94;5705,31;1925,25;307,76;134,36;2177,96
442;10/16/2022;10/16/2022 16:01;8007,40;12,33;4607,69;802,89;155,00;123,50;2318,32
443;10/16/2022;10/16/2022 16:03;6048,94;12,78;3100,93;182,25;229,18;166,38;2370,21
444;10/16/2022;10/16/2022 16:04;6003,53;13,02;2804,67;709,89;132,18;213,25;2143,55
445;10/16/2022;10/16/2022 16:06;7208,87;13,03;4428,47;859,11;190,60;69,33;1661,36
446;10/16/2022;10/16/2022 16:07;7016,88;13,02;2776,67;2490,33;175,60;83,50;1490,77
447;10/16/2022;10/16/2022 16:09;5948,76;13,23;1009,00;2693,33;171,06;121,80;1953,57
448;10/16/2022;10/16/2022 16:10;6701,61;13,42;965,07;3176,67;150,24;180,87;2228,76
449;10/16/2022;10/16/2022 16:12;6882,93;13,52;956,30;3547,63;124,69;164,25;2090,06
450;10/16/2022;10/16/2022 16:13;5615,12;13,81;1569,35;1196,44;358,83;133,89;2356,60
451;10/16/2022;10/16/2022 16:15;5081,12;14,22;1013,75;1198,00;178,88;142,75;2547,74
452;10/16/2022;10/16/2022 16:16;5612,29;14,38;621,83;2761,89;145,83;123,89;1958,85
453;10/16/2022;10/16/2022 16:18;5518,31;14,71;797,60;2108,14;184,20;209,44;2218,93
454;10/16/2022;10/16/2022 16:19;6789,94;14,21;847,29;4603,00;33,00;0,00;1306,65
455;10/16/2022;10/16/2022 16:21;8262,24;13,61;1934,13;4748,50;83,60;49,00;1447,00
456;10/16/2022;10/16/2022 16:22;8486,47;12,83;2494,63;4924,67;0,00;57,14;1010,04
457;10/16/2022;10/16/2022 16:24;9181,13;12,32;2555,94;4975,56;0,00;114,29;1535,35
458;10/16/2022;10/16/2022 16:25;9340,61;12,06;2494,81;4995,80;0,00;80,70;1769,30
459;10/16/2022;10/16/2022 16:27;9677,59;11,92;2506,14;5016,00;237,50;102,56;1815,39
460;10/16/2022;10/16/2022 16:28;8879,00;12,06;1186,07;5092,11;210,50;116,56;2273,77
461;10/16/2022;10/16/2022 16:30;8497,00;12,17;940,70;5074,67;113,09;115,11;2253,43
462;10/16/2022;10/16/2022 16:31;8806,35;12,15;1752,50;5010,11;68,42;162,56;1812,77
463;10/16/2022;10/16/2022 16:33;9232,21;12,05;2489,20;4976,63;77,71;84,44;1604,23
464;10/16/2022;10/16/2022 16:34;9674,61;11,94;2568,50;4989,50;180,88;82,50;1853,23
465;10/16/2022;10/16/2022 16:36;9823,73;11,90;2331,50;5002,13;487,00;82,89;1920,22
466;10/16/2022;10/16/2022 16:37;12866,78;11,52;5936,76;4995,00;37,77;145,17;1752,08
467;10/16/2022;10/16/2022 16:39;13517,00;11,53;6266,73;5014,38;75,53;119,13;2041,23
468;10/16/2022;10/16/2022 16:40;13473,00;11,53;6136,12;5021,13;191,18;92,13;2032,46
469;10/16/2022;10/16/2022 16:42;13208,22;11,58;6277,86;4596,44;169,07;114,00;2050,85
470;10/16/2022;10/16/2022 16:43;12179,93;11,73;6345,56;3610,00;135,41;127,00;1961,96
471;10/16/2022;10/16/2022 16:45;11793,86;11,80;6352,36;3509,13;133,25;164,00;1635,13
472;10/16/2022;10/16/2022 16:46;10066,33;12,03;4568,15;3527,33;204,20;132,00;1634,65
473;10/16/2022;10/16/2022 16:48;9148,17;12,24;6269,94;833,57;243,11;101,38;1700,18
474;10/16/2022;10/16/2022 16:49;8931,64;12,35;6354,46;771,50;116,20;108,00;1581,48
475;10/16/2022;10/16/2022 16:51;8565,63;12,43;6376,33;382,00;115,15;165,38;1526,76
476;10/16/2022;10/16/2022 16:52;8202,50;12,55;6298,50;0,00;115,50;130,22;1658,28
477;10/16/2022;10/16/2022 16:54;8043,12;12,71;6017,23;0,00;194,24;109,89;1721,76
478;10/16/2022;10/16/2022 16:55;5830,94;13,19;3316,53;0,00;335,83;165,13;2013,45
479;10/16/2022;10/16/2022 16:57;4772,15;13,74;2102,47;100,98;255,64;182,75;2130,32
480;10/16/2022;10/16/2022 16:58;4802,40;14,19;2275,29;201,96;190,63;199,60;1934,93
481;10/16/2022;10/16/2022 17:00;5120,08;14,50;2858,42;302,93;179,09;131,71;1647,93
482;10/16/2022;10/16/2022 17:01;4249,07;14,86;1682,00;403,91;369,65;145,67;1647,84
483;10/16/2022;10/16/2022 17:03;2637,44;15,06;967,67;504,89;154,71;91,75;918,42
484;10/16/2022;10/16/2022 17:04;2689,18;14,90;987,00;605,87;127,78;159,88;808,66
485;10/16/2022;10/16/2022 17:06;2891,93;15,09;999,46;706,84;136,41;132,30;916,91
486;10/16/2022;10/16/2022 17:07;2518,86;15,05;968,82;807,82;121,76;68,22;552,23
487;10/16/2022;10/16/2022 17:09;3499,77;14,90;962,47;908,80;246,27;44,00;1338,24
488;10/16/2022;10/16/2022 17:10;4929,69;14,73;956,85;2440,44;59,71;122,00;1350,68
489;10/16/2022;10/16/2022 17:12;4889,12;14,52;943,93;2640,22;76,00;96,11;1132,86
490;10/16/2022;10/16/2022 17:13;3987,86;14,65;1017,18;874,89;167,25;127,11;1801,43
491;10/16/2022;10/16/2022 17:15;3720,21;14,81;993,07;826,63;257,06;104,78;1538,68
492;10/16/2022;10/16/2022 17:16;4486,14;14,64;2093,81;752,38;176,83;66,00;1397,12
493;10/16/2022;10/16/2022 17:18;6359,06;14,41;2310,11;2414,40;155,22;122,90;1356,43
494;10/16/2022;10/16/2022 17:19;6601,40;14,05;2759,53;2787,43;101,59;30,00;922,84
495;10/16/2022;10/16/2022 17:21;5625,29;14,11;1300,12;2258,56;203,19;133,13;1730,31
496;10/16/2022;10/16/2022 17:22;3852,82;14,57;732,22;883,63;362,47;145,89;1728,62
497;10/16/2022;10/16/2022 17:24;3874,25;14,72;291,73;2032,89;188,33;136,88;1224,43
498;10/16/2022;10/16/2022 17:25;3774,17;14,93;583,44;1056,67;198,63;171,82;1763,61
499;10/16/2022;10/16/2022 17:27;2283,11;15,05;99,14;791,89;113,08;85,00;1194,00
500;10/16/2022;10/16/2022 17:28;3252,28;14,98;198,28;1026,67;204,08;87,25;1736,01
501;10/16/2022;10/16/2022 17:30;6083,71;14,78;297,41;4589,20;174,00;75,88;947,22
502;10/16/2022;10/16/2022 17:31;6412,07;14,47;396,55;5041,50;406,50;117,50;450,02
503;10/16/2022;10/16/2022 17:33;6569,08;14,30;495,69;5055,00;31,00;81,00;906,40
504;10/16/2022;10/16/2022 17:34;6709,46;14,18;594,83;5055,30;104,73;87,40;867,20
505;10/16/2022;10/16/2022 17:36;6812,31;14,07;693,96;5040,38;258,06;85,17;734,75
506;10/16/2022;10/16/2022 17:37;7528,46;14,01;793,10;5081,50;85,93;149,56;1418,37
507;10/16/2022;10/16/2022 17:39;7490,50;13,98;949,70;5039,50;92,94;98,67;1309,70
508;10/16/2022;10/16/2022 17:40;5789,73;14,25;1016,79;2484,75;237,46;139,44;1911,29
509;10/16/2022;10/16/2022 17:42;6422,47;14,40;2222,44;2233,33;184,78;99,67;1682,25
510;10/16/2022;10/16/2022 17:43;6623,00;14,34;2586,67;2206,50;164,21;143,43;1522,19
511;10/16/2022;10/16/2022 17:45;7765,29;14,02;2580,71;3965,56;64,71;89,33;1064,99
512;10/16/2022;10/16/2022 17:46;6447,64;14,04;2525,18;2223,22;115,50;81,57;1502,17
513;10/16/2022;10/16/2022 17:48;5914,50;13,80;2206,29;2160,63;46,33;51,75;1449,51
514;10/16/2022;10/16/2022 17:49;5627,82;13,64;2078,38;2192,44;247,79;116,33;992,89
515;10/16/2022;10/16/2022 17:51;4812,76;13,58;949,69;2198,25;81,88;146,44;1436,50
516;10/16/2022;10/16/2022 17:52;6131,06;13,39;881,17;3625,67;89,13;94,33;1440,77
517;10/16/2022;10/16/2022 17:54;7788,88;12,86;1793,13;4950,44;40,00;47,50;957,80
518;10/16/2022;10/16/2022 17:55;7586,12;12,59;2519,94;3452,00;80,00;95,00;1439,18
519;10/16/2022;10/16/2022 17:57;5813,89;12,83;1225,18;1993,11;270,42;174,67;2150,51
520;10/16/2022;10/16/2022 17:58;7374,44;12,63;1824,89;3668,44;42,13;70,37;1768,61
521;10/16/2022;10/16/2022 18:00;8960,20;12,29;2544,79;4950,00;142,31;57,50;1265,60
522;10/16/2022;10/16/2022 18:01;8557,07;12,23;1519,00;4920,00;284,63;91,33;1742,11
523;10/16/2022;10/16/2022 18:03;8711,47;12,22;1567,93;4995,78;261,47;86,25;1800,04
524;10/16/2022;10/16/2022 18:04;8135,33;12,29;4028,59;1523,56;265,75;160,00;2157,44
525;10/16/2022;10/16/2022 18:06;8991,75;12,16;6329,81;522,78;97,38;103,88;1937,90
526;10/16/2022;10/16/2022 18:07;8724,50;12,19;6341,85;454,60;95,80;112,22;1720,03
527;10/16/2022;10/16/2022 18:09;8993,38;12,16;6334,67;744,11;101,93;122,67;1690,00
528;10/16/2022;10/16/2022 18:10;9961,17;12,03;6290,80;1779,78;53,57;107,10;1729,92
529;10/16/2022;10/16/2022 18:12;10716,75;11,86;6284,63;2525,56;177,44;103,75;1625,38
530;10/16/2022;10/16/2022 18:13;9654,76;12,01;4559,88;2443,67;215,94;112,33;2322,94
531;10/16/2022;10/16/2022 18:15;9424,46;12,15;6303,67;751,78;140,29;92,43;2136,30
532;10/16/2022;10/16/2022 18:16;8814,25;12,24;4495,18;1868,11;185,81;110,00;2155,15
533;10/16/2022;10/16/2022 18:18;10592,23;11,99;6164,72;2690,67;56,50;121,22;1559,12
534;10/16/2022;10/16/2022 18:19;9978,33;12,13;5371,00;2084,78;266,22;112,78;2143,56
535;10/16/2022;10/16/2022 18:21;8955,33;12,35;3092,47;3379,78;163,39;117,78;2201,92
536;10/16/2022;10/16/2022 18:22;9528,81;12,37;2743,80;4916,67;53,64;64,50;1750,20
537;10/16/2022;10/16/2022 18:24;9374,86;12,35;2564,87;5037,25;76,20;148,50;1548,04
538;10/16/2022;10/16/2022 18:25;8414,25;12,55;1004,00;4983,60;165,81;152,73;2108,11
539;10/16/2022;10/16/2022 18:27;7641,75;12,78;950,94;4095,00;129,27;92,67;2373,88
540;10/16/2022;10/16/2022 18:28;8048,36;12,77;949,44;4979,13;95,57;88,00;1936,22
541;10/16/2022;10/16/2022 18:30;7795,57;12,68;910,73;4980,44;131,80;71,86;1700,74
542;10/16/2022;10/16/2022 18:31;7604,67;12,48;731,08;5003,50;122,36;145,30;1602,43
543;10/16/2022;10/16/2022 18:33;6986,81;12,51;66,00;4955,78;115,79;97,14;1752,11
544;10/16/2022;10/16/2022 18:34;6125,06;12,69;954,89;2894,00;120,07;80,38;2075,73
545;10/16/2022;10/16/2022 18:36;7310,78;12,57;1746,33;3567,30;73,25;43,00;1880,89
546;10/16/2022;10/16/2022 18:37;8068,07;12,35;2574,27;3554,11;16,40;153,62;1769,67
547;10/16/2022;10/16/2022 18:39;9067,33;12,13;2550,29;4702,22;8,50;55,83;1750,49
548;10/16/2022;10/16/2022 18:40;9337,81;12,04;2509,13;4649,29;102,88;90,00;1986,52
549;10/16/2022;10/16/2022 18:42;9695,79;11,98;2548,64;4923,00;68,22;66,00;2089,92
550;10/16/2022;10/16/2022 18:43;9885,53;11,93;2447,12;4992,33;111,08;97,22;2237,77
551;10/16/2022;10/16/2022 18:45;9380,21;12,09;1609,53;5130,60;167,87;180,33;2291,88
552;10/16/2022;10/16/2022 18:46;9014,29;12,16;1653,00;5020,11;94,10;95,29;2151,80
553;10/16/2022;10/16/2022 18:48;9249,27;12,12;2490,88;4840,38;131,62;114,89;1671,51
554;10/16/2022;10/16/2022 18:49;6255,69;12,62;2673,33;890,00;226,75;159,50;2306,10
555;10/16/2022;10/16/2022 18:51;7039,59;12,64;4661,93;524,89;125,29;182,67;1544,81
556;10/16/2022;10/16/2022 18:52;8247,94;12,43;6326,13;81,33;50,56;69,14;1720,77
557;10/16/2022;10/16/2022 18:54;8818,94;12,26;6321,33;754,00;47,00;64,13;1632,48
558;10/16/2022;10/16/2022 18:55;6158,56;12,69;2077,33;1247,80;253,28;163,10;2417,04
559;10/16/2022;10/16/2022 18:57;5870,20;12,94;967,55;2511,17;148,00;114,43;2129,06
560;10/16/2022;10/16/2022 18:58;5630,00;13,15;983,83;2641,22;205,00;119,44;1680,50
561;10/16/2022;10/16/2022 19:00;4750,83;13,60;1021,00;884,00;215,94;157,89;2472,00
562;10/16/2022;10/16/2022 19:01;4593,21;13,89;999,36;837,60;161,71;219,89;2374,66
563;10/16/2022;10/16/2022 19:03;6001,61;14,05;988,57;2095,33;145,47;117,89;2654,35
564;10/16/2022;10/16/2022 19:04;6383,17;14,23;988,67;2839,56;134,80;109,00;2311,14
565;10/16/2022;10/16/2022 19:06;5628,06;14,41;1026,69;2053,00;171,67;128,25;2248,45
566;10/16/2022;10/16/2022 19:07;7167,06;14,33;919,78;3654,40;21,80;116,44;2454,64
567;10/16/2022;10/16/2022 19:09;7599,36;13,92;904,31;5006,67;78,42;86,40;1523,57
568;10/16/2022;10/16/2022 19:10;7489,31;13,64;921,93;5018,33;156,83;22,75;1369,47
569;10/16/2022;10/16/2022 19:12;7404,60;13,28;894,80;5018,78;235,25;45,50;1210,27
570;10/16/2022;10/16/2022 19:13;7905,23;13,16;934,92;5016,89;213,06;63,00;1677,37
571;10/16/2022;10/16/2022 19:15;7749,71;13,03;933,60;5006,50;79,00;73,33;1657,28
572;10/16/2022;10/16/2022 19:16;7446,20;12,83;910,00;4982,56;462,50;36,20;1054,94
573;10/16/2022;10/16/2022 19:18;7335,00;12,62;923,08;4983,75;43,25;58,56;1326,36
574;10/16/2022;10/16/2022 19:19;7487,08;12,47;915,25;5004,13;86,50;68,22;1412,99
575;10/16/2022;10/16/2022 19:21;7909,69;12,36;928,00;5006,50;129,75;77,11;1768,33
576;10/16/2022;10/16/2022 19:22;6807,28;12,51;1004,14;3553,44;283,71;133,14;1832,84
577;10/16/2022;10/16/2022 19:24;7387,88;12,49;908,12;4127,44;97,67;64,33;2190,32
578;10/16/2022;10/16/2022 19:25;7352,81;12,47;474,00;5024,89;103,71;96,56;1653,66
579;10/16/2022;10/16/2022 19:27;7291,94;12,49;125,30;5031,88;101,69;94,11;1938,96
580;10/16/2022;10/16/2022 19:28;7373,27;12,53;250,60;5046,00;168,65;96,00;1812,03
581;10/16/2022;10/16/2022 19:30;7101,53;12,57;375,90;4920,33;216,29;101,50;1487,50
582;10/16/2022;10/16/2022 19:31;5310,53;12,97;501,20;2548,40;181,00;128,20;1951,73
583;10/16/2022;10/16/2022 19:33;6677,27;12,88;626,50;4940,00;33,17;58,13;1019,48
584;10/16/2022;10/16/2022 19:34;5510,60;13,07;209,38;2889,25;216,43;125,67;2069,87
585;10/16/2022;10/16/2022 19:36;6150,62;13,20;418,76;3524,70;239,39;88,57;1879,20
586;10/16/2022;10/16/2022 19:37;5418,15;13,36;628,15;2590,63;275,56;125,11;1798,72
587;10/16/2022;10/16/2022 19:39;5475,75;13,56;837,53;2727,89;170,64;99,88;1639,82
588;10/16/2022;10/16/2022 19:40;5364,33;13,75;1046,91;2938,78;230,16;136,00;1012,49
589;10/16/2022;10/16/2022 19:42;3683,53;14,16;1256,29;867,13;219,53;138,89;1201,69
590;10/16/2022;10/16/2022 19:43;4028,88;14,54;1465,67;465,63;442,11;148,00;1507,48
591;10/16/2022;10/16/2022 19:45;7512,86;14,19;6137,06;556,17;0,00;0,00;819,63
592;10/16/2022;10/16/2022 19:46;7625,19;13,53;6317,76;609,22;113,08;43,04;542,08
593;10/16/2022;10/16/2022 19:48;8738,94;12,85;6293,07;1795,22;226,17;86,07;338,42
594;10/16/2022;10/16/2022 19:49;9690,44;12,31;6298,07;2463,00;339,25;129,11;461,02
595;10/16/2022;10/16/2022 19:51;9113,47;12,44;5548,72;1845,11;452,33;172,14;1095,16
596;10/16/2022;10/16/2022 19:52;8233,86;12,77;5360,94;736,33;241,00;87,43;1808,16
597;10/16/2022;10/16/2022 19:54;9443,22;12,38;6295,27;2041,11;23,80;29,33;1053,71
598;10/16/2022;10/16/2022 19:55;10224,36;12,16;6314,35;2531,89;47,60;74,22;1256,29
599;10/16/2022;10/16/2022 19:57;11323,63;11,94;6278,14;3722,75;167,41;63,50;1091,82
600;10/16/2022;10/16/2022 19:58;11289,47;11,98;4541,41;4792,78;203,82;128,11;1623,35
601;10/16/2022;10/16/2022 20:00;9799,47;12,29;2758,50;4826,00;155,47;112,44;1947,06
602;10/16/2022;10/16/2022 20:01;8097,57;12,43;1049,06;5072,33;126,06;109,13;1740,99
603;10/16/2022;10/16/2022 20:03;7678,06;12,44;937,88;5047,63;105,67;89,40;1497,50
604;10/16/2022;10/16/2022 20:04;7785,29;12,41;942,15;5025,56;218,31;88,63;1510,64
605;10/16/2022;10/16/2022 20:06;7745,25;12,43;938,45;5034,00;109,54;97,38;1565,88
606;10/16/2022;10/16/2022 20:07;7685,50;12,44;941,80;5026,56;93,73;91,00;1532,42
607;10/16/2022;10/16/2022 20:09;7700,91;12,44;945,09;5024,25;95,40;91,75;1544,42
608;10/16/2022;10/16/2022 20:10;6687,59;12,62;984,81;3646,78;216,50;124,20;1715,30
609;10/16/2022;10/16/2022 20:12;5424,94;12,92;976,15;2218,67;294,56;123,00;1812,56
610;10/16/2022;10/16/2022 20:13;5183,93;13,11;974,67;2217,50;148,00;117,20;1726,56
611;10/16/2022;10/16/2022 20:15;5240,18;13,30;976,55;2233,00;147,08;120,00;1763,56
612;10/16/2022;10/16/2022 20:16;5168,64;13,47;979,46;2233,86;136,92;114,83;1703,57
613;10/16/2022;10/16/2022 20:18;6678,19;13,42;919,69;4379,00;90,77;77,20;1211,53
614;10/16/2022;10/16/2022 20:19;7920,56;13,04;1847,64;4980,22;135,33;39,00;918,36
615;10/16/2022;10/16/2022 20:21;7187,27;12,87;968,93;4822,44;114,67;71,33;1209,89
616;10/16/2022;10/16/2022 20:22;5504,80;13,13;999,92;2266,44;176,94;137,50;1924,00
617;10/16/2022;10/16/2022 20:24;6472,47;13,14;927,69;3877,11;103,86;69,57;1494,23
618;10/16/2022;10/16/2022 20:25;8502,26;12,74;2588,80;4933,33;64,67;18,75;896,71
619;10/16/2022;10/16/2022 20:27;8167,00;12,54;1751,50;5013,33;145,44;83,00;1173,73
620;10/16/2022;10/16/2022 20:28;6503,59;12,82;808,00;3494,56;169,71;123,00;1908,33
621;10/16/2022;10/16/2022 20:30;7091,67;13,01;289,81;4987,78;138,19;116,00;1559,89
622;10/16/2022;10/16/2022 20:31;6072,69;13,32;579,63;3940,13;290,67;153,13;1109,14
623;10/16/2022;10/16/2022 20:33;4808,65;13,96;869,44;1122,50;415,39;228,11;2173,20
624;10/16/2022;10/16/2022 20:34;4598,31;14,40;1077,15;879,50;237,71;225,22;2178,73
625;10/16/2022;10/16/2022 20:36;4970,88;14,66;2525,53;336,43;158,67;124,11;1826,14
626;10/16/2022;10/16/2022 20:37;5300,23;14,96;2648,50;715,40;167,44;131,11;1637,78
627;10/16/2022;10/16/2022 20:39;5006,40;14,97;2615,42;798,89;119,00;76,25;1396,84
628;10/16/2022;10/16/2022 20:40;5120,67;14,72;2538,81;771,75;172,94;149,43;1487,74
629;10/16/2022;10/16/2022 20:42;7158,18;14,55;3456,94;2415,80;57,22;136,89;1091,32
630;10/16/2022;10/16/2022 20:43;6024,59;14,78;1049,77;2619,00;182,24;142,11;2031,47
631;10/16/2022;10/16/2022 20:45;5599,29;14,82;1451,38;2703,37;104,46;78,67;1261,41
632;10/16/2022;10/16/2022 20:46;5500,35;14,80;2577,06;866,50;225,18;104,78;1726,84
633;10/16/2022;10/16/2022 20:48;6386,50;14,89;2586,36;1921,78;169,08;178,78;1530,50
634;10/16/2022;10/16/2022 20:49;5900,44;14,45;2469,29;2674,38;0,00;84,00;672,78
635;10/16/2022;10/16/2022 20:51;9126,41;13,81;5435,87;2764,13;0,00;9,00;917,41
636;10/16/2022;10/16/2022 20:52;8749,44;13,18;6294,18;1934,33;0,00;47,09;473,83
637;10/16/2022;10/16/2022 20:54;10839,00;12,16;6216,24;4469,70;0,00;94,19;58,88
638;10/16/2022;10/16/2022 20:55;12413,12;11,71;6256,53;5140,22;0,00;141,29;875,08
639;10/16/2022;10/16/2022 20:57;12869,94;11,63;6275,69;5030,00;113,00;120,50;1330,74
640;10/16/2022;10/16/2022 20:58;11989,11;11,83;4286,27;5136,75;226,00;146,38;2193,71
641;10/16/2022;10/16/2022 21:00;12406,44;11,70;6221,13;4953,70;154,50;22,00;1055,11
642;10/16/2022;10/16/2022 21:01;12864,06;11,58;6262,61;5011,00;133,28;84,00;1373,17
643;10/16/2022;10/16/2022 21:03;13228,13;11,57;6294,75;5040,38;106,62;194,75;1591,63
644;10/16/2022;10/16/2022 21:04;13114,92;11,61;6315,56;5046,67;93,50;112,33;1546,86
645;10/16/2022;10/16/2022 21:06;11115,56;11,88;3981,36;5107,88;213,06;136,00;1677,27
646;10/16/2022;10/16/2022 21:07;8587,59;12,26;949,25;5099,11;309,47;136,67;2093,09
647;10/16/2022;10/16/2022 21:09;10936,05;11,87;5185,13;4919,00;255,22;64,50;512,20
648;10/16/2022;10/16/2022 21:10;11014,78;11,88;4036,00;5099,56;275,00;220,56;1383,67
649;10/16/2022;10/16/2022 21:12;8368,71;12,30;945,50;4662,00;183,33;126,56;2451,32
650;10/16/2022;10/16/2022 21:13;7990,13;12,44;954,82;5044,75;151,36;106,88;1732,33
651;10/16/2022;10/16/2022 21:15;6953,56;12,67;988,07;3778,56;288,61;121,33;1776,99
652;10/16/2022;10/16/2022 21:16;6544,20;12,83;960,75;3547,67;133,85;123,86;1778,08
653;10/16/2022;10/16/2022 21:18;7171,65;12,81;940,00;4357,78;176,82;189,89;1507,16
654;10/16/2022;10/16/2022 21:19;6605,27;12,94;971,50;3631,67;130,81;111,88;1759,41
655;10/16/2022;10/16/2022 21:21;6381,80;13,04;964,54;3395,78;250,54;109,50;1661,45
656;10/16/2022;10/16/2022 21:22;4786,06;13,41;1026,60;1325,67;280,68;145,88;2007,23
657;10/16/2022;10/16/2022 21:24;4124,30;13,77;1004,50;840,86;173,46;172,13;1933,36
658;10/16/2022;10/16/2022 21:25;4210,36;14,06;1000,00;856,78;182,35;238,89;1932,34
659;10/16/2022;10/16/2022 21:27;4226,88;14,41;1022,47;871,25;193,93;139,71;1999,52
660;10/16/2022;10/16/2022 21:28;3749,44;14,77;1039,64;393,33;334,88;137,67;1843,92
661;10/16/2022;10/16/2022 21:30;4067,50;15,06;1027,46;808,75;191,40;135,22;1904,67
662;10/16/2022;10/16/2022 21:31;5271,07;15,09;2365,07;1160,00;99,15;145,67;1501,18
663;10/16/2022;10/16/2022 21:33;5213,53;14,72;1304,00;2534,67;96,67;107,11;1171,08
664;10/16/2022;10/16/2022 21:34;6359,47;15,02;1225,94;2635,00;200,72;136,56;2161,25
665;10/16/2022;10/16/2022 21:36;5534,88;14,71;1479,27;2997,78;180,38;5,75;871,70
666;10/16/2022;10/16/2022 21:37;5835,75;14,85;659,75;2740,33;383,92;231,83;1819,92
667;10/16/2022;10/16/2022 21:39;3046,90;15,39;428,96;837,89;154,00;186,78;1439,26
668;10/16/2022;10/16/2022 21:40;3088,61;14,99;857,92;974,44;103,86;48,67;1103,71
669;10/16/2022;10/16/2022 21:42;5810,00;15,03;1007,00;2698,00;207,73;105,25;1792,02
670;10/16/2022;10/16/2022 21:43;6026,67;14,78;2297,69;2271,22;154,71;42,00;1261,04
671;10/16/2022;10/16/2022 21:45;5454,38;14,82;2615,38;839,00;156,87;120,56;1722,58
672;10/16/2022;10/16/2022 21:46;6953,55;14,56;2555,08;2725,00;64,60;133,33;1475,54
673;10/16/2022;10/16/2022 21:48;8524,53;13,82;2582,56;4850,11;91,33;65,25;935,27
674;10/16/2022;10/16/2022 21:49;10726,00;12,62;6114,53;4696,89;182,67;65,84;-333,92
675;10/16/2022;10/16/2022 21:51;9058,29;12,53;5899,00;960,11;274,00;131,67;1793,52
676;10/16/2022;10/16/2022 21:52;8169,25;12,79;951,00;4512,33;121,47;140,00;2444,45
677;10/16/2022;10/16/2022 21:54;7890,11;12,96;1676,31;3381,44;190,83;215,75;2425,78
678;10/16/2022;10/16/2022 21:55;7958,18;13,23;2448,78;2766,30;215,70;127,62;2399,77
679;10/16/2022;10/16/2022 21:57;9993,11;12,39;4106,23;4896,22;78,38;66,74;845,54
680;10/16/2022;10/16/2022 21:58;12448,72;11,73;6251,62;5008,78;125,75;133,48;929,09
681;10/16/2022;10/16/2022 22:00;11434,82;11,96;4096,93;5156,33;251,50;200,22;1729,84
682;10/16/2022;10/16/2022 22:01;11315,82;12,00;4712,40;4916,78;149,38;152,80;1384,47
683;10/16/2022;10/16/2022 22:03;12816,11;11,63;6248,79;4995,11;149,83;65,00;1357,38
684;10/16/2022;10/16/2022 22:04;13393,88;11,56;6275,73;5029,00;126,81;95,63;1866,72
685;10/16/2022;10/16/2022 22:06;13356,38;11,54;6283,38;5017,44;59,21;91,44;1904,91
686;10/16/2022;10/16/2022 22:07;12201,44;11,80;4091,06;5144,71;309,82;219,78;2436,06
687;10/16/2022;10/16/2022 22:09;10421,21;12,19;2487,14;5087,67;153,11;155,44;2537,85
688;10/16/2022;10/16/2022 22:10;9890,65;12,29;2220,25;5087,13;270,47;122,57;2190,23
689;10/16/2022;10/16/2022 22:12;9729,62;12,27;2720,86;4964,38;68,54;62,89;1912,96
690;10/16/2022;10/16/2022 22:13;9389,87;12,36;2798,29;4360,00;163,94;124,14;1943,49
691;10/16/2022;10/16/2022 22:15;7735,17;12,97;2865,67;1891,67;282,11;276,44;2419,28
692;10/16/2022;10/16/2022 22:16;6255,83;13,79;2084,76;948,22;373,19;200,14;2649,52
693;10/16/2022;10/16/2022 22:18;5221,25;14,67;1128,53;458,00;488,94;207,56;2938,22
694;10/16/2022;10/16/2022 22:19;4439,73;15,33;1043,87;808,17;197,73;141,25;2248,72
695;10/16/2022;10/16/2022 22:21;3444,73;15,22;859,62;876,11;76,00;79,71;1553,29
696;10/16/2022;10/16/2022 22:22;4401,53;15,00;0,00;2537,78;150,33;173,89;1539,53
697;10/16/2022;10/16/2022 22:24;5468,43;15,14;815,80;2581,56;247,69;98,86;1724,53
698;10/16/2022;10/16/2022 22:25;5273,95;14,92;959,47;2740,11;128,15;29,50;1416,72
699;10/16/2022;10/16/2022 22:27;5464,75;14,88;2248,88;917,00;98,71;98,14;2102,03
700;10/16/2022;10/16/2022 22:28;5791,57;14,90;2598,80;826,86;104,33;218,86;2042,72
701;10/16/2022;10/16/2022 22:30;5599,63;14,86;2598,54;808,56;81,85;92,56;2018,13
702;10/16/2022;10/16/2022 22:31;6681,88;14,45;2492,12;2336,50;167,46;22,00;1663,80
703;10/16/2022;10/16/2022 22:33;8591,56;14,09;4456,94;2753,63;129,27;64,33;1187,39
704;10/16/2022;10/16/2022 22:34;9317,45;13,14;6283,44;2580,00;36,88;52,00;365,13
705;10/16/2022;10/16/2022 22:36;9760,11;12,39;6269,59;2209,67;73,75;134,67;1072,44
706;10/16/2022;10/16/2022 22:37;12255,67;11,75;6248,06;4973,56;110,63;103,00;820,43
707;10/16/2022;10/16/2022 22:39;11245,47;11,93;6405,31;2991,78;147,50;182,89;1517,99
708;10/16/2022;10/16/2022 22:40;9921,65;12,29;6381,44;1071,00;149,62;117,50;2202,10
709;10/16/2022;10/16/2022 22:42;12139,65;11,79;6235,53;4878,56;107,07;115,33;803,15
710;10/16/2022;10/16/2022 22:43;12444,64;11,74;6335,56;4016,56;214,15;178,25;1700,13
711;10/16/2022;10/16/2022 22:45;10843,35;12,05;6334,88;2083,67;202,89;113,00;2108,91
712;10/16/2022;10/16/2022 22:46;11095,55;12,01;6391,20;2248,78;338,11;147,86;1969,61
713;10/16/2022;10/16/2022 22:48;8905,33;12,54;4735,44;1161,33;335,53;178,00;2495,03
714;10/16/2022;10/16/2022 22:49;11582,41;11,93;6201,75;4828,22;0,00;100,00;452,44
715;10/16/2022;10/16/2022 22:51;12330,78;11,73;5353,27;5085,78;173,75;91,00;1626,98
716;10/16/2022;10/16/2022 22:52;10856,31;12,08;2744,93;5092,56;342,29;128,44;2548,09
717;10/16/2022;10/16/2022 22:54;10404,60;12,15;2773,86;5056,11;202,33;103,63;2268,67
718;10/16/2022;10/16/2022 22:55;10231,17;12,18;2758,69;5035,00;188,29;107,29;2141,89
719;10/16/2022;10/16/2022 22:57;10314,31;12,19;2750,14;5037,88;190,13;193,11;2143,05
720;10/16/2022;10/16/2022 22:58;9609,40;12,28;1899,85;5032,63;321,39;97,89;2257,65
721;10/16/2022;10/16/2022 23:00;9046,78;12,43;1332,24;5068,50;318,29;103,88;2223,87
722;10/16/2022;10/16/2022 23:01;8255,76;12,60;714,89;5049,00;201,12;116,71;2174,04
723;10/16/2022;10/16/2022 23:03;7740,87;12,77;435,58;5015,11;181,06;188,78;1920,33
724;10/16/2022;10/16/2022 23:04;8346,06;12,78;871,13;4986,11;151,71;120,89;2216,22
725;10/16/2022;10/16/2022 23:06;8270,15;12,75;937,36;4979,33;209,35;85,50;2058,61
726;10/16/2022;10/16/2022 23:07;8377,44;12,75;2052,62;3848,67;252,50;96,33;2127,32
727;10/16/2022;10/16/2022 23:09;8328,40;12,76;2599,00;3509,75;152,43;94,38;1972,85
728;10/16/2022;10/16/2022 23:10;8361,73;12,72;2604,40;3534,44;143,19;203,44;1876,25
729;10/16/2022;10/16/2022 23:12;8406,73;12,75;2614,23;3591,00;161,59;98,63;1941,28
730;10/16/2022;10/16/2022 23:13;7531,19;12,86;3289,33;1815,67;293,81;112,75;2019,62
731;10/16/2022;10/16/2022 23:15;7861,44;12,79;5259,06;678,22;261,78;117,25;1545,14
732;10/16/2022;10/16/2022 23:16;4837,61;13,55;1022,79;400,40;330,33;225,22;2858,87
733;10/16/2022;10/16/2022 23:18;5722,53;13,87;2031,14;833,88;268,18;186,56;2402,78
734;10/16/2022;10/16/2022 23:19;6719,13;13,90;2591,00;2130,33;190,56;56,43;1750,80
735;10/16/2022;10/16/2022 23:21;7178,25;13,81;2587,27;2503,33;319,87;62,75;1705,02
736;10/16/2022;10/16/2022 23:22;8836,59;12,98;5466,82;2681,56;121,14;104,63;462,44
737;10/16/2022;10/16/2022 23:24;10140,89;12,25;6318,47;2396,33;122,50;209,25;1094,34
738;10/16/2022;10/16/2022 23:25;9757,50;12,34;6374,78;817,11;206,33;123,37;2235,90
739;10/16/2022;10/16/2022 23:27;10819,26;12,05;6301,75;2651,00;243,13;95,75;1527,64
740;10/16/2022;10/16/2022 23:28;10554,00;12,14;6334,59;1934,56;282,71;89,67;1912,48
741;10/16/2022;10/16/2022 23:30;12541,59;11,68;6234,94;4948,50;146,14;100,33;1111,67
742;10/16/2022;10/16/2022 23:31;12544,26;11,86;4603,95;5061,20;351,67;231,25;2296,20
743;10/16/2022;10/16/2022 23:33;13212,31;11,70;6254,06;4993,00;122,40;61,33;1781,52
744;10/16/2022;10/16/2022 23:34;13553,43;11,61;6280,50;5020,75;210,00;90,56;1951,62
745;10/16/2022;10/16/2022 23:36;13807,46;11,60;6293,54;5036,89;249,00;96,22;2131,81
746;10/16/2022;10/16/2022 23:37;13827,79;11,58;6302,69;5031,22;149,13;164,78;2179,97
747;10/16/2022;10/16/2022 23:39;12043,39;11,93;3495,07;5163,78;321,94;179,78;2882,83
748;10/16/2022;10/16/2022 23:40;9395,33;12,54;989,25;5088,67;267,22;172,89;2877,31
749;10/16/2022;10/16/2022 23:42;8663,53;12,77;963,62;5021,33;255,82;113,50;2309,26
750;10/16/2022;10/16/2022 23:43;8943,00;12,71;1390,20;4954,11;213,50;102,50;2282,69
751;10/16/2022;10/16/2022 23:45;10976,42;12,16;4398,56;5015,33;182,40;160,00;1220,13
752;10/16/2022;10/16/2022 23:46;9242,71;12,56;982,23;5066,56;277,06;141,33;2775,53
753;10/16/2022;10/16/2022 23:48;8711,94;12,78;814,54;5045,22;320,47;118,25;2413,46
754;10/16/2022;10/16/2022 23:49;7883,76;13,09;255,75;5032,44;380,25;126,56;2088,76
755;10/16/2022;10/16/2022 23:51;7845,73;13,25;511,50;5034,00;221,22;203,29;1875,73
756;10/16/2022;10/16/2022 23:52;7688,67;13,24;962,71;4424,89;158,69;140,33;2002,05
757;10/16/2022;10/16/2022 23:54;7802,07;13,31;1795,46;3578,44;143,94;83,50;2200,72
758;10/16/2022;10/16/2022 23:55;8173,75;13,08;2553,20;3452,00;81,82;0,00;2086,73
759;10/16/2022;10/16/2022 23:57;8247,43;12,75;2571,86;3541,11;199,64;118,00;1816,82
760;10/16/2022;10/16/2022 23:58;7694,44;12,98;2598,28;1810,38;299,50;236,00;2750,29
761;10/17/2022;10/17/2022 0:00;6363,82;13,53;2519,62;715,33;276,06;146,78;2706,03
762;10/17/2022;10/17/2022 0:01;6793,94;13,56;4086,22;300,00;134,71;67,83;2205,17
763;10/17/2022;10/17/2022 0:03;8352,43;12,93;6313,56;659,25;67,33;58,00;1254,29
764;10/17/2022;10/17/2022 0:04;9730,28;12,31;6280,07;2019,44;134,67;116,00;1180,10
765;10/17/2022;10/17/2022 0:06;9600,93;12,27;4978,88;2570,62;264,88;200,67;1585,88
766;10/17/2022;10/17/2022 0:07;7491,06;13,12;1024,60;2932,22;266,13;178,56;3089,56
767;10/17/2022;10/17/2022 0:09;6617,82;13,52;1027,00;3145,67;222,26;148,33;2074,56
768;10/17/2022;10/17/2022 0:10;5509,50;13,97;2129,08;829,88;267,22;130,20;2153,13
769;10/17/2022;10/17/2022 0:12;6903,87;14,04;2568,71;2180,89;186,86;208,50;1758,91
770;10/17/2022;10/17/2022 0:13;6878,77;13,92;2539,46;2791,00;57,80;131,67;1358,84
771;10/17/2022;10/17/2022 0:15;7767,00;13,52;4780,56;2050,44;64,20;44,00;827,79
772;10/17/2022;10/17/2022 0:16;9353,88;12,58;6234,41;2930,00;42,08;118,33;29,06
773;10/17/2022;10/17/2022 0:18;10955,94;12,02;6315,19;3608,22;84,17;236,67;711,70
774;10/17/2022;10/17/2022 0:19;10143,33;12,26;6343,11;1741,78;126,25;191,11;1741,08
775;10/17/2022;10/17/2022 0:21;12087,82;11,76;6250,00;4961,67;134,31;17,00;724,84
776;10/17/2022;10/17/2022 0:22;11821,50;11,83;4490,53;5085,78;268,63;126,50;1850,07
777;10/17/2022;10/17/2022 0:24;12289,44;11,70;6179,47;4965,89;0,00;39,00;1105,08
778;10/17/2022;10/17/2022 0:25;13007,13;11,58;6268,00;5013,90;178,37;173,60;1373,25
779;10/17/2022;10/17/2022 0:27;13462,63;11,64;6328,60;5070,75;134,28;117,13;1811,87
780;10/17/2022;10/17/2022 0:28;12405,00;11,90;5080,63;5118,13;165,88;123,67;1916,70
781;10/17/2022;10/17/2022 0:30;10503,53;12,28;3050,47;5102,67;186,22;133,00;2031,17
782;10/17/2022;10/17/2022 0:31;9585,35;12,52;2252,12;5067,44;211,22;135,00;1919,56
783;10/17/2022;10/17/2022 0:33;9319,69;12,55;2383,15;4959,44;159,81;181,11;1636,16
784;10/17/2022;10/17/2022 0:34;9351,60;12,55;2490,62;4996,43;122,00;91,89;1650,67
785;10/17/2022;10/17/2022 0:36;8438,21;12,82;975,94;5076,80;285,13;124,44;1975,90
786;10/17/2022;10/17/2022 0:37;7755,36;13,11;534,67;5066,22;200,47;135,00;1819,00
787;10/17/2022;10/17/2022 0:39;7698,76;13,39;680,75;5027,22;295,39;209,44;1485,96
788;10/17/2022;10/17/2022 0:40;7406,06;13,40;969,81;4609,25;164,81;151,56;1510,63
789;10/17/2022;10/17/2022 0:42;7197,35;13,67;1157,88;3645,67;159,50;137,44;2096,87
790;10/17/2022;10/17/2022 0:43;7377,47;13,45;2321,89;3512,63;14,50;66,43;1462,02
791;10/17/2022;10/17/2022 0:45;6965,94;13,38;2640,88;2198,70;212,91;108,00;1805,45
792;10/17/2022;10/17/2022 0:46;6243,33;13,80;2625,07;709,78;330,25;250,67;2327,57
793;10/17/2022;10/17/2022 0:48;5286,21;14,14;2258,00;182,50;285,13;148,43;2412,16
794;10/17/2022;10/17/2022 0:49;4801,50;14,57;990,00;926,80;212,60;159,33;2512,77
795;10/17/2022;10/17/2022 0:51;5487,53;14,77;1001,45;2038,78;117,56;128,00;2201,74
796;10/17/2022;10/17/2022 0:52;5925,69;14,80;1000,08;2316,56;121,36;203,00;2284,69
797;10/17/2022;10/17/2022 0:54;6272,65;14,60;1815,08;2760,56;196,65;107,33;1393,03
798;10/17/2022;10/17/2022 0:55;6738,90;14,46;1936,94;2925,89;338,20;168,17;1369,69
799;10/17/2022;10/17/2022 0:57;5166,76;14,98;1526,93;929,30;196,65;114,56;2399,33
800;10/17/2022;10/17/2022 0:58;6270,61;14,48;2477,12;2466,38;68,00;50,50;1208,62
801;10/17/2022;10/17/2022 1:00;7564,19;14,38;2470,09;2871,57;136,00;212,13;1874,40
802;10/17/2022;10/17/2022 1:01;6186,61;14,75;1107,69;2260,60;331,44;137,33;2349,55
803;10/17/2022;10/17/2022 1:03;7143,82;14,33;2234,56;4168,50;8,93;36,59;695,23
804;10/17/2022;10/17/2022 1:04;9387,53;13,41;3953,72;4927,78;17,87;73,19;414,97
805;10/17/2022;10/17/2022 1:06;10903,94;12,31;5984,11;4914,78;26,80;109,78;-131,53
806;10/17/2022;10/17/2022 1:07;12266,44;11,76;5846,67;4994,11;35,73;146,38;1243,56
807;10/17/2022;10/17/2022 1:09;12828,50;11,62;6277,67;5030,50;44,66;84,38;1391,29
808;10/17/2022;10/17/2022 1:10;12958,33;11,60;6294,27;5026,89;53,60;93,56;1490,02
809;10/17/2022;10/17/2022 1:12;12964,63;11,57;6303,54;5033,63;62,53;93,38;1471,56
810;10/17/2022;10/17/2022 1:13;13149,13;11,59;6310,29;5047,44;71,46;103,78;1616,16
811;10/17/2022;10/17/2022 1:15;12302,76;11,77;4740,44;5130,78;306,76;236,56;1888,22
812;10/17/2022;10/17/2022 1:16;10384,95;12,16;2929,82;5075,33;206,75;116,33;2056,71
813;10/17/2022;10/17/2022 1:18;9923,00;12,31;2777,43;5046,78;253,14;104,89;1740,76
814;10/17/2022;10/17/2022 1:19;9626,80;12,36;2758,93;5036,25;148,40;93,00;1590,22
815;10/17/2022;10/17/2022 1:21;9638,50;12,37;2764,57;5033,63;155,94;101,88;1582,49
816;10/17/2022;10/17/2022 1:22;9681,75;12,34;2755,70;5014,00;199,19;191,22;1521,64
817;10/17/2022;10/17/2022 1:24;10969,41;12,06;5088,29;4859,78;95,00;61,80;864,54
818;10/17/2022;10/17/2022 1:25;8931,83;12,49;2242,50;3735,90;326,74;168,50;2458,20
819;10/17/2022;10/17/2022 1:27;8465,15;12,75;2771,06;3618,33;113,54;111,67;1850,56
820;10/17/2022;10/17/2022 1:28;7834,42;12,89;2064,54;3502,87;186,20;130,11;1950,70
821;10/17/2022;10/17/2022 1:30;7478,38;13,31;1020,45;3672,89;330,78;236,29;2217,97
822;10/17/2022;10/17/2022 1:31;6181,89;14,01;323,75;2949,11;327,82;198,70;2382,50
823;10/17/2022;10/17/2022 1:33;4383,13;14,81;985,20;835,89;260,33;161,89;2139,81
824;10/17/2022;10/17/2022 1:34;3708,13;15,17;1038,62;226,40;185,73;138,33;2119,05
825;10/17/2022;10/17/2022 1:36;4693,50;15,10;2277,20;795,67;80,67;42,80;1497,17
826;10/17/2022;10/17/2022 1:37;5827,29;14,61;2534,75;1941,78;94,55;102,00;1154,22
827;10/17/2022;10/17/2022 1:39;7204,00;14,60;2586,77;2581,78;132,87;121,25;1781,34
828;10/17/2022;10/17/2022 1:40;6191,82;14,30;2205,00;2590,00;29,25;56,14;1311,43
829;10/17/2022;10/17/2022 1:42;8760,41;14,03;2654,06;4323,00;84,00;77,86;1621,49
830;10/17/2022;10/17/2022 1:43;6263,76;14,77;1130,71;1557,44;427,22;231,75;2916,63
831;10/17/2022;10/17/2022 1:45;6069,33;14,80;2355,06;1602,13;191,00;123,90;1797,25
832;10/17/2022;10/17/2022 1:46;7125,50;14,33;2576,50;2780,33;69,33;61,50;1637,83
833;10/17/2022;10/17/2022 1:48;7395,62;14,42;2641,29;2625,44;122,53;133,63;1872,74
834;10/17/2022;10/17/2022 1:49;8982,45;13,52;5992,78;2472,89;8,50;53,33;454,95
835;10/17/2022;10/17/2022 1:51;11282,82;12,24;6230,57;4773,56;0,00;57,92;220,78
836;10/17/2022;10/17/2022 1:52;12644,06;11,68;6250,47;4997,89;0,00;115,83;1279,86
837;10/17/2022;10/17/2022 1:54;13191,46;11,56;6272,54;5026,00;0,00;102,29;1790,63
838;10/17/2022;10/17/2022 1:55;13495,40;11,54;6301,59;5047,20;0,00;95,13;2051,49
839;10/17/2022;10/17/2022 1:57;13904,15;11,67;6350,29;5076,44;119,20;109,22;2248,99
840;10/17/2022;10/17/2022 1:58;13810,08;11,64;6335,31;5071,13;169,12;129,63;2104,91
841;10/17/2022;10/17/2022 2:00;13856,47;11,65;6331,09;5056,75;169,31;164,44;2134,87
842;10/17/2022;10/17/2022 2:01;12284,27;11,90;4380,88;5070,00;183,81;173,67;2475,91
843;10/17/2022;10/17/2022 2:03;12851,12;11,73;6223,00;4949,89;121,26;53,50;1503,47
844;10/17/2022;10/17/2022 2:04;11979,47;11,93;4317,65;5117,00;242,53;157,89;2144,40
845;10/17/2022;10/17/2022 2:06;8780,24;12,68;2873,81;2554,11;428,33;268,67;2655,31
846;10/17/2022;10/17/2022 2:07;8312,69;12,93;2731,47;3823,67;228,17;149,20;1380,19
847;10/17/2022;10/17/2022 2:09;8823,71;12,62;2515,56;4992,56;126,00;66,00;1123,59
848;10/17/2022;10/17/2022 2:10;9175,63;12,65;2249,71;5017,11;134,13;87,22;1687,45
849;10/17/2022;10/17/2022 2:12;6955,33;13,22;1947,50;1868,89;368,89;205,33;2564,72
850;10/17/2022;10/17/2022 2:13;6892,50;13,73;779,57;3432,33;264,65;230,78;2185,17
851;10/17/2022;10/17/2022 2:15;6613,69;13,95;224,48;4389,75;219,56;108,67;1671,22
852;10/17/2022;10/17/2022 2:16;6864,61;14,03;448,96;4502,50;239,56;95,25;1578,35
853;10/17/2022;10/17/2022 2:18;5189,89;14,78;673,44;1899,22;304,12;189,11;2124,00
854;10/17/2022;10/17/2022 2:19;3660,94;15,19;897,91;440,56;188,65;204,00;1929,83
855;10/17/2022;10/17/2022 2:21;3375,47;15,16;1297,31;629,83;177,18;141,50;1129,65
856;10/17/2022;10/17/2022 2:22;4892,06;14,84;2542,13;966,33;57,86;62,25;1263,49
857;10/17/2022;10/17/2022 2:24;6730,85;14,73;2597,55;2541,56;53,80;61,67;1476,28
858;10/17/2022;10/17/2022 2:25;6838,06;14,56;2581,31;2611,20;0,00;39,20;1606,34
859;10/17/2022;10/17/2022 2:27;7397,29;14,29;2585,36;2992,20;124,14;169,00;1526,59
860;10/17/2022;10/17/2022 2:28;6865,15;14,50;2943,15;868,44;327,00;144,11;2582,45
861;10/17/2022;10/17/2022 2:30;8324,18;13,90;6219,06;1327,75;0,00;0,00;777,37
862;10/17/2022;10/17/2022 2:31;7294,72;13,97;1855,37;2865,44;243,40;178,25;2152,25
863;10/17/2022;10/17/2022 2:33;6926,40;14,47;1574,63;2646,11;163,41;182,75;2359,50
864;10/17/2022;10/17/2022 2:34;6727,56;14,30;2536,13;2423,10;134,83;167,83;1465,66
865;10/17/2022;10/17/2022 2:36;8438,13;13,66;2529,43;4725,38;48,70;42,75;1091,87
866;10/17/2022;10/17/2022 2:37;8248,53;13,04;2533,47;4986,11;54,50;85,50;588,95
867;10/17/2022;10/17/2022 2:39;8160,12;12,80;1683,00;5022,70;109,00;105,00;1240,42
868;10/17/2022;10/17/2022 2:40;8513,31;12,79;1832,36;4978,29;93,50;186,44;1422,73
869;10/17/2022;10/17/2022 2:42;9914,61;12,30;3381,20;5028,33;241,29;110,00;1153,79
870;10/17/2022;10/17/2022 2:43;10956,59;12,12;4298,25;4918,33;220,75;73,67;1445,59
871;10/17/2022;10/17/2022 2:45;12680,37;11,66;6259,06;5014,78;423,50;59,40;923,63
872;10/17/2022;10/17/2022 2:46;13094,13;11,61;6284,53;5032,33;847,00;115,86;814,41
873;10/17/2022;10/17/2022 2:48;13230,73;11,62;6302,77;5032,43;96,29;184,78;1614,46
874;10/17/2022;10/17/2022 2:49;13259,47;11,55;6291,73;5027,29;158,31;87,71;1694,43
875;10/17/2022;10/17/2022 2:51;12157,25;11,79;4290,60;5086,56;281,79;140,33;2357,98
876;10/17/2022;10/17/2022 2:52;12811,88;11,62;6234,17;4991,78;124,64;73,40;1387,89
877;10/17/2022;10/17/2022 2:54;11979,28;11,85;4454,95;5091,89;249,27;217,89;1965,28
878;10/17/2022;10/17/2022 2:55;10449,32;12,17;2772,76;5095,70;172,53;148,40;2259,92
879;10/17/2022;10/17/2022 2:57;10103,42;12,26;2779,00;5011,67;214,44;105,50;1992,81
880;10/17/2022;10/17/2022 2:58;9378,28;12,43;2792,23;4302,67;171,35;119,22;1992,81
881;10/17/2022;10/17/2022 3:00;8981,65;12,58;2776,07;4130,89;114,45;106,70;1853,54
882;10/17/2022;10/17/2022 3:01;8637,53;12,64;2115,36;4352,56;135,13;220,75;1813,74
883;10/17/2022;10/17/2022 3:03;7875,29;12,92;2821,43;2305,13;269,78;136,78;2342,18
884;10/17/2022;10/17/2022 3:04;6394,00;13,85;1700,82;821,38;566,72;219,38;3085,70
885;10/17/2022;10/17/2022 3:06;4369,95;14,75;1005,33;3,50;328,12;199,89;2833,11
886;10/17/2022;10/17/2022 3:07;3418,80;15,23;343,25;748,71;202,56;225,38;1898,91
887;10/17/2022;10/17/2022 3:09;3487,07;15,29;686,50;1159,00;110,17;182,78;1348,62
888;10/17/2022;10/17/2022 3:10;5026,89;14,84;962,13;2558,37;171,71;91,67;1243,01
889;10/17/2022;10/17/2022 3:12;6503,81;14,75;2195,50;2595,00;139,00;60,67;1513,65
890;10/17/2022;10/17/2022 3:13;6425,44;14,49;2547,67;2574,33;18,50;26,86;1258,09
891;10/17/2022;10/17/2022 3:15;6341,53;14,68;2638,60;925,56;251,94;266,22;2259,21
892;10/17/2022;10/17/2022 3:16;6669,33;14,99;2364,50;2122,44;105,33;73,00;2004,06
893;10/17/2022;10/17/2022 3:18;7196,33;13,99;4785,87;2661,44;188,42;96,31;-535,71
894;10/17/2022;10/17/2022 3:19;7076,50;14,46;1125,53;2530,00;376,83;192,63;2851,51
895;10/17/2022;10/17/2022 3:21;6862,41;14,91;1758,93;2872,56;222,12;112,38;1896,42
896;10/17/2022;10/17/2022 3:22;7397,07;13,95;2428,00;4944,00;0,00;97,60;-72,53
897;10/17/2022;10/17/2022 3:24;9956,63;13,03;5543,94;4435,22;0,00;94,00;-116,53
898;10/17/2022;10/17/2022 3:25;8755,12;12,74;6335,62;959,60;0,00;89,00;1370,89
899;10/17/2022;10/17/2022 3:27;11384,76;11,95;6230,72;4857,78;37,72;0,00;258,55
900;10/17/2022;10/17/2022 3:28;12616,75;11,66;5902,50;5011,11;75,44;181,86;1445,84
901;10/17/2022;10/17/2022 3:30;12894,63;11,60;6285,27;5034,00;113,16;101,11;1361,09
902;10/17/2022;10/17/2022 3:31;13013,47;11,58;6300,77;5035,78;150,88;95,50;1430,55
903;10/17/2022;10/17/2022 3:33;13074,71;11,57;6300,79;5040,11;185,50;90,22;1458,09
904;10/17/2022;10/17/2022 3:34;13201,08;11,59;6317,50;5051,63;128,25;100,67;1603,04
905;10/17/2022;10/17/2022 3:36;12667,81;11,68;5664,92;5074,50;135,13;192,78;1600,48
906;10/17/2022;10/17/2022 3:37;12832,83;11,60;6279,19;5037,22;65,29;79,25;1371,89
907;10/17/2022;10/17/2022 3:39;13042,87;11,57;6292,00;5035,11;109,06;95,13;1511,57
908;10/17/2022;10/17/2022 3:40;13069,50;11,54;6293,29;5029,86;173,82;91,29;1481,25
909;10/17/2022;10/17/2022 3:42;12652,00;11,68;5328,67;5088,33;183,14;168,75;1883,11
910;10/17/2022;10/17/2022 3:43;11195,00;12,03;3574,47;5107,10;180,88;182,60;2149,95
911;10/17/2022;10/17/2022 3:45;9938,50;12,26;2780,38;5058,37;140,08;114,43;1845,25
912;10/17/2022;10/17/2022 3:46;8557,88;12,66;1190,38;4781,20;257,61;147,00;2181,70
913;10/17/2022;10/17/2022 3:48;7326,35;13,11;1012,80;3628,25;320,06;182,38;2182,87
914;10/17/2022;10/17/2022 3:49;7372,77;13,51;538,40;4504,90;197,53;238,40;1893,54
915;10/17/2022;10/17/2022 3:51;6781,82;13,72;899,67;4395,88;132,06;95,63;1258,60
916;10/17/2022;10/17/2022 3:52;6043,11;14,11;2840,37;987,22;327,22;137,56;1750,74
917;10/17/2022;10/17/2022 3:54;4815,94;14,80;1109,93;454,00;413,76;200,67;2637,58
918;10/17/2022;10/17/2022 3:55;3800,84;15,30;1066,80;0,00;304,32;155,30;2274,43
919;10/17/2022;10/17/2022 3:57;3224,94;15,01;2413,87;373,63;2,50;157,37;277,57
920;10/17/2022;10/17/2022 3:58;5155,88;14,89;2634,71;747,25;175,00;138,17;1460,74
921;10/17/2022;10/17/2022 4:00;5557,83;15,12;2648,31;847,11;129,94;111,11;1821,36
922;10/17/2022;10/17/2022 4:01;6022,93;14,59;2772,63;2343,22;0,00;17,00;890,09
923;10/17/2022;10/17/2022 4:03;6534,75;14,37;1957,53;2628,33;267,08;277,67;1404,14
924;10/17/2022;10/17/2022 4:04;6572,00;14,96;1612,61;2214,78;218,24;181,11;2345,26
925;10/17/2022;10/17/2022 4:06;5105,61;15,02;2564,64;973,22;99,27;64,89;1403,59
926;10/17/2022;10/17/2022 4:07;5302,11;14,65;2568,13;1336,22;64,00;32,00;1301,76
927;10/17/2022;10/17/2022 4:09;8473,11;14,15;4957,69;2660,33;110,67;61,83;682,59
928;10/17/2022;10/17/2022 4:10;9049,65;13,35;6293,00;2175,89;27,16;97,25;456,35
929;10/17/2022;10/17/2022 4:12;9299,71;12,61;6294,67;2460,56;54,32;95,33;394,83
930;10/17/2022;10/17/2022 4:13;11239,83;11,93;6259,12;4331,44;81,48;44,33;523,46
931;10/17/2022;10/17/2022 4:15;12637,00;11,67;6266,82;5016,56;108,64;68,71;1176,27
932;10/17/2022;10/17/2022 4:16;12930,94;11,60;6281,36;5025,67;135,80;126,89;1361,22
933;10/17/2022;10/17/2022 4:18;12295,13;11,82;6391,47;3661,33;210,93;193,89;1837,50
934;10/17/2022;10/17/2022 4:19;10468,12;12,14;4286,31;3648,56;222,65;152,00;2158,61
935;10/17/2022;10/17/2022 4:21;11062,35;11,98;6270,20;3533,88;50,79;59,40;1148,09
936;10/17/2022;10/17/2022 4:22;11475,93;11,87;6298,79;3583,25;101,57;86,11;1406,22
937;10/17/2022;10/17/2022 4:24;11640,35;11,84;6270,86;3616,71;205,72;488,36;1058,70
938;10/17/2022;10/17/2022 4:25;10446,16;12,12;4706,10;3607,80;285,44;153,67;1693,14
939;10/17/2022;10/17/2022 4:27;11324,86;11,87;6289,27;3567,89;31,33;72,38;1363,99
940;10/17/2022;10/17/2022 4:28;11593,27;11,84;6308,00;3597,33;81,20;92,63;1514,11
941;10/17/2022;10/17/2022 4:30;10485,27;12,07;4409,06;3726,56;288,00;175,25;1886,40
942;10/17/2022;10/17/2022 4:31;8028,33;12,82;1150,72;3653,67;352,00;264,44;2607,50
943;10/17/2022;10/17/2022 4:33;7457,12;13,24;998,47;4053,33;170,32;129,38;2105,63
944;10/17/2022;10/17/2022 4:34;7988,79;13,36;968,00;4953,00;111,53;106,33;1849,92
945;10/17/2022;10/17/2022 4:36;8134,93;13,22;1865,35;4934,56;84,36;63,17;1187,49
946;10/17/2022;10/17/2022 4:37;7883,35;13,07;1341,25;4752,22;219,15;222,57;1348,16
947;10/17/2022;10/17/2022 4:39;6947,12;13,54;856,36;3717,44;256,47;150,33;1966,51
948;10/17/2022;10/17/2022 4:40;6421,38;13,72;427,25;3974,22;289,27;121,88;1608,77
949;10/17/2022;10/17/2022 4:42;5109,07;14,79;854,50;1076,44;407,17;221,67;2549,29
950;10/17/2022;10/17/2022 4:43;3346,25;15,23;1035,40;1,50;186,12;132,56;1990,68
951;10/17/2022;10/17/2022 4:45;3510,07;15,23;1588,20;0,19;212,71;193,89;1515,08
952;10/17/2022;10/17/2022 4:46;4506,53;15,23;2586,36;0,38;161,50;99,63;1658,67
953;10/17/2022;10/17/2022 4:48;3425,12;14,92;2553,42;0,56;70,80;44,00;756,33
954;10/17/2022;10/17/2022 4:49;5328,63;15,17;2693,59;0,75;226,63;157,44;2250,22
955;10/17/2022;10/17/2022 4:51;4433,69;15,38;2569,31;0,94;131,56;173,78;1558,10
956;10/17/2022;10/17/2022 4:52;3669,24;15,04;2449,41;1,13;128,13;99,00;991,57
957;10/17/2022;10/17/2022 4:54;6768,83;14,51;5607,20;1,31;334,00;181,67;644,65
958;10/17/2022;10/17/2022 4:55;4204,24;15,40;1099,82;1,50;302,38;181,60;2618,94
959;10/17/2022;10/17/2022 4:57;2620,88;15,02;2059,92;1,50;0,00;24,50;534,96
960;10/17/2022;10/17/2022 4:58;5239,73;15,15;2629,86;1,50;261,38;272,43;2074,56
