indice;Date              ;Time;FQI161;PIR161;FQI165;FQI169;FQI177;FQI173;FQI151
1;24/10/2022;15:20:00;5227,5;14,74;2586;786;66;129;1660,5
2;24/10/2023;15:20:01;5352;14,75;2592,75;788;96;131;1744,25
3;24/10/2024;15:20:02;5359,25;14,74;2595,5;789,63;98,25;133;1742,88
4;24/10/2025;15:20:03;5366,5;14,72;2598,25;791,25;100,5;135;1741,5
5;24/10/2026;15:20:05;5373,75;14,71;2601;792,88;102,75;137;1740,13
6;24/10/2027;15:20:06;5381;14,74;2600,5;794,5;105;141,75;1739,25
7;24/10/2028;15:20:07;5387;14,73;2600;796,13;104,29;146,5;1740,09
8;24/10/2029;15:20:08;5393;14,72;2599,5;797,75;103,57;151,25;1740,93
9;24/10/2030;15:20:10;5399;14,71;2599;799,38;102,86;156;1741,77
10;24/10/2031;15:20:11;5405;14,74;2598,5;801;102,14;160,75;1742,61
11;24/10/2032;15:20:12;5415;14,74;2598;799,89;101,43;165,5;1750,18
12;24/10/2033;15:20:13;5425;14,73;2597,5;798,78;100,71;170,25;1757,76
13;24/10/2034;15:20:15;5435;14,73;2597;797,67;100;175;1765,33
14;24/10/2035;15:20:16;5445;14,73;2593;796,56;98,67;182,5;1774,28
15;24/10/2036;15:20:17;5455;14,72;2589;795,44;97,33;190;1783,22
16;24/10/2037;15:20:18;5453,75;14,74;2587,25;794,33;96;197,5;1778,67
17;24/10/2038;15:20:20;5452,5;14,75;2585,5;793,22;94,67;205;1774,11
18;24/10/2039;15:20:21;5451,25;14,73;2583,75;792,11;93,33;212,5;1769,56
19;24/10/2040;15:20:22;5450;14,7;2582;791;92;220;1765
20;24/10/2041;15:20:23;5456,25;14,71;2582,3;786,75;87;227,5;1772,7
21;24/10/2042;15:20:25;5462,5;14,71;2582,6;782,5;82;235;1780,4
22;24/10/2043;15:20:26;5468,75;14,68;2582,9;778,25;76,83;242;1788,77
23;24/10/2044;15:20:27;5475;14,66;2583,2;774;71,67;249;1797,13
24;24/10/2045;15:20:28;5480;14,67;2583,5;772,62;66,5;256;1801,38
25;24/10/2046;15:20:30;5485;14,67;2583,8;771,23;61,33;263;1805,64
26;24/10/2047;15:20:31;5490;14,67;2584,1;769,85;56,17;270;1809,89
27;24/10/2048;15:20:32;5495;14,66;2584,4;768,46;51;277;1814,14
28;24/10/2049;15:20:33;5500;14,67;2584,7;767,08;42,83;286,22;1819,17
29;24/10/2050;15:20:35;5505;14,67;2585;765,69;34,67;295,44;1824,2
30;24/10/2051;15:20:36;5510;14,68;2584,56;764,31;26,5;304,67;1829,97
31;24/10/2052;15:20:37;5515;14,68;2584,11;762,92;18,33;313,89;1835,74
32;24/10/2053;15:20:38;5505;14,67;2583,67;761,54;10,17;323,11;1826,52
33;24/10/2054;15:20:40;5495;14,66;2583,22;760,15;2;332,33;1817,29
34;24/10/2055;15:20:41;5485;14,65;2582,78;758,77;1,33;341,56;1800,56
35;24/10/2056;15:20:42;5475;14,65;2582,33;757,38;0,67;350,78;1783,84
36;24/10/2057;15:20:43;5465;14,64;2581,89;756;0;360;1767,11
37;24/10/2058;15:20:45;5460,75;14,64;2581,44;752,75;0,29;364,63;1761,64
38;24/10/2059;15:20:46;5456,5;14,65;2581;749,5;0,57;369,25;1756,18
39;24/10/2060;15:20:47;5452,25;14,65;2580,33;746,25;0,86;373,88;1750,93
40;24/10/2061;15:20:48;5448;14,65;2579,67;743;1,14;378,5;1745,69
41;24/10/2062;15:20:50;5443,75;14,65;2579;743,1;1,43;383,13;1737,1
42;24/10/2063;15:20:51;5439,5;14,64;2578,33;743,2;1,71;387,75;1728,5
43;24/10/2064;15:20:52;5435,25;14,64;2577,67;743,3;2;392,38;1719,91
44;24/10/2065;15:20:53;5431;14,63;2577;743,4;2,29;397;1711,31
45;24/10/2066;15:20:55;5394;14,61;2577,8;743,5;2,57;387,83;1682,3
46;24/10/2067;15:20:56;5357;14,59;2578,6;743,6;2,86;378,67;1653,28
47;24/10/2068;15:20:57;5355,22;14,6;2579,4;743,7;3,14;369,5;1659,48
48;24/10/2069;15:20:58;5353,44;14,62;2580,2;743,8;3,43;360,33;1665,68
49;24/10/2070;15:21:00;5351,67;14,63;2581;743,9;3,71;351,17;1671,89
50;24/10/2071;15:21:01;5349,89;14,6;2581,67;744;4;342;1678,22
51;24/10/2072;15:21:02;5348,11;14,61;2582,33;742,57;4,29;336,45;1682,47
52;24/10/2073;15:21:03;5346,33;14,61;2583;741,14;4,57;330,91;1686,71
53;24/10/2074;15:21:05;5344,56;14,62;2583,67;739,71;4,86;325,36;1690,95
54;24/10/2075;15:21:06;5342,78;14,59;2584,33;738,29;5,14;319,82;1695,2
55;24/10/2076;15:21:07;5341;14,57;2585;736,86;5,43;314,27;1699,44
56;24/10/2077;15:21:08;5328,75;14,59;2581;735,43;5,71;308,73;1697,88
57;24/10/2078;15:21:10;5316,5;14,61;2577;734;6;303,18;1696,32
58;24/10/2079;15:21:11;5304,25;14,61;2574,25;733,38;6,29;297,64;1692,7
59;24/10/2080;15:21:12;5292;14,6;2571,5;732,75;6,57;292,09;1689,09
60;24/10/2081;15:21:13;5279,5;14,58;2568,75;732,13;6,86;286,55;1685,22
61;24/10/2082;15:21:15;5267;14,55;2566;731,5;7,14;281;1681,36
62;24/10/2083;15:21:16;5247,17;14,56;2554,5;730,88;7,43;278,5;1675,86
63;24/10/2084;15:21:17;5227,33;14,56;2543;730,25;7,71;276;1670,37
64;24/10/2085;15:21:18;5207,5;14,56;2531,5;729,63;8;273,5;1664,87
65;24/10/2086;15:21:20;5187,67;14,56;2520;729;8,29;271;1659,38
66;24/10/2087;15:21:21;5167,83;14,56;2508,5;728,25;8,57;268,5;1654,01
67;24/10/2088;15:21:22;5148;14,55;2497;727,5;8,86;266;1648,64
68;24/10/2089;15:21:23;5146,64;14,55;2484,33;726,75;9,14;262,33;1664,08
69;24/10/2090;15:21:25;5145,27;14,55;2471,67;726;9,43;258,67;1679,51
70;24/10/2091;15:21:26;5143,91;14,54;2459;725,25;9,71;255;1694,94
71;24/10/2092;15:21:27;5142,55;14,53;2446,33;724,5;10;251,33;1710,38
72;24/10/2093;15:21:28;5141,18;14,52;2433,67;723,75;10,29;247,67;1725,81
73;24/10/2094;15:21:30;5139,82;14,53;2421;723;10,57;244;1741,25
74;24/10/2095;15:21:31;5138,45;14,54;2424;726;10,86;240,33;1737,26
75;24/10/2096;15:21:32;5137,09;14,54;2427;729;11,14;236,67;1733,28
76;24/10/2097;15:21:33;5135,73;14,55;2430;732;11,43;233;1729,3
77;24/10/2098;15:21:35;5134,36;14,56;2434,5;735;11,71;223,67;1729,48
78;24/10/2099;15:21:36;5133;14,56;2439;738;12;214,33;1729,67
79;24/10/2100;15:21:37;5140;14,57;2443,5;741;12,29;205;1738,21
80;24/10/2101;15:21:38;5147;14,57;2448;744;12,57;195,67;1746,76
81;24/10/2102;15:21:40;5154;14,56;2452,5;747;12,86;186,33;1755,31
82;24/10/2103;15:21:41;5161;14,54;2457;750;13,14;177;1763,86
83;24/10/2104;15:21:42;5168;14,53;2464,33;749,75;13,43;167,67;1772,82
84;24/10/2105;15:21:43;5175;14,51;2471,67;749,5;13,71;158,33;1781,79
85;24/10/2106;15:21:45;5182;14,5;2479;749,25;14;149;1790,75
86;24/10/2107;15:21:46;5207;14,52;2514;749;14,29;144,88;1784,84
87;24/10/2108;15:21:47;5212,8;14,52;2515,57;748,75;14,57;140,75;1793,16
88;24/10/2109;15:21:48;5218,6;14,52;2517,14;748,5;14,86;136,63;1801,48
89;24/10/2110;15:21:50;5224,4;14,51;2518,71;748,25;15,14;132,5;1809,79
90;24/10/2111;15:21:51;5230,2;14,51;2520,29;748;15,43;128,38;1818,11
91;24/10/2112;15:21:52;5236;14,51;2521,86;748,55;15,71;124,25;1825,63
92;24/10/2113;15:21:53;5242;14,52;2523,43;749,09;16;120,13;1833,36
93;24/10/2114;15:21:55;5248;14,52;2525;749,64;16,29;116;1841,08
94;24/10/2115;15:21:56;5254;14,52;2527;750,18;16,57;116,33;1843,91
95;24/10/2116;15:21:57;5260;14,51;2529;750,73;16,86;116,67;1846,75
96;24/10/2117;15:21:58;5264,17;14,52;2529,5;751,27;17,14;117;1849,25
97;24/10/2118;15:22:00;5268,33;14,53;2530;751,82;17,43;117,33;1851,75
98;24/10/2119;15:22:01;5272,5;14,52;2530,5;752,36;17,71;117,67;1854,26
99;24/10/2120;15:22:02;5276,67;14,5;2531;752,91;18;118;1856,76
100;24/10/2121;15:22:03;5280,83;14,49;2531,5;753,45;18,29;118,33;1859,26
101;24/10/2122;15:22:05;5285;14,51;2532;754;18,57;118,67;1861,76
102;24/10/2123;15:22:06;5300,33;14,52;2534,67;756;18,86;119;1871,81
103;24/10/2124;15:22:07;5315,67;14,52;2537,33;758;19,14;119,33;1881,86
104;24/10/2125;15:22:08;5331;14,53;2540;760;19,43;119,67;1891,9
105;24/10/2126;15:22:10;5355,5;14,51;2541,17;762;19,71;120;1912,62
106;24/10/2127;15:22:11;5380;14,49;2542,33;764;20;120,33;1933,33
107;24/10/2128;15:22:12;5390,57;14,51;2543,5;764,88;20,29;120,67;1941,24
108;24/10/2129;15:22:13;5401,14;14,53;2544,67;765,75;20,57;121;1949,16
109;24/10/2130;15:22:15;5411,71;14,5;2545,83;766,63;20,86;121,56;1956,84
110;24/10/2131;15:22:16;5422,29;14,48;2547;767,5;21,14;122,11;1964,53
111;24/10/2132;15:22:17;5432,86;14,49;2550,2;768,38;21,43;122,67;1970,19
112;24/10/2133;15:22:18;5443,43;14,51;2553,4;769,25;21,71;123,22;1975,84
113;24/10/2134;15:22:20;5454;14,52;2556,6;770,13;22;123,78;1981,5
114;24/10/2135;15:22:21;5475,5;14,54;2559,8;771;77;124,33;1943,37
115;24/10/2136;15:22:22;5497;14,55;2563;773,11;80,8;124,89;1955,2
116;24/10/2137;15:22:23;5515,25;14,56;2564;775,22;84,6;125,44;1965,98
117;24/10/2138;15:22:25;5533,5;14,57;2565;777,33;88,4;126;1976,77
118;24/10/2139;15:22:26;5551,75;14,55;2565,75;779,44;92,2;127,13;1987,23
119;24/10/2140;15:22:27;5570;14,52;2566,5;781,56;96;128,25;1997,69
120;24/10/2141;15:22:28;5588,5;14,54;2567,25;783,67;99,5;129,38;2008,71
121;24/10/2142;15:22:30;5607;14,55;2568;785,78;103;130,5;2019,72
122;24/10/2143;15:22:31;5625,5;14,54;2572;787,89;106,5;131,63;2027,49
123;24/10/2144;15:22:32;5644;14,53;2576;790;110;132,75;2035,25
124;24/10/2145;15:22:33;5645,25;14,53;2570,11;791,33;114;133,88;2035,93
125;24/10/2146;15:22:35;5646,5;14,52;2564,22;792,67;118;135;2036,61
126;24/10/2147;15:22:36;5647,75;14,51;2558,33;794;119,43;136;2039,99
127;24/10/2148;15:22:37;5649;14,5;2552,44;795,33;120,86;137;2043,37
128;24/10/2149;15:22:38;5658,8;14,52;2546,56;796,67;122,29;138;2055,29
129;24/10/2150;15:22:40;5668,6;14,54;2540,67;798;123,71;139;2067,22
130;24/10/2151;15:22:41;5678,4;14,55;2534,78;799,33;125,14;140;2079,15
131;24/10/2152;15:22:42;5688,2;14,55;2528,89;800,67;126,57;141;2091,07
132;24/10/2153;15:22:43;5698;14,56;2523;802;128;142;2103
133;24/10/2154;15:22:45;5710,25;14,55;2526,75;802,9;128,75;143;2108,85
134;24/10/2155;15:22:46;5722,5;14,54;2530,5;803,8;129,5;143,33;2115,37
135;24/10/2156;15:22:47;5734,75;14,54;2534,25;804,7;130,25;143,67;2121,88
136;24/10/2157;15:22:48;5747;14,53;2538;805,6;131;144;2128,4
137;24/10/2158;15:22:50;5746;14,55;2536,83;806,5;131,5;144,33;2126,83
138;24/10/2159;15:22:51;5745;14,56;2535,67;807,4;132;144,67;2125,27
139;24/10/2160;15:22:52;5744;14,56;2534,5;808,3;132,5;145;2123,7
140;24/10/2161;15:22:53;5743;14,57;2533,33;809,2;133;145,33;2122,13
141;24/10/2162;15:22:55;5742;14,57;2532,17;810,1;133,5;145,67;2120,57
142;24/10/2163;15:22:56;5741;14,58;2531;811;134;146;2119
143;24/10/2164;15:22:57;5735;14,58;2529,67;810,36;132,75;145,67;2116,55
144;24/10/2165;15:22:58;5729;14,59;2528,33;809,73;131,5;145,33;2114,11
145;24/10/2166;15:23:00;5723;14,59;2527;809,09;130,25;145;2111,66
146;24/10/2167;15:23:01;5717;14,6;2534;808,45;129;144,67;2100,88
147;24/10/2168;15:23:02;5714,8;14,59;2534,57;807,82;128;144,33;2100,08
148;24/10/2169;15:23:03;5712,6;14,59;2535,14;807,18;127;144;2099,28
149;24/10/2170;15:23:05;5710,4;14,58;2535,71;806,55;126;143,67;2098,47
150;24/10/2171;15:23:06;5708,2;14,56;2536,29;805,91;125;143,33;2097,67
151;24/10/2172;15:23:07;5706;14,54;2536,86;805,27;124;143;2096,87
152;24/10/2173;15:23:08;5718,5;14,57;2537,43;804,64;122,75;142;2111,69
153;24/10/2174;15:23:10;5731;14,59;2538;804;121,5;141;2126,5
154;24/10/2175;15:23:11;5743,5;14,58;2538,83;802,5;120,25;140;2141,92
155;24/10/2176;15:23:12;5756;14,57;2539,67;801;119;139;2157,33
156;24/10/2177;15:23:13;5737,5;14,59;2540,5;799,5;118,5;138,67;2140,33
157;24/10/2178;15:23:15;5719;14,6;2541,33;798;118;138,33;2123,33
158;24/10/2179;15:23:16;5700,5;14,59;2542,17;796,5;117,5;138;2106,33
159;24/10/2180;15:23:17;5682;14,58;2543;795;117;137,67;2089,33
160;24/10/2181;15:23:18;5672,8;14,58;2541,5;793,5;114,5;137,33;2085,97
161;24/10/2182;15:23:20;5663,6;14,57;2540;792;112;137;2082,6
162;24/10/2183;15:23:21;5654,4;14,57;2541;792,11;111,71;136,67;2072,91
163;24/10/2184;15:23:22;5645,2;14,56;2542;792,22;111,43;136,33;2063,22
164;24/10/2185;15:23:23;5636;14,56;2543;792,33;111,14;136;2053,52
165;24/10/2186;15:23:25;5638,67;14,53;2544,33;792,44;110,86;135,56;2055,48
166;24/10/2187;15:23:26;5641,33;14,54;2545,67;792,56;110,57;135,11;2057,43
167;24/10/2188;15:23:27;5644;14,56;2547;792,67;110,29;134,67;2059,38
168;24/10/2189;15:23:28;5646,67;14,57;2548,33;792,78;110;134,22;2061,33
169;24/10/2190;15:23:30;5649,33;14,58;2549,67;792,89;109,6;133,78;2063,4
170;24/10/2191;15:23:31;5652;14,58;2551;793;109,2;133,33;2065,47
171;24/10/2192;15:23:32;5654,67;14,57;2552,33;787;108,8;132,89;2073,64
172;24/10/2193;15:23:33;5657,33;14,57;2553,67;781;108,4;132,44;2081,82
173;24/10/2194;15:23:35;5660;14,56;2555;775;108;132;2090
174;24/10/2195;15:23:36;5788;14,57;2573;769;96;130,38;2219,63
175;24/10/2196;15:23:37;5751;14,56;2591;763;88,71;128,75;2179,54
176;24/10/2197;15:23:38;5714;14,54;2609;757;81,43;127,13;2139,45
177;24/10/2198;15:23:40;5677;14,53;2627;751;74,14;125,5;2099,36
178;24/10/2199;15:23:41;5640;14,56;2645;745;66,86;123,88;2059,27
179;24/10/2200;15:23:42;5615,6;14,56;2672,67;745,67;59,57;122,25;2015,45
180;24/10/2201;15:23:43;5591,2;14,57;2700,33;746,33;52,29;120,63;1971,62
181;24/10/2202;15:23:45;5566,8;14,57;2728;747;45;119;1927,8
182;24/10/2203;15:23:46;5542,4;14,58;2720,5;747,67;49;119,88;1905,36
183;24/10/2204;15:23:47;5518;14,59;2713;748,33;53;120,75;1882,92
184;24/10/2205;15:23:48;5505,25;14,59;2704,17;749;65,75;121,63;1864,71
185;24/10/2206;15:23:50;5492,5;14,6;2695,33;749,67;78,5;122,5;1846,5
186;24/10/2207;15:23:51;5479,75;14,58;2686,5;750,33;91,25;123,38;1828,29
187;24/10/2208;15:23:52;5467;14,56;2677,67;751;104;124,25;1810,08
188;24/10/2209;15:23:53;5448,75;14,51;2668,83;754,6;604;125,13;1296,19
189;24/10/2210;15:23:55;5430,5;14,46;2660;758,2;1104;126;782,3
190;24/10/2211;15:23:56;5412,25;14,45;2649;761,8;604,5;124,75;1272,2
191;24/10/2212;15:23:57;5394;14,43;2638;765,4;105;123,5;1762,1
192;24/10/2213;15:23:58;5459,33;14,41;2673,17;769;102,17;122,25;1792,75
193;24/10/2214;15:24:00;5524,67;14,38;2708,33;772,6;99,33;121;1823,4
194;24/10/2215;15:24:01;5590;14,36;2743,5;776,2;96,5;119,75;1854,05
195;24/10/2216;15:24:02;5655,33;14,34;2778,67;779,8;93,67;118,5;1884,7
196;24/10/2217;15:24:03;5720,67;14,32;2813,83;783,4;90,83;117,25;1915,35
197;24/10/2218;15:24:05;5786;14,31;2849;787;88;116;1946
198;24/10/2219;15:24:06;5944;14,3;3163;736;67;108,33;1869,67
199;24/10/2220;15:24:07;6102;14,3;3477;685;46;100,67;1793,33
200;24/10/2221;15:24:08;6260;14,29;3791;634;25;93;1717
201;24/10/2222;15:24:10;6671;14,21;4010,75;583;0;85,33;1991,92
202;24/10/2223;15:24:11;6719,4;14,2;4230,5;540,43;1,16;77,67;1869,64
203;24/10/2224;15:24:12;6767,8;14,19;4450,25;497,86;2,32;70;1747,37
204;24/10/2225;15:24:13;6816,2;14,18;4670;455,29;3,48;62,33;1625,1
205;24/10/2226;15:24:15;6864,6;14,17;4938,5;412,71;4,64;54,67;1454,08
206;24/10/2227;15:24:16;6913;14,16;5207;370,14;5,8;47;1283,05
207;24/10/2228;15:24:17;6923,29;14,16;5475,5;327,57;6,96;39,17;1074,08
208;24/10/2229;15:24:18;6933,57;14,15;5744;285;8,13;31,33;865,11
209;24/10/2230;15:24:20;6943,86;14,17;5808,8;285,33;9,29;23,5;816,94
210;24/10/2231;15:24:21;6954,14;14,18;5873,6;285,67;10,45;15,67;768,76
211;24/10/2232;15:24:22;6964,43;14,2;5938,4;286;11,61;7,83;720,59
212;24/10/2233;15:24:23;6974,71;14,21;6003,2;286,33;12,77;0;672,41
213;24/10/2234;15:24:25;6985;14,23;6068;286,67;13,93;3,67;612,74
214;24/10/2235;15:24:26;7843;14,26;6110,5;287;15,09;7,33;1423,08
215;24/10/2236;15:24:27;7982,57;14,26;6153;287,33;16,25;11;1514,99
216;24/10/2237;15:24:28;8122,14;14,27;6195,5;287,67;17,41;14,67;1606,9
217;24/10/2238;15:24:30;8261,71;14,27;6238;288;18,57;18,33;1698,81
218;24/10/2239;15:24:31;8401,29;14,28;6270,17;345,75;19,73;22;1743,64
219;24/10/2240;15:24:32;8540,86;14,28;6302,33;403,5;20,89;25,67;1788,47
220;24/10/2241;15:24:33;8680,43;14,26;6334,5;461,25;22,05;29,33;1833,29
221;24/10/2242;15:24:35;8820;14,25;6366,67;519;23,21;33;1878,12
222;24/10/2243;15:24:36;8995,5;14,24;6398,83;576,75;24,38;45,67;1949,87
223;24/10/2244;15:24:37;9171;14,23;6431;634,5;25,54;58,33;2021,63
224;24/10/2245;15:24:38;9219;14,25;6427,17;692,25;26,7;71;2001,89
225;24/10/2246;15:24:40;9267;14,26;6423,33;750;27,86;83,67;1982,14
226;24/10/2247;15:24:41;9277,29;14,27;6419,5;755,56;29,02;96,33;1976,88
227;24/10/2248;15:24:42;9287,57;14,27;6415,67;761,11;30,18;109;1971,62
228;24/10/2249;15:24:43;9297,86;14,28;6411,83;766,67;31,34;111,33;1976,68
229;24/10/2250;15:24:45;9308,14;14,28;6408;772,22;32,5;113,67;1981,75
230;24/10/2251;15:24:46;9318,43;14,29;6403,33;777,78;33,66;116;1987,66
231;24/10/2252;15:24:47;9328,71;14,29;6398,67;783,33;34,82;118,33;1993,56
232;24/10/2253;15:24:48;9339;14,29;6394;788,89;35,98;120,67;1999,46
233;24/10/2254;15:24:50;9338;14,29;6390;794,44;37,14;123;1993,41
234;24/10/2255;15:24:51;9337;14,28;6386;800;38,3;125,33;1987,36
235;24/10/2256;15:24:52;9333,57;14,27;6382;798,4;39,46;127,67;1986,04
236;24/10/2257;15:24:53;9330,14;14,26;6378;796,8;40,63;130;1984,72
237;24/10/2258;15:24:55;9326,71;14,28;6374;795,2;41,79;129,76;1985,96
238;24/10/2259;15:24:56;9323,29;14,3;6370;793,6;42,95;129,53;1987,21
239;24/10/2260;15:24:57;9319,86;14,3;6369,73;792;44,11;129,29;1984,73
240;24/10/2261;15:24:58;9316,43;14,31;6369,45;790,4;45,27;129,06;1982,25
241;24/10/2262;15:25:00;9313;14,31;6369,18;788,8;46,43;128,82;1979,77
242;24/10/2263;15:25:01;9325;14,28;6368,91;787,2;47,59;128,59;1992,71
243;24/10/2264;15:25:02;9337;14,25;6368,64;785,6;48,75;128,35;2005,66
244;24/10/2265;15:25:03;9343,25;14,26;6368,36;784;49,91;128,12;2012,86
245;24/10/2266;15:25:05;9349,5;14,26;6368,09;782,4;51,07;127,88;2020,06
246;24/10/2267;15:25:06;9355,75;14,27;6367,82;780,8;52,23;127,65;2027,25
247;24/10/2268;15:25:07;9362;14,27;6367,55;779,2;53,39;127,41;2034,45
248;24/10/2269;15:25:08;9366,8;14,28;6367,27;777,6;54,55;127,18;2040,2
249;24/10/2270;15:25:10;9371,6;14,29;6367;776;55,71;126,94;2045,95
250;24/10/2271;15:25:11;9376,4;14,31;6366;755,75;56,88;126,71;2071,07
251;24/10/2272;15:25:12;9381,2;14,32;6365;735,5;58,04;126,47;2096,19
252;24/10/2273;15:25:13;9386;14,33;6364;715,25;59,2;126,24;2121,32
253;24/10/2274;15:25:15;9218;14,32;6363;695;60,36;126;1973,64
254;24/10/2275;15:25:16;9195,43;14,32;6372,25;674,75;61,52;128,38;1958,54
255;24/10/2276;15:25:17;9172,86;14,31;6381,5;654,5;62,68;130,75;1943,43
256;24/10/2277;15:25:18;9150,29;14,31;6390,75;634,25;63,84;133,13;1928,32
257;24/10/2278;15:25:20;9127,71;14,32;6400;614;65;135,5;1913,21
258;24/10/2279;15:25:21;9105,14;14,33;6404;543,86;86;137,88;1933,41
259;24/10/2280;15:25:22;9082,57;14,35;6408;473,71;107;140,25;1953,61
260;24/10/2281;15:25:23;9060;14,36;6412;403,57;128;142,63;1973,8
261;24/10/2282;15:25:25;9024;14,36;6411,6;333,43;133,5;145;2000,47
262;24/10/2283;15:25:26;8988;14,35;6411,2;263,29;139;145,89;2028,63
263;24/10/2284;15:25:27;8982;14,35;6410,8;193,14;144,5;146,78;2086,78
264;24/10/2285;15:25:28;8976;14,34;6410,4;123;150;147,67;2144,93
265;24/10/2286;15:25:30;8970;14,35;6410;109,89;146,5;148,56;2155,06
266;24/10/2287;15:25:31;8964;14,36;6409,6;96,78;143;149,44;2165,18
267;24/10/2288;15:25:32;8958,25;14,36;6409,2;83,67;143,2;150,33;2171,85
268;24/10/2289;15:25:33;8952,5;14,37;6408,8;70,56;143,4;151,22;2178,52
269;24/10/2290;15:25:35;8946,75;14,36;6408,4;57,44;143,6;152,11;2185,19
270;24/10/2291;15:25:36;8941;14,35;6408;44,33;143,8;153;2191,87
271;24/10/2292;15:25:37;8926,6;14,37;6400,67;31,22;144;152,86;2197,85
272;24/10/2293;15:25:38;8912,2;14,38;6393,33;18,11;144,2;152,71;2203,84
273;24/10/2294;15:25:40;8897,8;14,4;6386;5;144,4;152,57;2209,83
274;24/10/2295;15:25:41;8883,4;14,4;6390,75;4,5;144,6;152,43;2191,12
275;24/10/2296;15:25:42;8869;14,4;6395,5;4;144,8;152,29;2172,41
276;24/10/2297;15:25:43;8868,5;14,39;6400,25;3,5;145;152,14;2167,61
277;24/10/2298;15:25:45;8868;14,39;6405;3;145,2;152;2162,8
278;24/10/2299;15:25:46;8867,5;14,4;6404;2,5;145,4;151,91;2163,69
279;24/10/2300;15:25:47;8867;14,4;6403;2;145,6;151,82;2164,58
280;24/10/2301;15:25:48;8866,5;14,41;6402;1,5;145,8;151,73;2165,47
281;24/10/2302;15:25:50;8866;14,42;6401;1;146;151,64;2166,36
282;24/10/2303;15:25:51;8865,5;14,4;6399,25;0,5;146,14;151,55;2168,06
283;24/10/2304;15:25:52;8865;14,38;6397,5;0;146,29;151,45;2169,76
284;24/10/2305;15:25:53;8860,2;14,4;6395,75;0;146,43;151,36;2166,66
285;24/10/2306;15:25:55;8855,4;14,42;6394;0;146,57;151,27;2163,56
286;24/10/2307;15:25:56;8850,6;14,42;6396,33;0;146,71;151,18;2156,37
287;24/10/2308;15:25:57;8845,8;14,43;6398,67;0;146,86;151,09;2149,18
288;24/10/2309;15:25:58;8841;14,43;6401;0;147;151;2142
289;24/10/2310;15:26:00;8816,5;14,43;6404,13;0;146,5;150,85;2115,03
290;24/10/2311;15:26:01;8792;14,43;6407,25;0;146;150,69;2088,06
291;24/10/2312;15:26:02;8791,75;14,44;6410,38;0;145,83;150,54;2085
292;24/10/2313;15:26:03;8791,5;14,44;6413,5;0;145,67;150,38;2081,95
293;24/10/2314;15:26:05;8791,25;14,42;6416,63;0;145,5;150,23;2078,89
294;24/10/2315;15:26:06;8791;14,41;6419,75;0;145,33;150,08;2075,84
295;24/10/2316;15:26:07;8778,75;14,42;6422,88;0;145,17;149,92;2060,79
296;24/10/2317;15:26:08;8766,5;14,43;6426;0;145;149,77;2045,73
297;24/10/2318;15:26:10;8754,25;14,44;6426,8;0;144,8;149,62;2033,03
298;24/10/2319;15:26:11;8742;14,45;6427,6;0;144,6;149,46;2020,34
299;24/10/2320;15:26:12;8738,57;14,46;6428,4;0;144,4;149,31;2016,46
300;24/10/2321;15:26:13;8735,14;14,47;6429,2;0;144,2;149,15;2012,59
301;24/10/2322;15:26:15;8731,71;14,48;6430;0;144;149;2008,71
302;24/10/2323;15:26:16;8728,29;14,46;6429;0;143;148,63;2007,66
303;24/10/2324;15:26:17;8724,86;14,43;6428;0;142;148,25;2006,61
304;24/10/2325;15:26:18;8721,43;14,44;6427;0;141;147,88;2005,55
305;24/10/2326;15:26:20;8718;14,45;6426;0;140;147,5;2004,5
306;24/10/2327;15:26:21;8710,5;14,46;6425;0;138,5;147,13;1999,88
307;24/10/2328;15:26:22;8703;14,46;6424;0;137;146,75;1995,25
308;24/10/2329;15:26:23;8678,5;14,46;6423;0;136,25;146,38;1972,88
309;24/10/2330;15:26:25;8654;14,45;6422;0;135,5;146;1950,5
310;24/10/2331;15:26:26;8647;14,46;6419,25;0;134,75;145,5;1947,5
311;24/10/2332;15:26:27;8640;14,47;6416,5;0;134;145;1944,5
312;24/10/2333;15:26:28;8633;14,48;6413,75;0;133,8;144,5;1940,95
313;24/10/2334;15:26:30;8626;14,48;6411;0;133,6;144;1937,4
314;24/10/2335;15:26:31;8619;14,47;6415,25;0;133,4;143,5;1926,85
315;24/10/2336;15:26:32;8612;14,45;6419,5;0;133,2;143;1916,3
316;24/10/2337;15:26:33;8605;14,44;6423,75;0;133;142,5;1905,75
317;24/10/2338;15:26:35;8588;14,45;6428;0;132,5;142;1885,5
318;24/10/2339;15:26:36;8577,22;14,46;6426,67;0;132;141,44;1877,11
319;24/10/2340;15:26:37;8566,44;14,48;6425,33;0;131,5;140,89;1868,72
320;24/10/2341;15:26:38;8555,67;14,49;6424;0;131;140,33;1860,33
321;24/10/2342;15:26:40;8544,89;14,46;6423,8;0;130,67;139,78;1850,64
322;24/10/2343;15:26:41;8534,11;14,45;6423,6;0;130,33;139,22;1840,96
323;24/10/2344;15:26:42;8523,33;14,45;6423,4;0;130;138,67;1831,27
324;24/10/2345;15:26:43;8512,55;14,44;6423,2;0;129,67;138,11;1821,58
325;24/10/2346;15:26:45;8501,78;14,44;6423;0;129,33;137,56;1811,89
326;24/10/2347;15:26:46;8491;14,43;6422,8;0;129;137;1802,2
327;24/10/2348;15:26:47;8497,5;14,45;6422,6;0;128;136,89;1810,01
328;24/10/2349;15:26:48;8504;14,46;6422,4;0;127;136,78;1817,82
329;24/10/2350;15:26:50;8510,5;14,48;6422,2;0;126;136,67;1825,63
330;24/10/2351;15:26:51;8517;14,44;6422;0;125;136,56;1833,44
331;24/10/2352;15:26:52;8507,2;14,46;6421,8;0;124,29;136,44;1824,67
332;24/10/2353;15:26:53;8497,4;14,47;6421,6;0;123,57;136,33;1815,9
333;24/10/2354;15:26:55;8487,6;14,49;6421,4;0;122,86;136,22;1807,12
334;24/10/2355;15:26:56;8477,8;14,48;6421,2;0;122,14;136,11;1798,35
335;24/10/2356;15:26:57;8468;14,46;6421;0;121,43;136;1789,57
336;24/10/2357;15:26:58;8455,75;14,45;6425;0;120,71;135;1775,04
337;24/10/2358;15:27:00;8443,5;14,44;6429;0;120;134;1760,5
338;24/10/2359;15:27:01;8431,25;14,46;6428,33;0;117,5;133;1752,42
339;24/10/2360;15:27:02;8419;14,48;6427,67;0;115;132;1744,33
340;24/10/2361;15:27:03;8430;14,44;6427;0;113,67;136;1753,33
341;24/10/2362;15:27:05;8441;14,4;6426,33;0;112,33;140;1762,33
342;24/10/2363;15:27:06;8437,57;14,43;6425,67;0;111;144;1756,9
343;24/10/2364;15:27:07;8434,14;14,46;6425;0;109,67;148;1751,48
344;24/10/2365;15:27:08;8430,71;14,45;6423,6;0;108,33;152;1746,78
345;24/10/2366;15:27:10;8427,29;14,43;6422,2;0;107;156;1742,09
346;24/10/2367;15:27:11;8423,86;14,42;6420,8;0;104,67;160;1738,39
347;24/10/2368;15:27:12;8420,43;14,41;6419,4;0;102,33;164;1734,69
348;24/10/2369;15:27:13;8417;14,4;6418;0;100;168;1731
349;24/10/2370;15:27:15;8415,5;14,42;6417,33;0;99,17;172;1727
350;24/10/2371;15:27:16;8414;14,42;6416,67;0;98,33;182,67;1716,33
351;24/10/2372;15:27:17;8412,5;14,41;6416;0;97,5;193,33;1705,67
352;24/10/2373;15:27:18;8411;14,41;6415,33;0;96,67;204;1695
353;24/10/2374;15:27:20;8409,5;14,4;6414,67;0;95,83;214,67;1684,33
354;24/10/2375;15:27:21;8408;14,4;6414;0;95;225,33;1673,67
355;24/10/2376;15:27:22;8406,5;14,41;6414,5;0;92;236;1664
356;24/10/2377;15:27:23;8405;14,41;6415;0;89;246,67;1654,33
357;24/10/2378;15:27:25;8419,6;14,42;6414,11;0;87,8;257,33;1660,35
358;24/10/2379;15:27:26;8434,2;14,42;6413,22;0;86,6;268;1666,38
359;24/10/2380;15:27:27;8448,8;14,41;6412,33;0;85,4;280,43;1670,64
360;24/10/2381;15:27:28;8463,4;14,41;6411,44;0;84,2;292,86;1674,9
361;24/10/2382;15:27:30;8478;14,4;6410,56;0;83;305,29;1679,16
362;24/10/2383;15:27:31;8473,17;14,41;6409,67;0;82,75;317,71;1663,04
363;24/10/2384;15:27:32;8468,33;14,41;6408,78;0;82,5;330,14;1646,91
364;24/10/2385;15:27:33;8463,5;14,42;6407,89;0;82,25;342,57;1630,79
365;24/10/2386;15:27:35;8458,67;14,42;6407;0;82;355;1614,67
366;24/10/2387;15:27:36;8453,83;14,41;6405,25;0;82,75;364,67;1601,17
367;24/10/2388;15:27:37;8449;14,39;6403,5;0;83,5;374,33;1587,67
368;24/10/2389;15:27:38;8455;14,38;6401,75;0;84,25;384;1585
369;24/10/2390;15:27:40;8461;14,37;6400;0;85;393,67;1582,33
370;24/10/2391;15:27:41;8467;14,41;6398,43;0;86;403,33;1579,24
371;24/10/2392;15:27:42;8473;14,44;6396,86;0;87;413;1576,14
372;24/10/2393;15:27:43;8470,43;14,41;6395,29;0;87,22;413,44;1574,48
373;24/10/2394;15:27:45;8467,86;14,39;6393,71;0;87,44;413,89;1572,81
374;24/10/2395;15:27:46;8465,29;14,38;6392,14;0;87,67;414,33;1571,14
375;24/10/2396;15:27:47;8462,71;14,38;6390,57;0;87,89;414,78;1569,48
376;24/10/2397;15:27:48;8460,14;14,37;6389;0;88,11;415,22;1567,81
377;24/10/2398;15:27:50;8457,57;14,38;6389,8;0;88,33;415,67;1563,77
378;24/10/2399;15:27:51;8455;14,38;6390,6;0;88,56;416,11;1559,73
379;24/10/2400;15:27:52;8452,33;14,39;6391,4;0;88,78;416,56;1555,6
380;24/10/2401;15:27:53;8449,67;14,41;6392,2;0;89;417;1551,47
381;24/10/2402;15:27:55;8447;14,42;6393;0;90,2;410,33;1553,47
382;24/10/2403;15:27:56;8444,33;14,39;6395,75;0;91,4;403,67;1553,52
383;24/10/2404;15:27:57;8441,67;14,39;6398,5;0;92,6;397;1553,57
384;24/10/2405;15:27:58;8439;14,38;6401,25;0;93,8;390,33;1553,62
385;24/10/2406;15:28:00;8436,33;14,38;6404;0;95;383,67;1553,67
386;24/10/2407;15:28:01;8433,67;14,37;6405;0;99;377;1552,67
387;24/10/2408;15:28:02;8431;14,36;6406;0;103;370,33;1551,67
388;24/10/2409;15:28:03;8424,25;14,38;6407;0;103,25;363,67;1550,33
389;24/10/2410;15:28:05;8417,5;14,39;6408;0;103,5;357;1549
390;24/10/2411;15:28:06;8410,75;14,41;6407,43;0;103,75;349,5;1550,07
391;24/10/2412;15:28:07;8404;14,43;6406,86;0;104;342;1551,14
392;24/10/2413;15:28:08;8416;14,4;6406,29;0;106,5;334,5;1568,71
393;24/10/2414;15:28:10;8428;14,37;6405,71;0;109;327;1586,29
394;24/10/2415;15:28:11;8427,89;14,38;6405,14;0;110,86;319,5;1592,39
395;24/10/2416;15:28:12;8427,78;14,38;6404,57;0;112,71;312;1598,49
396;24/10/2417;15:28:13;8427,67;14,39;6404;0;114,57;304,5;1604,6
397;24/10/2418;15:28:15;8427,56;14,37;6396;0;116,43;297;1618,13
398;24/10/2419;15:28:16;8427,44;14,38;6397,4;0;118,29;292;1619,76
399;24/10/2420;15:28:17;8427,33;14,38;6398,8;0;120,14;287;1621,39
400;24/10/2421;15:28:18;8427,22;14,39;6400,2;0;122;282;1623,02
401;24/10/2422;15:28:20;8427,11;14,39;6401,6;0;124,75;277;1623,76
402;24/10/2423;15:28:21;8427;14,4;6403;0;127,5;272;1624,5
403;24/10/2424;15:28:22;8433;14,4;6404;0;130,25;267;1631,75
404;24/10/2425;15:28:23;8439;14,4;6405;0;133;262;1639
405;24/10/2426;15:28:25;8445;14,39;6406;0;139;257;1643
406;24/10/2427;15:28:26;8451;14,39;6407;0;145;252;1647
407;24/10/2428;15:28:27;8460,11;14,38;6407,57;0;145,54;238,86;1668,14
408;24/10/2429;15:28:28;8469,22;14,37;6408,14;0;146,08;225,71;1689,29
409;24/10/2430;15:28:30;8478,33;14,36;6408,71;0;146,62;212,57;1710,43
410;24/10/2431;15:28:31;8487,44;14,38;6409,29;0;147,15;199,43;1731,58
411;24/10/2432;15:28:32;8496,56;14,38;6409,86;0;147,69;186,29;1752,72
412;24/10/2433;15:28:33;8505,67;14,39;6410,43;0;148,23;173,14;1773,86
413;24/10/2434;15:28:35;8514,78;14,39;6411;0;148,77;160;1795,01
414;24/10/2435;15:28:36;8523,89;14,42;3281,5;0;149,31;157,75;4935,33
415;24/10/2436;15:28:37;8533;14,44;152;0;149,85;155,5;8075,65
416;24/10/2437;15:28:38;8539;14,41;1194,68;0;150,38;153,25;7040,68
417;24/10/2438;15:28:40;8545;14,38;2237,35;0;150,92;151;6005,73
418;24/10/2439;15:28:41;8551;14,41;3280,01;0;151,46;148,75;4970,77
419;24/10/2440;15:28:42;8557;14,43;4322,68;0;152;146,5;3935,82
420;24/10/2441;15:28:43;8552,2;14,43;5365,35;0;153;144,25;2889,6
421;24/10/2442;15:28:45;8547,4;14,43;6408;0;154;142;1843,4
422;24/10/2443;15:28:46;8542,6;14,44;6403,33;0;154,33;142,06;1842,87
423;24/10/2444;15:28:47;8537,8;14,44;6398,67;0;154,67;142,13;1842,34
424;24/10/2445;15:28:48;8533;14,44;6394;0;155;142,19;1841,81
425;24/10/2446;15:28:50;8546;14,45;6394,88;0;158;142,25;1850,88
426;24/10/2447;15:28:51;8552,86;14,45;6395,75;0;158,14;142,31;1856,65
427;24/10/2448;15:28:52;8559,71;14,45;6396,63;0;158,29;142,38;1862,43
428;24/10/2449;15:28:53;8566,57;14,44;6397,5;0;158,43;142,44;1868,21
429;24/10/2450;15:28:55;8573,43;14,44;6398,38;0;158,57;142,5;1873,98
430;24/10/2451;15:28:56;8580,29;14,44;6399,25;0;158,71;142,56;1879,76
431;24/10/2452;15:28:57;8587,14;14,45;6400,13;0;158,86;142,63;1885,54
432;24/10/2453;15:28:58;8594;14,46;6401;0;159;142,69;1891,31
433;24/10/2454;15:29:00;8606,5;14,44;6401,83;0;159,2;142,75;1902,72
434;24/10/2455;15:29:01;8619;14,42;6402,67;0;159,4;142,81;1914,12
435;24/10/2456;15:29:02;8618,43;14,43;6403,5;0;159,6;142,88;1912,45
436;24/10/2457;15:29:03;8617,86;14,44;6404,33;0;159,8;142,94;1910,79
437;24/10/2458;15:29:05;8617,29;14,45;6405,17;0;160;143;1909,12
438;24/10/2459;15:29:06;8616,71;14,44;6406;0;159,83;143,24;1907,65
439;24/10/2460;15:29:07;8616,14;14,45;6403,67;0;159,67;143,47;1909,34
440;24/10/2461;15:29:08;8615,57;14,45;6401,33;0;159,5;143,71;1911,03
441;24/10/2462;15:29:10;8615;14,46;6399;0;159,33;143,94;1912,73
442;24/10/2463;15:29:11;8627,5;14,45;6398;0;159,17;144,18;1926,16
443;24/10/2464;15:29:12;8640;14,44;6397;0;159;144,41;1939,59
444;24/10/2465;15:29:13;8652;14,48;6396;0;158,89;144,65;1952,46
445;24/10/2466;15:29:15;8664;14,51;6395;0;158,78;144,88;1965,34
446;24/10/2467;15:29:16;8663,71;14,51;6397;0;158,67;145,12;1962,93
447;24/10/2468;15:29:17;8663,43;14,51;6399;0;158,56;145,35;1960,52
448;24/10/2469;15:29:18;8663,14;14,5;6401;0;158,44;145,59;1958,11
449;24/10/2470;15:29:20;8662,86;14,5;6403;0;158,33;145,82;1955,7
450;24/10/2471;15:29:21;8662,57;14,49;6403,6;0;158,22;146,06;1954,69
451;24/10/2472;15:29:22;8662,29;14,48;6404,2;0;158,11;146,29;1953,68
452;24/10/2473;15:29:23;8662;14,47;6404,8;0;158;146,53;1952,67
453;24/10/2474;15:29:25;8656,67;14,48;6405,4;0;157,17;146,76;1947,33
454;24/10/2475;15:29:26;8651,33;14,49;6406;0;156,33;147;1942
455;24/10/2476;15:29:27;8646;14,5;6404,29;0;155,5;146,5;1939,71
456;24/10/2477;15:29:28;8640,67;14,5;6402,57;0;154,67;146;1937,43
457;24/10/2478;15:29:30;8635,33;14,51;6400,86;0;153,83;145,5;1935,14
458;24/10/2479;15:29:31;8630;14,51;6399,14;0;153;145;1932,86
459;24/10/2480;15:29:32;8624,67;14,51;6397,43;0;146;144,5;1936,74
460;24/10/2481;15:29:33;8619,33;14,5;6395,71;0;139;144;1940,62
461;24/10/2482;15:29:35;8614;14,5;6394;0;133;143,5;1943,5
462;24/10/2483;15:29:36;8588;14,46;6393,33;0;127;143;1924,67
463;24/10/2484;15:29:37;8574,14;14,47;6392,67;0;124,86;141,86;1914,76
464;24/10/2485;15:29:38;8560,29;14,48;6392;0;122,71;140,71;1904,86
465;24/10/2486;15:29:40;8546,43;14,49;6391,33;0;120,57;139,57;1894,95
466;24/10/2487;15:29:41;8532,57;14,48;6390,67;0;118,43;138,43;1885,05
467;24/10/2488;15:29:42;8518,71;14,46;6390;0;116,29;137,29;1875,14
468;24/10/2489;15:29:43;8504,86;14,46;6389;0;114,14;136,14;1865,57
469;24/10/2490;15:29:45;8491;14,45;6388;0;112;135;1856
470;24/10/2491;15:29:46;8454,5;14,47;6387;0;110;134,27;1823,23
471;24/10/2492;15:29:47;8418;14,48;6386;0;108;133,55;1790,45
472;24/10/2493;15:29:48;8376;14,47;6384;0;106;132,82;1753,18
473;24/10/2494;15:29:50;8334;14,45;6382;0;104;132,09;1715,91
474;24/10/2495;15:29:51;8323,57;14,46;6380,75;0;98,29;131,36;1713,17
475;24/10/2496;15:29:52;8313,14;14,47;6379,5;0;92,57;130,64;1710,44
476;24/10/2497;15:29:53;8302,71;14,49;6378,25;0;86,86;129,91;1707,7
477;24/10/2498;15:29:55;8292,29;14,5;6377;0;81,14;129,18;1704,96
478;24/10/2499;15:29:56;8281,86;14,48;6374,29;0;75,43;128,45;1703,69
479;24/10/2500;15:29:57;8271,43;14,46;6371,57;0;69,71;127,73;1702,42
480;24/10/2501;15:29:58;8261;14,44;6368,86;0;64;127;1701,14
481;24/10/2502;15:30:00;8188;14,44;6366,14;0;50,75;126;1645,11
482;24/10/2503;15:30:01;8185,86;14,45;6363,43;0;37,5;125;1659,93
483;24/10/2504;15:30:02;8183,71;14,45;6360,71;0;24,25;124;1674,75
484;24/10/2505;15:30:03;8181,57;14,45;6358;0;11;123;1689,57
485;24/10/2506;15:30:05;8179,43;14,43;6356,25;0;8,25;122;1692,93
486;24/10/2507;15:30:06;8177,29;14,42;6354,5;0;5,5;121;1696,29
487;24/10/2508;15:30:07;8175,14;14,41;6352,75;0;2,75;120;1699,64
488;24/10/2509;15:30:08;8173;14,4;6351;0;0;119;1703
489;24/10/2510;15:30:10;8136,5;14,41;6354,75;0;0,92;122,3;1658,53
490;24/10/2511;15:30:11;8100;14,42;6358,5;0;1,85;125,6;1614,05
491;24/10/2512;15:30:12;8082,57;14,38;6362,25;0;2,77;128,9;1588,65
492;24/10/2513;15:30:13;8065,14;14,34;6366;0;3,69;132,2;1563,25
493;24/10/2514;15:30:15;8047,71;14,35;6364,33;0;4,62;135,5;1543,27
494;24/10/2515;15:30:16;8030,29;14,36;6362,67;0;5,54;138,8;1523,28
495;24/10/2516;15:30:17;8012,86;14,37;6361;0;6,46;142,1;1503,3
496;24/10/2517;15:30:18;7995,43;14,38;6359,33;0;7,38;145,4;1483,31
497;24/10/2518;15:30:20;7978;14,39;6357,67;0;8,31;148,7;1463,33
498;24/10/2519;15:30:21;7815;14,34;6356;0;9,23;152;1297,77
499;24/10/2520;15:30:22;7771,4;14,33;6346;0;10,15;162,67;1252,58
500;24/10/2521;15:30:23;7727,8;14,32;6336;0;11,08;173,33;1207,39
501;24/10/2522;15:30:25;7684,2;14,32;6326;0;12;184;1162,2
502;24/10/2523;15:30:26;7640,6;14,31;6325,25;0;12,92;174,63;1127,8
503;24/10/2524;15:30:27;7597;14,3;6324,5;0;13,85;165,25;1093,4
504;24/10/2525;15:30:28;7560,75;14,3;6323,75;0;14,77;155,88;1066,36
505;24/10/2526;15:30:30;7524,5;14,3;6323;0;15,69;146,5;1039,31
506;24/10/2527;15:30:31;7488,25;14,29;6319,54;0;16,62;137,13;1014,97
507;24/10/2528;15:30:32;7452;14,29;6316,08;0;17,54;127,75;990,63
508;24/10/2529;15:30:33;7407;14,28;6312,62;0;18,46;118,38;957,55
509;24/10/2530;15:30:35;7362;14,28;6309,15;0;19,38;109;924,46
510;24/10/2531;15:30:36;7372,67;14,27;6305,69;0;20,31;101,09;945,58
511;24/10/2532;15:30:37;7383,33;14,27;6302,23;0;21,23;93,18;966,69
512;24/10/2533;15:30:38;7394;14,26;6298,77;0;22,15;85,27;987,8
513;24/10/2534;15:30:40;7404,67;14,27;6295,31;0;23,08;77,36;1008,92
514;24/10/2535;15:30:41;7415,33;14,27;6291,85;0;24;69,45;1030,03
515;24/10/2536;15:30:42;7426;14,25;6288,38;0;24,92;61,55;1051,15
516;24/10/2537;15:30:43;7436,67;14,23;6284,92;0;25,85;53,64;1072,26
517;24/10/2538;15:30:45;7447,33;14,22;6281,46;0;26,77;45,73;1093,38
518;24/10/2539;15:30:46;7458;14,2;6278;0;27,69;37,82;1114,49
519;24/10/2540;15:30:47;7467,25;14,21;6282;0;28,62;29,91;1126,73
520;24/10/2541;15:30:48;7476,5;14,21;6286;0;29,54;22;1138,96
521;24/10/2542;15:30:50;7485,75;14,22;6290;0;30,46;29;1136,29
522;24/10/2543;15:30:51;7495;14,24;6292,33;0;31,38;36;1135,28
523;24/10/2544;15:30:52;7523,8;14,23;6294,67;0;32,31;43;1153,83
524;24/10/2545;15:30:53;7552,6;14,21;6297;0;33,23;50;1172,37
525;24/10/2546;15:30:55;7581,4;14,2;6299,33;0;34,15;57;1190,91
526;24/10/2547;15:30:56;7610,2;14,22;6301,67;0;35,08;64;1209,46
527;24/10/2548;15:30:57;7639;14,24;6304;0;36;71;1228
528;24/10/2549;15:30:58;7674,75;14,22;6313,5;0;36,92;78;1246,33
529;24/10/2550;15:31:00;7710,5;14,21;6323;0;37,85;85;1264,65
530;24/10/2551;15:31:01;7746,25;14,2;6332,25;0;38,77;89,5;1285,73
531;24/10/2552;15:31:02;7782;14,2;6341,5;0;39,69;94;1306,81
532;24/10/2553;15:31:03;7861;14,19;6350,75;0;40,62;98,5;1371,13
533;24/10/2554;15:31:05;7940;14,19;6360;0;41,54;103;1435,46
534;24/10/2555;15:31:06;7970,86;14,2;6353,25;0;42,46;105,67;1469,48
535;24/10/2556;15:31:07;8001,71;14,2;6346,5;0;43,38;108,33;1503,5
536;24/10/2557;15:31:08;8032,57;14,21;6339,75;0;44,31;111;1537,51
537;24/10/2558;15:31:10;8063,43;14,24;6333;0;45,23;113,67;1571,53
538;24/10/2559;15:31:11;8094,29;14,25;6340,2;0;46,15;116,33;1591,6
539;24/10/2560;15:31:12;8125,14;14,26;6347,4;0;47,08;119;1611,67
540;24/10/2561;15:31:13;8156;14,27;6354,6;0;48;121,67;1631,73
541;24/10/2562;15:31:15;8299,5;14,28;6361,8;0;60,6;124,33;1752,77
542;24/10/2563;15:31:16;8443;14,28;6369;0;73,2;127;1873,8
543;24/10/2564;15:31:17;8493,71;14,29;6375,86;0;85,8;131,88;1900,18
544;24/10/2565;15:31:18;8544,43;14,29;6382,71;0;98,4;136,75;1926,56
545;24/10/2566;15:31:20;8595,14;14,3;6389,57;0;111;141,63;1952,95
546;24/10/2567;15:31:21;8645,86;14,32;6396,43;0;127,4;146,5;1975,53
547;24/10/2568;15:31:22;8696,57;14,33;6403,29;0;143,8;151,38;1998,11
548;24/10/2569;15:31:23;8747,29;14,34;6410,14;0;160,2;156,25;2020,69
549;24/10/2570;15:31:25;8798;14,35;6417;0;176,6;161,13;2043,27
550;24/10/2571;15:31:26;9086;14,33;6423,5;0;193;166;2303,5
551;24/10/2572;15:31:27;9106,57;14,35;6430;0;207;169,67;2299,9
552;24/10/2573;15:31:28;9127,14;14,38;6436,5;0;221;173,33;2296,31
553;24/10/2574;15:31:30;9147,71;14,4;6443;0;235;177;2292,71
554;24/10/2575;15:31:31;9168,29;14,4;6451,5;0;243;180,67;2293,12
555;24/10/2576;15:31:32;9188,86;14,41;6460;0;251;184,33;2293,52
556;24/10/2577;15:31:33;9209,43;14,41;6468,5;0;259;188;2293,93
557;24/10/2578;15:31:35;9230;14,41;6477;0;267;191,67;2294,33
558;24/10/2579;15:31:36;9275;14,42;6471,5;0;262,5;195,33;2345,67
559;24/10/2580;15:31:37;9320;14,42;6466;0;258;199;2397
560;24/10/2581;15:31:38;9307,83;14,43;6460,5;0;252,83;197,17;2397,33
561;24/10/2582;15:31:40;9295,67;14,45;6455;0;247,67;195,33;2397,67
562;24/10/2583;15:31:41;9283,5;14,45;6449,5;0;242,5;193,5;2398
563;24/10/2584;15:31:42;9271,33;14,44;6444;0;237,33;191,67;2398,33
564;24/10/2585;15:31:43;9259,17;14,44;6438,5;0;232,17;189,83;2398,67
565;24/10/2586;15:31:45;9247;14,46;6433;0;227;188;2399
566;24/10/2587;15:31:46;9205,8;14,45;6429,33;0;222,4;185,67;2368,4
567;24/10/2588;15:31:47;9164,6;14,45;6425,67;0;217,8;183,33;2337,8
568;24/10/2589;15:31:48;9123,4;14,44;6422;0;213,2;181;2307,2
569;24/10/2590;15:31:50;9082,2;14,46;6418,17;0;208,6;178,67;2276,77
570;24/10/2591;15:31:51;9041;14,48;6414,33;0;204;176,33;2246,33
571;24/10/2592;15:31:52;9023;14,47;6410,5;0;198,75;174;2239,75
572;24/10/2593;15:31:53;9005;14,46;6406,67;0;193,5;171,67;2233,17
573;24/10/2594;15:31:55;8987;14,48;6402,83;0;188,25;169,33;2226,58
574;24/10/2595;15:31:56;8969;14,49;6399;0;183;167;2220
575;24/10/2596;15:31:57;8958,57;14,48;6416,33;0;178,67;166;2197,57
576;24/10/2597;15:31:58;8948,14;14,48;6433,67;0;174,33;165;2175,14
577;24/10/2598;15:32:00;8937,71;14,47;6451;0;170;164;2152,71
578;24/10/2599;15:32:01;8927,29;14,49;6449,13;0;168,25;163;2146,91
579;24/10/2600;15:32:02;8916,86;14,49;6447,25;0;166,5;162;2141,11
580;24/10/2601;15:32:03;8906,43;14,48;6445,38;0;164,75;161;2135,3
581;24/10/2602;15:32:05;8896;14,48;6443,5;0;163;160;2129,5
582;24/10/2603;15:32:06;8884,5;14,5;6441,63;0;161;159;2122,88
583;24/10/2604;15:32:07;8873;14,51;6439,75;0;159;158;2116,25
584;24/10/2605;15:32:08;8836,5;14,52;6437,88;0;157;157,11;2084,51
585;24/10/2606;15:32:10;8800;14,53;6436;0;155;156,22;2052,78
586;24/10/2607;15:32:11;8789,57;14,53;6435,22;0;151,67;155,33;2047,35
587;24/10/2608;15:32:12;8779,14;14,52;6434,44;0;148,33;154,44;2041,92
588;24/10/2609;15:32:13;8768,71;14,52;6433,67;0;145;153,56;2036,49
589;24/10/2610;15:32:15;8758,29;14,5;6432,89;0;144,17;152,67;2028,56
590;24/10/2611;15:32:16;8747,86;14,48;6432,11;0;143,33;151,78;2020,64
591;24/10/2612;15:32:17;8737,43;14,5;6431,33;0;142,5;150,89;2012,71
592;24/10/2613;15:32:18;8727;14,51;6430,56;0;141,67;150;2004,78
593;24/10/2614;15:32:20;8727;14,5;6429,78;0;140,83;150;2006,39
594;24/10/2615;15:32:21;8727;14,49;6429;0;140;150;2008
595;24/10/2616;15:32:22;8727;14,49;6429;0;140;150;2008
596;24/10/2617;15:32:23;8702,67;14,51;6436;2,8;138,5;148;1977,37
597;24/10/2618;15:32:25;8678,33;14,52;6434,6;5,6;137;146;1955,13
598;24/10/2619;15:32:26;8654;14,53;6433,2;8,4;135,5;144;1932,9
599;24/10/2620;15:32:27;8647,75;14,52;6431,8;11,2;134;143,43;1927,32
600;24/10/2621;15:32:28;8641,5;14,5;6430,4;14;132,5;142,86;1921,74
601;24/10/2622;15:32:30;8635,25;14,49;6429;16,8;131;142,29;1916,16
602;24/10/2623;15:32:31;8629;14,53;130;19,6;129,5;141,71;8208,19
603;24/10/2624;15:32:32;8616;14,53;2229,63;22,4;128;141,14;6094,82
604;24/10/2625;15:32:33;8603;14,54;4329,3;25,2;126,5;140,57;3981,43
605;24/10/2626;15:32:35;8590;14,54;6429;28;125;140;1868
606;24/10/2627;15:32:36;8577;14,53;6430,33;30,8;122,5;139,75;1853,62
607;24/10/2628;15:32:37;8564;14,52;6431,67;33,6;120;139,5;1839,23
608;24/10/2629;15:32:38;8539,5;14,52;6433;36,4;119,5;139,25;1811,35
609;24/10/2630;15:32:40;8515;14,51;6434,33;39,2;119;139;1783,47
610;24/10/2631;15:32:41;8511;14,51;6435,67;42;118,5;138,75;1776,08
611;24/10/2632;15:32:42;8507;14,5;6437;44,8;118;138,5;1768,7
612;24/10/2633;15:32:43;8503;14,51;6438,33;47,6;117,5;138,25;1761,32
613;24/10/2634;15:32:45;8499;14,53;6439,67;50,4;117;138;1753,93
614;24/10/2635;15:32:46;8495;14,54;6441;53,2;116,25;137,82;1746,73
615;24/10/2636;15:32:47;8491;14,55;6442,33;56;115,5;137,64;1739,53
616;24/10/2637;15:32:48;8487,4;14,53;6443,67;58,8;114,75;137,45;1732,73
617;24/10/2638;15:32:50;8483,8;14,5;6445;61,6;114;137,27;1725,93
618;24/10/2639;15:32:51;8480,2;14,51;6440,71;64,4;113,33;137,09;1724,66
619;24/10/2640;15:32:52;8476,6;14,53;6436,43;67,2;112,67;136,91;1723,4
620;24/10/2641;15:32:53;8473;14,54;6432,14;70;112;136,73;1722,13
621;24/10/2642;15:32:55;8454,75;14,54;6427,86;72,8;110,5;136,55;1707,05
622;24/10/2643;15:32:56;8436,5;14,53;6423,57;75,6;109;136,36;1691,97
623;24/10/2644;15:32:57;8418,25;14,54;6419,29;78,4;107,5;136,18;1676,88
624;24/10/2645;15:32:58;8400;14,55;6415;81,2;106;136;1661,8
625;24/10/2646;15:33:00;8448,5;14,52;6412,8;84;101,8;135,4;1714,5
626;24/10/2647;15:33:01;8497;14,49;6410,6;86,8;97,6;134,8;1767,2
627;24/10/2648;15:33:02;8524;14,5;6408,4;89,6;93,4;134,2;1798,4
628;24/10/2649;15:33:03;8551;14,5;6406,2;92,4;89,2;133,6;1829,6
629;24/10/2650;15:33:05;8578;14,51;6404;95,2;85;133;1860,8
630;24/10/2651;15:33:06;8605;14,52;6401,5;98;74,67;131,38;1899,46
631;24/10/2652;15:33:07;8632;14,52;6399;100,8;64,33;129,75;1938,12
632;24/10/2653;15:33:08;8644,25;14,51;6396,5;103,6;54;128,13;1962,03
633;24/10/2654;15:33:10;8656,5;14,49;6394;106,4;43,67;126,5;1985,93
634;24/10/2655;15:33:11;8668,75;14,47;6391,5;109,2;33,33;124,88;2009,84
635;24/10/2656;15:33:12;8681;14,44;6389;112;23;123,25;2033,75
636;24/10/2657;15:33:13;8685,8;14,45;6381,5;175,71;11,5;121,63;1995,46
637;24/10/2658;15:33:15;8690,6;14,46;6374;239,43;0;120;1957,17
638;24/10/2659;15:33:16;8695,4;14,46;6376,67;303,14;7,15;119,33;1889,11
639;24/10/2660;15:33:17;8700,2;14,47;6379,33;366,86;14,3;118,67;1821,05
640;24/10/2661;15:33:18;8705;14,47;6382;430,57;21,45;118;1752,98
641;24/10/2662;15:33:20;8728,5;14,47;6382,5;494,28;28,6;117,33;1705,78
642;24/10/2663;15:33:21;8752;14,46;6383;558;35,75;116,67;1658,59
643;24/10/2664;15:33:22;8762,43;14,45;6383,5;595,5;42,9;116;1624,53
644;24/10/2665;15:33:23;8772,86;14,43;6384;633;50,05;115,33;1590,48
645;24/10/2666;15:33:25;8783,29;14,43;6384,5;670,5;57,2;114,67;1556,42
646;24/10/2667;15:33:26;8793,71;14,43;6385;708;64,34;114;1522,37
647;24/10/2668;15:33:27;8804,14;14,43;6384;745,5;71,49;113,33;1489,82
648;24/10/2669;15:33:28;8814,57;14,43;6383;783;78,64;112,67;1457,26
649;24/10/2670;15:33:30;8825;14,42;6382;820,5;85,79;112;1424,71
650;24/10/2671;15:33:31;8821,75;14,42;6384,75;858;92,94;110,75;1375,31
651;24/10/2672;15:33:32;8818,5;14,42;6387,5;857,11;100,09;109,5;1364,3
652;24/10/2673;15:33:33;8815,25;14,42;6390,25;856,22;107,24;108,25;1353,29
653;24/10/2674;15:33:35;8812;14,42;6393;855,33;114,39;107;1342,28
654;24/10/2675;15:33:36;8808,75;14,39;6388,83;854,44;121,54;104;1339,93
655;24/10/2676;15:33:37;8805,5;14,36;6384,67;853,56;128,69;101;1337,59
656;24/10/2677;15:33:38;8802,25;14,34;6380,5;852,67;135,84;98;1335,24
657;24/10/2678;15:33:40;8799;14,33;6376,33;851,78;142,99;95;1332,9
658;24/10/2679;15:33:41;8933;14,3;6372,17;850,89;150,14;92;1467,81
659;24/10/2680;15:33:42;9067;14,26;6368;850;157,29;89;1602,71
660;24/10/2681;15:33:43;9186,23;14,22;6349,5;963,67;164,44;86;1622,62
661;24/10/2682;15:33:45;9305,45;14,18;6331;1077,33;171,59;83;1642,53
662;24/10/2683;15:33:46;9424,67;14,17;6316;1191;178,74;75,5;1663,43
663;24/10/2684;15:33:47;9543,89;14,17;6301;1304,67;185,89;68;1684,34
664;24/10/2685;15:33:48;9663,11;14,16;6286;1418,33;193,03;60,5;1705,25
665;24/10/2686;15:33:50;9782,34;14,11;6271;1532;200,18;53;1726,15
666;24/10/2687;15:33:51;9901,56;14,09;6254,43;1645,67;207,33;45,5;1748,63
667;24/10/2688;15:33:52;10020,78;14,08;6237,86;1759,33;214,48;38;1771,11
668;24/10/2689;15:33:53;10140;14,06;6221,29;1873;221,63;30,5;1793,58
669;24/10/2690;15:33:55;10247,75;14,05;6204,71;2225,33;228,78;23;1565,92
670;24/10/2691;15:33:56;10355,5;14,04;6188,14;2577,66;235,93;20,44;1333,32
671;24/10/2692;15:33:57;10463,25;14,02;6171,57;2930;243,08;17,89;1100,71
672;24/10/2693;15:33:58;10571;14,01;6155;3282,33;250,23;15,33;868,11
673;24/10/2694;15:34:00;10762;13,99;6150,5;3634,66;257,38;12,78;706,68
674;24/10/2695;15:34:01;10953;13,96;6146;3987;264,53;10,22;545,25
675;24/10/2696;15:34:02;10960,25;13,95;6141,5;4064,45;271,68;7,67;474,96
676;24/10/2697;15:34:03;10967,5;13,93;6137;4141,89;278,83;5,11;404,67
677;24/10/2698;15:34:05;10974,75;13,92;6132,5;4219,33;285,98;2,56;334,38
678;24/10/2699;15:34:06;10982;13,91;6128;4296,78;293,13;0;264,1
679;24/10/2700;15:34:07;11047,8;13,9;6145,33;4374,22;300,28;9,71;218,25
680;24/10/2701;15:34:08;11113,6;13,89;6162,67;4451,67;307,43;19,43;172,41
681;24/10/2702;15:34:10;11179,4;13,88;6180;4529,11;314,57;29,14;126,57
682;24/10/2703;15:34:11;11245,2;13,85;6209,5;4606,56;321,72;38,86;68,56
683;24/10/2704;15:34:12;11311;13,82;6239;4684;328,87;48,57;10,55
684;24/10/2705;15:34:13;11440,5;13,81;6243,44;4700,5;336,02;58,29;102,25
685;24/10/2706;15:34:15;11570;13,81;6247,89;4717;343,17;68;193,94
686;24/10/2707;15:34:16;11582,29;13,8;6252,33;4733,5;350,32;90,13;156,01
687;24/10/2708;15:34:17;11594,57;13,79;6256,78;4750;357,47;112,25;118,07
688;24/10/2709;15:34:18;11606,86;13,79;6261,22;4766,5;364,62;134,38;80,14
689;24/10/2710;15:34:20;11619,14;13,78;6265,67;4783;371,77;156,5;42,21
690;24/10/2711;15:34:21;11631,43;13,77;6270,11;4796,75;378,92;178,63;7,02
691;24/10/2712;15:34:22;11643,71;13,77;6274,56;4810,5;386,07;200,75;-28,16
692;24/10/2713;15:34:23;11656;13,76;6279;4824,25;393,22;222,88;-63,34
693;24/10/2714;15:34:25;11865;13,72;6342;4838;400,37;245;39,63
694;24/10/2715;15:34:26;11906,8;13,72;6302,67;4851,75;407,52;255,33;89,53
695;24/10/2716;15:34:27;11948,6;13,73;6263,33;4865,5;414,67;265,67;139,43
696;24/10/2717;15:34:28;11990,4;13,73;6224;4879,25;421,82;276;189,33
697;24/10/2718;15:34:30;12032,2;13,71;6229,5;4893;428,97;286,33;194,4
698;24/10/2719;15:34:31;12074;13,68;6235;4899,38;436,11;296,67;206,83
699;24/10/2720;15:34:32;12080,71;13,67;6240,5;4905,77;443,26;307;184,18
700;24/10/2721;15:34:33;12087,43;13,66;6246;4912,15;450,41;317,33;161,53
701;24/10/2722;15:34:35;12094,14;13,67;6251,5;4918,54;457,56;327,67;138,87
702;24/10/2723;15:34:36;12100,86;13,67;6257;4924,92;464,71;338;116,22
703;24/10/2724;15:34:37;12107,57;13,66;6269,5;4931,31;471,86;342,25;92,65
704;24/10/2725;15:34:38;12114,29;13,65;6282;4937,69;479,01;346,5;69,08
705;24/10/2726;15:34:40;12121;13,64;6294,5;4944,08;486,16;350,75;45,51
706;24/10/2727;15:34:41;12167;13,63;6307;4950,46;493,31;355;61,23
707;24/10/2728;15:34:42;12213;13,64;6311,57;4956,85;500,46;359,25;84,87
708;24/10/2729;15:34:43;12259;13,64;6316,14;4963,23;507,61;363,5;108,52
709;24/10/2730;15:34:45;12305;13,65;6320,71;4969,62;514,76;367,75;132,16
710;24/10/2731;15:34:46;12351;13,61;6325,29;4976;521,91;372;155,81
711;24/10/2732;15:34:47;12389,67;13,6;6329,86;4987,2;529,06;372,71;170,84
712;24/10/2733;15:34:48;12428,33;13,6;6334,43;4998,4;536,21;373,43;185,87
713;24/10/2734;15:34:50;12467;13,59;6339;5009,6;543,36;374,14;200,9
714;24/10/2735;15:34:51;12535;13,59;6329,5;5020,8;550,51;374,86;259,34
715;24/10/2736;15:34:52;12603;13,58;6320;5032;557,66;375,57;317,77
716;24/10/2737;15:34:53;12637,5;13,6;6310,5;5041,83;564,8;376,29;344,08
717;24/10/2738;15:34:55;12672;13,62;6301;5051,67;571,95;377;370,38
718;24/10/2739;15:34:56;12694,86;13,58;6291,5;5061,5;579,1;369,44;393,31
719;24/10/2740;15:34:57;12717,71;13,54;6282;5071,33;586,25;361,89;416,24
720;24/10/2741;15:34:58;12740,57;13,55;6291;5081,17;593,4;354,33;420,67
721;24/10/2742;15:35:00;12763,43;13,56;6300;5091;600,55;346,78;425,1
722;24/10/2743;15:35:01;12786,29;13,57;6310,67;5078,75;607,7;339,22;449,95
723;24/10/2744;15:35:02;12809,14;13,57;6321,33;5066,5;614,85;331,67;474,79
724;24/10/2745;15:35:03;12832;13,58;6332;5054,25;622;324,11;499,64
725;24/10/2746;15:35:05;12847,5;13,58;6336,33;5042;311;316,56;841,61
726;24/10/2747;15:35:06;12863;13,57;6340,67;5029,75;0;309;1183,58
727;24/10/2748;15:35:07;12869,57;13,57;6345;5017,5;0,06;300;1207,01
728;24/10/2749;15:35:08;12876,14;13,58;6349,33;5005,25;0,12;291;1230,44
729;24/10/2750;15:35:10;12882,71;13,58;6353,67;4993;0,18;282;1253,87
730;24/10/2751;15:35:11;12889,29;13,63;6358;4980,75;0,24;273;1277,3
731;24/10/2752;15:35:12;12895,86;13,61;6362,33;4968,5;0,3;264;1300,73
732;24/10/2753;15:35:13;12902,43;13,6;6366,67;4956,25;0,36;255;1324,15
733;24/10/2754;15:35:15;12909;13,58;6371;4944;0,42;246;1347,58
734;24/10/2755;15:35:16;12978;13,6;6365,5;4958,25;0,48;237;1416,77
735;24/10/2756;15:35:17;12975,29;13,59;6360;4972,5;0,54;227,67;1414,58
736;24/10/2757;15:35:18;12972,57;13,59;6354,5;4986,75;0,6;218,33;1412,39
737;24/10/2758;15:35:20;12969,86;13,58;6349;5001;0,65;209;1410,2
738;24/10/2759;15:35:21;12967,14;13,58;6343,5;5005;0,71;199,67;1418,26
739;24/10/2760;15:35:22;12964,43;13,57;6338;5009;0,77;190,33;1426,32
740;24/10/2761;15:35:23;12961,71;13,57;6340;5013;0,83;181;1426,88
741;24/10/2762;15:35:25;12959;13,56;6342;5017;0,89;171,67;1427,44
742;24/10/2763;15:35:26;12993;13,56;6343,5;5021;0,95;162,33;1465,21
743;24/10/2764;15:35:27;13027;13,55;6345;5025;1,01;153;1502,99
744;24/10/2765;15:35:28;13038,5;13,54;6347,5;5029;1,07;147,67;1513,26
745;24/10/2766;15:35:30;13050;13,52;6350;5033;1,13;142,33;1523,54
746;24/10/2767;15:35:31;13058,86;13,53;6352,5;5032,36;1,19;137;1535,8
747;24/10/2768;15:35:32;13067,71;13,54;6355;5031,73;1,25;131,67;1548,07
748;24/10/2769;15:35:33;13076,57;13,55;6357,5;5031,09;1,31;126,33;1560,34
749;24/10/2770;15:35:35;13085,43;13,56;6360;5030,45;1,37;121;1572,61
750;24/10/2771;15:35:36;13094,29;13,57;6361,75;5029,82;1,43;121,14;1580,15
751;24/10/2772;15:35:37;13103,14;13,57;6363,5;5029,18;1,49;121,29;1587,69
752;24/10/2773;15:35:38;13112;13,58;6365,25;5028,55;1,55;121,43;1595,23
753;24/10/2774;15:35:40;13123,5;13,58;6367;5027,91;1,61;121,57;1605,41
754;24/10/2775;15:35:41;13135;13,58;6365;5027,27;1,67;121,71;1619,35
755;24/10/2776;15:35:42;13146,5;13,57;6363;5026,64;1,73;121,86;1633,28
756;24/10/2777;15:35:43;13158;13,57;6361;5026;1,79;122;1647,21
757;24/10/2778;15:35:45;13169,25;13,56;6362,17;5027,33;1,85;122,7;1655,2
758;24/10/2779;15:35:46;13180,5;13,55;6363,33;5028,67;1,9;123,4;1663,2
759;24/10/2780;15:35:47;13191,75;13,56;6364,5;5030;1,96;124,1;1671,19
760;24/10/2781;15:35:48;13203;13,57;6365,67;5031,33;2,02;124,8;1679,18
761;24/10/2782;15:35:50;13229,5;13,58;6366,83;5032,67;2,08;125,5;1702,42
762;24/10/2783;15:35:51;13256;13,58;6368;5034;2,14;126,2;1725,66
763;24/10/2784;15:35:52;13273,25;13,58;6370,33;5035,33;2,2;126,9;1738,48
764;24/10/2785;15:35:53;13290,5;13,59;6372,67;5036,67;2,26;127,6;1751,3
765;24/10/2786;15:35:55;13307,75;13,59;6375;5038;2,32;128,3;1764,13
766;24/10/2787;15:35:56;13325;13,58;6376,17;5034,67;2,38;129;1782,79
767;24/10/2788;15:35:57;13334;13,59;6377,33;5031,33;2,44;129,71;1793,18
768;24/10/2789;15:35:58;13343;13,61;6378,5;5028;2,5;130,43;1803,57
769;24/10/2790;15:36:00;13352;13,62;6379,67;5024,67;2,56;131,14;1813,96
770;24/10/2791;15:36:01;13361;13,61;6380,83;5021,33;2,62;131,86;1824,36
771;24/10/2792;15:36:02;13370;13,59;6382;5018;2,68;132,57;1834,75
772;24/10/2793;15:36:03;13381,8;13,61;6385,5;5021,5;2,74;133,29;1838,78
773;24/10/2794;15:36:05;13393,6;13,62;6389;5025;2,8;134;1842,8
774;24/10/2795;15:36:06;13405,4;13,63;6388,14;5028,5;2,86;134,67;1851,23
775;24/10/2796;15:36:07;13417,2;13,63;6387,29;5032;2,92;135,33;1859,66
776;24/10/2797;15:36:08;13429;13,64;6386,43;5035,5;2,98;136;1868,1
777;24/10/2798;15:36:10;13475;13,64;6385,57;5039;3,04;136,67;1910,73
778;24/10/2799;15:36:11;13521;13,64;6384,71;5040,78;3,1;137,33;1955,08
779;24/10/2800;15:36:12;13527,57;13,63;6383,86;5042,56;3,15;138;1960
780;24/10/2801;15:36:13;13534,14;13,63;6383;5044,33;3,21;138,67;1964,93
781;24/10/2802;15:36:15;13540,71;13,61;6385;5046,11;3,27;139,33;1967
782;24/10/2803;15:36:16;13547,29;13,59;6387;5047,89;3,33;140;1969,06
783;24/10/2804;15:36:17;13553,86;13,6;6385,43;5049,67;3,39;140,67;1974,7
784;24/10/2805;15:36:18;13560,43;13,62;6383,86;5051,44;3,45;141,33;1980,34
785;24/10/2806;15:36:20;13567;13,63;6382,29;5053,22;3,51;142;1985,98
786;24/10/2807;15:36:21;13524;13,59;6380,71;5055;3,57;141,58;1943,13
787;24/10/2808;15:36:22;13517,43;13,6;6379,14;5052,89;3,63;141,17;1940,6
788;24/10/2809;15:36:23;13510,86;13,6;6377,57;5050,78;3,69;140,75;1938,07
789;24/10/2810;15:36:25;13504,29;13,61;6376;5048,67;3,75;140,33;1935,54
790;24/10/2811;15:36:26;13497,71;13,63;6375,5;5046,56;3,81;139,92;1931,93
791;24/10/2812;15:36:27;13491,14;13,64;6375;5044,44;3,87;139,5;1928,33
792;24/10/2813;15:36:28;13484,57;13,62;6374,5;5042,33;3,93;139,08;1924,73
793;24/10/2814;15:36:30;13478;13,6;6374;5040,22;3,99;138,67;1921,12
794;24/10/2815;15:36:31;13489,5;13,62;6373,5;5038,11;4,05;138,25;1935,59
795;24/10/2816;15:36:32;13501;13,63;6373;5036;4,11;137,83;1950,06
796;24/10/2817;15:36:33;13532,5;13,62;6375,75;5034,78;4,17;137,42;1980,39
797;24/10/2818;15:36:35;13564;13,62;6378,5;5033,56;4,23;137;2010,72
798;24/10/2819;15:36:36;13554,14;13,63;6381,25;5032,33;4,29;136,38;1999,9
799;24/10/2820;15:36:37;13544,29;13,64;6384;5031,11;4,35;135,75;1989,08
800;24/10/2821;15:36:38;13534,43;13,64;6383,2;5029,89;4,4;135,13;1981,81
801;24/10/2822;15:36:40;13524,57;13,65;6382,4;5028,67;4,46;134,5;1974,54
802;24/10/2823;15:36:41;13514,71;13,64;6381,6;5027,44;4,52;133,88;1967,27
803;24/10/2824;15:36:42;13504,86;13,63;6380,8;5026,22;4,58;133,25;1960
804;24/10/2825;15:36:43;13495;13,62;6380;5025;4,64;132,63;1952,73
805;24/10/2826;15:36:45;13472;13,64;6378,83;5024,25;4,7;132;1932,21
806;24/10/2827;15:36:46;13469,25;13,64;6377,67;5023,5;4,76;131,44;1931,88
807;24/10/2828;15:36:47;13466,5;13,64;6376,5;5022,75;4,82;130,89;1931,54
808;24/10/2829;15:36:48;13463,75;13,65;6375,33;5022;4,88;130,33;1931,2
809;24/10/2830;15:36:50;13461;13,65;6374,17;5021,25;4,94;129,78;1930,86
810;24/10/2831;15:36:51;13458,25;13,65;6373;5020,5;5;129,22;1930,53
811;24/10/2832;15:36:52;13455,5;13,64;6371,25;5019,75;12,5;128,67;1923,33
812;24/10/2833;15:36:53;13452,75;13,64;6369,5;5019;20;128,11;1916,14
813;24/10/2834;15:36:55;13450;13,63;6367,75;5018;27,5;127,56;1909,19
814;24/10/2835;15:36:56;13427;13,63;6366;5017;35;127;1882
815;24/10/2836;15:36:57;13420,43;13,63;6371;5016;48,67;126,89;1857,87
816;24/10/2837;15:36:58;13413,86;13,62;6376;5015;62,33;126,78;1833,75
817;24/10/2838;15:37:00;13407,29;13,62;6381;5014;76;126,67;1809,62
818;24/10/2839;15:37:01;13400,71;13,61;6382,17;5013,75;76,33;126,56;1801,91
819;24/10/2840;15:37:02;13394,14;13,61;6383,33;5013,5;76,67;126,44;1794,2
820;24/10/2841;15:37:03;13387,57;13,61;6384,5;5013,25;77;126,33;1786,49
821;24/10/2842;15:37:05;13381;13,6;6385,67;5013;77,33;126,22;1778,78
822;24/10/2843;15:37:06;13366;13,62;6386,83;5012,75;77,67;126,11;1762,64
823;24/10/2844;15:37:07;13351;13,63;6388;5012,5;78;126;1746,5
824;24/10/2845;15:37:08;13358,67;13,62;6386,17;5012,25;80;125,78;1754,47
825;24/10/2846;15:37:10;13366,33;13,61;6384,33;5012;82;125,56;1762,44
826;24/10/2847;15:37:11;13374;13,62;6382,5;5010,78;82,14;125,33;1773,25
827;24/10/2848;15:37:12;13381,67;13,62;6380,67;5009,56;82,29;125,11;1784,05
828;24/10/2849;15:37:13;13389,33;13,61;6378,83;5008,33;82,43;124,89;1794,85
829;24/10/2850;15:37:15;13397;13,6;6377;5007,11;82,57;124,67;1805,65
830;24/10/2851;15:37:16;13366,33;13,61;6375,6;5005,89;82,71;124,44;1777,69
831;24/10/2852;15:37:17;13335,67;13,61;6374,2;5004,67;82,86;124,22;1749,72
832;24/10/2853;15:37:18;13305;13,62;6372,8;5003,44;83;124;1721,75
833;24/10/2854;15:37:20;13289;13,63;6371,4;5002,22;81;123,55;1710,83
834;24/10/2855;15:37:21;13273;13,64;6370;5001;79;123,09;1699,91
835;24/10/2856;15:37:22;13275,56;13,63;6368;5001,22;78;122,64;1705,7
836;24/10/2857;15:37:23;13278,11;13,61;6366;5001,44;77;122,18;1711,49
837;24/10/2858;15:37:25;13280,67;13,61;6367;5001,67;76,57;121,73;1713,7
838;24/10/2859;15:37:26;13283,22;13,6;6368;5001,89;76,14;121,27;1715,92
839;24/10/2860;15:37:27;13285,78;13,6;6369;5002,11;75,71;120,82;1718,14
840;24/10/2861;15:37:28;13288,33;13,59;6370;5002,33;75,29;120,36;1720,35
841;24/10/2862;15:37:30;13290,89;13,59;6371;5002,56;74,86;119,91;1722,57
842;24/10/2863;15:37:31;13293,45;13,6;6372;5002,78;74,43;119,45;1724,78
843;24/10/2864;15:37:32;13296;13,6;6373;5003;74;119;1727
844;24/10/2865;15:37:33;13290;13,61;6372,22;5004,17;75;119,75;1718,86
845;24/10/2866;15:37:35;13284;13,62;6371,44;5005,33;76;120,5;1710,72
846;24/10/2867;15:37:36;13278;13,61;6370,67;5006,5;77;121,25;1702,58
847;24/10/2868;15:37:37;13272;13,59;6369,89;5007,67;78;122;1694,44
848;24/10/2869;15:37:38;13260,5;13,6;6369,11;5008,83;78,5;121,89;1682,17
849;24/10/2870;15:37:40;13249;13,6;6368,33;5010;79;121,78;1669,89
850;24/10/2871;15:37:41;13246,89;13,61;6367,56;5010,22;78,5;121,67;1668,95
851;24/10/2872;15:37:42;13244,78;13,61;6366,78;5010,44;78;121,56;1668
852;24/10/2873;15:37:43;13242,67;13,62;6366;5010,67;77,5;121,44;1667,06
853;24/10/2874;15:37:45;13240,56;13,6;6369;5010,89;77;121,33;1662,33
854;24/10/2875;15:37:46;13238,45;13,59;6369,4;5011,11;76,8;121,22;1659,91
855;24/10/2876;15:37:47;13236,33;13,58;6369,8;5011,33;76,6;121,11;1657,49
856;24/10/2877;15:37:48;13234,22;13,57;6370,2;5011,56;76,4;121;1655,07
857;24/10/2878;15:37:50;13232,11;13,57;6370,6;5011,78;76,2;120,83;1652,7
858;24/10/2879;15:37:51;13230;13,57;6371;5012;76;120,67;1650,33
859;24/10/2880;15:37:52;13227,44;13,57;6370;5010,88;75,75;120,5;1650,32
860;24/10/2881;15:37:53;13224,89;13,57;6369;5009,75;75,5;120,33;1650,31
861;24/10/2882;15:37:55;13222,33;13,56;6368;5008,63;75,25;120,17;1650,29
862;24/10/2883;15:37:56;13219,78;13,56;6367;5007,5;75;120;1650,28
863;24/10/2884;15:37:57;13217,22;13,56;6366,46;5006,38;74,75;119,86;1649,78
864;24/10/2885;15:37:58;13214,67;13,56;6365,92;5005,25;74,5;119,71;1649,28
865;24/10/2886;15:38:00;13212,11;13,56;6365,38;5004,13;74,25;119,57;1648,78
866;24/10/2887;15:38:01;13209,56;13,58;6364,85;5003;74;119,43;1648,28
867;24/10/2888;15:38:02;13207;13,59;6364,31;5001,44;66;119,29;1655,96
868;24/10/2889;15:38:03;13196,5;13,58;6363,77;4999,89;58;119,14;1655,7
869;24/10/2890;15:38:05;13186;13,57;6363,23;4998,33;50;119;1655,44
870;24/10/2891;15:38:06;13185,07;13,58;6362,69;4996,78;45,17;118,88;1661,56
871;24/10/2892;15:38:07;13184,13;13,58;6362,15;4995,22;40,33;118,75;1667,67
872;24/10/2893;15:38:08;13183,2;13,56;6361,62;4993,67;35,5;118,63;1673,79
873;24/10/2894;15:38:10;13182,27;13,55;6361,08;4992,11;30,67;118,5;1679,91
874;24/10/2895;15:38:11;13181,33;13,56;6360,54;4990,56;25,83;118,38;1686,03
875;24/10/2896;15:38:12;13180,4;13,56;6360;4989;21;118,25;1692,15
876;24/10/2897;15:38:13;13179,47;13,55;6355;4989,78;10,5;118,13;1706,06
877;24/10/2898;15:38:15;13178,53;13,54;6350;4990,56;0;118;1719,98
878;24/10/2899;15:38:16;13177,6;13,54;6352,2;4991,33;0,53;117,67;1715,87
879;24/10/2900;15:38:17;13176,67;13,54;6354,4;4992,11;1,06;117,33;1711,76
880;24/10/2901;15:38:18;13175,73;13,55;6356,6;4992,89;1,59;117;1707,65
881;24/10/2902;15:38:20;13174,8;13,55;6358,8;4993,67;2,13;116,67;1703,54
882;24/10/2903;15:38:21;13173,87;13,55;6361;4994,44;2,66;116,33;1699,43
883;24/10/2904;15:38:22;13172,93;13,53;6361,75;4995,22;3,19;116;1696,77
884;24/10/2905;15:38:23;13172;13,51;6362,5;4996;3,72;115,67;1694,11
885;24/10/2906;15:38:25;13183;13,53;6363,25;4997;4,25;115,33;1703,17
886;24/10/2907;15:38:26;13194;13,54;6364;4998;4,78;115;1712,22
887;24/10/2908;15:38:27;13189,89;13,53;6362,25;4999;5,31;115,17;1708,15
888;24/10/2909;15:38:28;13185,78;13,53;6360,5;5000;5,84;115,35;1704,09
889;24/10/2910;15:38:30;13181,67;13,52;6358,75;5001;6,38;115,52;1700,02
890;24/10/2911;15:38:31;13177,56;13,56;6357;5002;6,91;115,7;1695,95
891;24/10/2912;15:38:32;13173,45;13,55;6358,33;5003;7,44;115,87;1688,81
892;24/10/2913;15:38:33;13169,33;13,55;6359,67;5004;7,97;116,04;1681,66
893;24/10/2914;15:38:35;13165,22;13,54;6361;5005;8,5;116,22;1674,51
894;24/10/2915;15:38:36;13161,11;13,53;6359,5;5006;9,03;116,39;1670,19
895;24/10/2916;15:38:37;13157;13,51;6358;5007;9,56;116,57;1665,87
896;24/10/2917;15:38:38;13145,5;13,52;6356,5;5008;10,09;116,74;1654,17
897;24/10/2918;15:38:40;13134;13,52;6355;5009;10,63;116,91;1642,46
898;24/10/2919;15:38:41;13136;13,53;6357,25;5008,5;11,16;117,09;1642,01
899;24/10/2920;15:38:42;13138;13,53;6359,5;5008;11,69;117,26;1641,55
900;24/10/2921;15:38:43;13140;13,53;6361,75;5007,5;12,22;117,43;1641,1
901;24/10/2922;15:38:45;13142;13,54;6364;5007;12,75;117,61;1640,64
902;24/10/2923;15:38:46;13144;13,54;6366,25;5006,5;13,28;117,78;1640,19
903;24/10/2924;15:38:47;13146;13,54;6368,5;5006;13,81;117,96;1639,73
904;24/10/2925;15:38:48;13148;13,53;6370,75;5005,5;14,34;118,13;1639,28
905;24/10/2926;15:38:50;13150;13,52;6373;5005;14,88;118,3;1638,82
906;24/10/2927;15:38:51;13153,29;13,52;6375,5;5006,44;15,41;118,48;1637,46
907;24/10/2928;15:38:52;13156,57;13,53;6378;5007,89;15,94;118,65;1636,09
908;24/10/2929;15:38:53;13159,86;13,53;6380,5;5009,33;16,47;118,83;1634,73
909;24/10/2930;15:38:55;13163,14;13,53;6383;5010,78;17;119;1633,36
910;24/10/2931;15:38:56;13166,43;13,53;6383,8;5012,22;22,8;119,25;1628,36
911;24/10/2932;15:38:57;13169,71;13,52;6384,6;5013,67;28,6;119,5;1623,35
912;24/10/2933;15:38:58;13173;13,52;6385,4;5015,11;34,4;119,75;1618,34
913;24/10/2934;15:39:00;13184;13,52;6386,2;5016,56;40,2;120;1621,04
914;24/10/2935;15:39:01;13195;13,51;6387;5018;46;120,25;1623,75
915;24/10/2936;15:39:02;13204;13,51;6384;5020,11;56;120,5;1623,39
916;24/10/2937;15:39:03;13213;13,5;6381;5022,22;66;120,75;1623,03
917;24/10/2938;15:39:05;13222;13,5;6378;5024,33;76;121;1622,67
918;24/10/2939;15:39:06;13231;13,51;6375;5026,44;76,83;121,3;1631,42
919;24/10/2940;15:39:07;13240;13,52;6372;5028,56;77,67;121,6;1640,18
920;24/10/2941;15:39:08;13249;13,52;6369;5030,67;78,5;121,9;1648,93
921;24/10/2942;15:39:10;13258;13,53;6366;5032,78;79,33;122,2;1657,69
922;24/10/2943;15:39:11;13281;13,52;6368,75;5034,89;80,17;122,5;1674,69
923;24/10/2944;15:39:12;13304;13,51;6371,5;5037;81;122,8;1691,7
924;24/10/2945;15:39:13;13309,5;13,53;6374,25;5036,25;85;123,1;1690,9
925;24/10/2946;15:39:15;13315;13,54;6377;5035,5;89;123,4;1690,1
926;24/10/2947;15:39:16;13320,5;13,54;6378,83;5034,75;90;123,7;1693,22
927;24/10/2948;15:39:17;13326;13,55;6380,67;5034;91;124;1696,33
928;24/10/2949;15:39:18;13348,5;13,55;6382,5;5033,25;92;124,67;1716,08
929;24/10/2950;15:39:20;13371;13,55;6384,33;5032,5;93;125,33;1735,83
930;24/10/2951;15:39:21;13393,5;13,56;6386,17;5031,75;94;126;1755,58
931;24/10/2952;15:39:22;13416;13,57;6388;5031;95;126,67;1775,33
932;24/10/2953;15:39:23;13429,6;13,54;6386,4;5031,33;99;127,33;1785,53
933;24/10/2954;15:39:25;13443,2;13,51;6384,8;5031,67;103;128;1795,73
934;24/10/2955;15:39:26;13456,8;13,52;6383,2;5032;104,5;128,67;1808,43
935;24/10/2956;15:39:27;13470,4;13,54;6381,6;5032,33;106;129,33;1821,13
936;24/10/2957;15:39:28;13484;13,55;6380;5032,67;107,5;130;1833,83
937;24/10/2958;15:39:30;13529;13,51;6381,17;5033;109;130,56;1875,28
938;24/10/2959;15:39:31;13537,5;13,52;6382,33;5033,5;110;131,11;1880,56
939;24/10/2960;15:39:32;13546;13,54;6383,5;5034;111;131,67;1885,83
940;24/10/2961;15:39:33;13554,5;13,55;6384,67;5034,5;112;132,22;1891,11
941;24/10/2962;15:39:35;13563;13,55;6385,83;5035;113;132,78;1896,39
942;24/10/2963;15:39:36;13571,5;13,56;6387;5035,5;114;133,33;1901,67
943;24/10/2964;15:39:37;13580;13,56;6389,5;5036;115,56;133,89;1905,06
944;24/10/2965;15:39:38;13588,5;13,57;6392;5036,5;117,11;134,44;1908,44
945;24/10/2966;15:39:40;13597;13,57;6394,5;5037;118,67;135;1911,83
946;24/10/2967;15:39:41;13608,33;13,54;6397;5037,5;120,22;136;1917,61
947;24/10/2968;15:39:42;13619,67;13,54;6398,4;5038;121,78;137;1924,49
948;24/10/2969;15:39:43;13631;13,55;6399,8;5038,5;123,33;138;1931,37
949;24/10/2970;15:39:45;13642,33;13,55;6401,2;5039;124,89;139;1938,24
950;24/10/2971;15:39:46;13653,67;13,56;6402,6;5039,5;126,44;140;1945,12
951;24/10/2972;15:39:47;13665;13,56;6404;5040;128;141;1952
952;24/10/2973;15:39:48;13678,25;13,57;6402,5;5045,25;129,75;141,67;1959,08
953;24/10/2974;15:39:50;13691,5;13,57;6401;5050,5;131,5;142,33;1966,17
954;24/10/2975;15:39:51;13704,75;13,57;6401,25;5055,75;133,25;143;1971,5
955;24/10/2976;15:39:52;13718;13,57;6401,5;5061;135;143,67;1976,83
956;24/10/2977;15:39:53;13740,5;13,56;6401,75;5061;136;144,33;1997,42
957;24/10/2978;15:39:55;13763;13,56;6402;5061;137;145;2018
958;24/10/2979;15:39:56;13763;13,56;6402;5061;137;145;2018
959;24/10/2980;15:39:57;13763;13,56;6402;5061;137;145;2018
960;24/10/2981;15:39:58;13763;13,56;6402;5061;137;145;2018
