indice;Date;Time;FQI161;PIR161;FQI165;FQI169;FQI177;FQI173;FQI151
1;10/10/2022;0:00:00;6344,00;12,76;654,50;3576,60;261,80;120,40;1730,70
2;10/10/2022;0:01:29;6171,44;12,89;887,86;3528,89;103,07;106,00;1545,62
3;10/10/2022;0:02:59;6554,80;12,90;924,00;3474,78;102,27;113,25;1940,51
4;10/10/2022;0:04:29;7394,31;12,77;2222,67;3538,50;134,54;36,80;1461,81
5;10/10/2022;0:05:59;7969,29;12,60;2587,35;3566,56;70,86;75,13;1669,40
6;10/10/2022;0:07:29;8028,40;12,51;2504,35;3572,22;150,35;81,22;1720,25
7;10/10/2022;0:08:59;7242,87;12,64;2559,00;2342,44;207,56;118,88;2014,98
8;10/10/2022;0:10:29;6253,41;12,91;2031,71;1822,67;207,87;146,57;2044,59
9;10/10/2022;0:11:59;4415,78;13,39;1007,65;805,56;276,78;141,33;2184,46
10;10/10/2022;0:13:29;4280,47;13,65;1323,08;436,57;164,24;123,44;2233,14
11;10/10/2022;0:14:59;5059,43;13,77;2558,69;148,00;185,00;111,13;2056,61
12;10/10/2022;0:16:29;5549,00;13,75;2522,71;754,75;180,00;81,38;2010,16
13;10/10/2022;0:17:59;7119,19;13,49;4128,24;1096,67;118,20;68,33;1707,75
14;10/10/2022;0:19:29;9341,80;12,53;6273,21;2396,00;0,00;0,00;672,59
15;10/10/2022;0:20:59;10339,88;12,15;6307,82;2472,22;15,75;34,50;1509,59
16;10/10/2022;0:22:29;10650,25;12,05;6341,67;2589,22;31,50;103,50;1584,36
17;10/10/2022;0:23:59;9769,35;12,34;6412,13;771,78;197,18;125,67;2262,60
18;10/10/2022;0:25:29;9387,50;12,43;6392,73;726,29;152,75;103,00;2012,74
19;10/10/2022;0:26:59;8731,70;12,51;6145,38;754,44;130,54;102,33;1599,00
20;10/10/2022;0:28:29;8572,53;12,52;4885,29;1733,33;237,11;118,83;1597,96
21;10/10/2022;0:29:59;8352,64;12,57;4204,21;1980,44;245,82;149,00;1773,16
22;10/10/2022;0:31:29;7321,53;12,93;3865,64;750,00;127,67;106,63;2471,59
23;10/10/2022;0:32:59;8529,24;12,72;4363,18;2446,22;67,33;54,50;1598,00
24;10/10/2022;0:34:29;8544,31;12,43;4611,63;2313,33;91,00;80,00;1448,35
25;10/10/2022;0:35:59;8895,47;12,21;3543,56;3768,63;34,40;54,38;1494,51
26;10/10/2022;0:37:29;6852,72;12,51;2808,73;1472,78;290,00;188,00;2093,21
27;10/10/2022;0:38:59;6234,63;12,68;1977,47;1776,44;192,27;115,86;2172,59
28;10/10/2022;0:40:29;8396,65;12,34;1748,11;5000,33;143,20;79,60;1425,40
29;10/10/2022;0:41:59;7824,75;12,34;930,57;5025,88;135,56;95,57;1637,17
30;10/10/2022;0:43:29;7413,08;12,40;702,83;5057,56;119,29;104,75;1428,66
31;10/10/2022;0:44:59;7260,47;12,52;719,50;5062,11;189,88;101,67;1187,31
32;10/10/2022;0:46:29;7562,13;12,47;899,43;5027,00;83,94;85,44;1466,31
33;10/10/2022;0:47:59;7687,80;12,47;922,42;5028,62;100,25;96,71;1539,79
34;10/10/2022;0:49:29;8621,72;12,30;2226,72;4960,30;99,13;42,57;1293,00
35;10/10/2022;0:50:59;9133,92;12,18;2587,44;4995,30;71,15;86,33;1393,69
36;10/10/2022;0:52:29;9216,92;12,11;2587,50;5019,71;97,00;91,11;1421,59
37;10/10/2022;0:53:59;9276,80;12,09;2518,64;5030,50;159,59;93,11;1474,96
38;10/10/2022;0:55:29;9051,29;12,16;2566,87;4673,44;141,27;111,56;1558,16
39;10/10/2022;0:56:59;8191,33;12,35;2586,00;3549,11;196,56;115,33;1744,33
40;10/10/2022;0:58:29;7697,69;12,50;1936,79;3631,25;167,88;122,13;1839,65
41;10/10/2022;0:59:59;9312,45;12,29;3760,11;4163,00;89,92;82,33;1217,09
42;10/10/2022;1:01:29;9753,29;12,10;4630,85;3490,71;146,36;76,13;1409,24
43;10/10/2022;1:02:59;10871,23;11,92;6266,44;3150,88;115,25;80,83;1257,84
44;10/10/2022;1:04:29;9441,83;12,17;6389,63;763,33;163,47;219,89;1905,52
45;10/10/2022;1:05:59;8769,82;12,37;6209,87;423,14;244,93;197,75;1694,13
46;10/10/2022;1:07:29;7199,83;12,77;4717,33;299,67;193,41;143,60;1845,82
47;10/10/2022;1:08:59;7040,33;13,01;4426,87;599,33;159,76;110,78;1743,58
48;10/10/2022;1:10:29;7511,88;13,14;4692,50;741,89;192,17;138,00;1747,33
49;10/10/2022;1:11:59;8429,67;12,96;4910,80;2136,00;46,67;1211,60;124,60
50;10/10/2022;1:13:29;9523,17;12,37;6300,53;2417,78;125,00;581,00;98,86
51;10/10/2022;1:14:59;9917,00;12,23;5595,19;2767,33;159,78;116,00;1278,70
52;10/10/2022;1:16:29;9706,75;12,33;6395,57;1364,89;165,06;216,00;1565,23
53;10/10/2022;1:17:59;9158,79;12,46;6090,62;1102,78;170,56;145,78;1649,05
54;10/10/2022;1:19:29;7923,47;12,39;3454,27;2619,60;110,92;88,90;1649,78
55;10/10/2022;1:20:59;7396,91;12,49;2744,67;2775,00;129,27;103,57;1644,40
56;10/10/2022;1:22:29;7415,56;12,45;4728,07;1743,33;285,09;100,57;558,49
57;10/10/2022;1:23:59;10877,50;11,88;6259,81;3767,30;9,00;14,00;827,39
58;10/10/2022;1:25:29;12402,50;11,58;6194,07;4999,88;46,00;59,43;1103,13
59;10/10/2022;1:26:59;12596,41;11,57;5732,79;5033,44;140,40;166,63;1523,16
60;10/10/2022;1:28:29;10935,56;11,83;3150,27;5137,00;288,31;225,56;2134,43
61;10/10/2022;1:29:59;8564,47;12,21;1202,92;5074,22;216,29;118,14;1952,89
62;10/10/2022;1:31:29;8362,67;12,29;1510,93;5062,78;138,43;97,22;1553,31
63;10/10/2022;1:32:59;9160,82;12,20;2710,31;4980,25;57,00;100,22;1313,04
64;10/10/2022;1:34:29;8200,47;12,35;1170,00;5053,78;218,62;125,86;1632,21
65;10/10/2022;1:35:59;7639,21;12,47;732,92;5074,88;127,69;108,78;1594,96
66;10/10/2022;1:37:29;7191,64;12,62;433,23;5035,56;182,63;165,00;1375,23
67;10/10/2022;1:38:59;7594,12;12,59;866,46;4986,33;111,31;200,67;1429,34
68;10/10/2022;1:40:29;7727,56;12,59;922,57;4989,88;104,00;95,56;1615,55
69;10/10/2022;1:41:59;8232,33;12,53;1617,07;4969,56;133,65;70,00;1442,06
70;10/10/2022;1:43:29;8738,67;12,37;2063,77;5026,00;128,17;76,71;1444,02
71;10/10/2022;1:44:59;7899,60;12,49;1315,35;4625,33;154,36;121,89;1682,67
72;10/10/2022;1:46:29;8039,00;12,54;2577,47;3552,00;211,88;109,00;1588,65
73;10/10/2022;1:47:59;7721,21;12,62;2403,13;3476,11;121,21;138,38;1582,38
74;10/10/2022;1:49:29;7161,67;12,79;1332,53;3572,22;178,29;228,00;1850,62
75;10/10/2022;1:50:59;6953,59;13,03;2530,71;2259,11;224,73;137,44;1801,59
76;10/10/2022;1:52:29;6035,31;13,45;2631,29;821,44;221,86;148,88;2211,84
77;10/10/2022;1:53:59;6019,16;13,75;2786,29;727,67;229,37;118,50;2157,33
78;10/10/2022;1:55:29;7747,24;13,23;6308,79;448,67;111,20;0,00;878,58
79;10/10/2022;1:56:59;8431,69;12,91;6363,81;667,56;144,18;80,40;1175,74
80;10/10/2022;1:58:29;8634,29;12,69;6369,41;675,78;109,44;158,38;1321,28
81;10/10/2022;1:59:59;9331,31;12,64;6367,94;1163,33;91,38;186,67;1521,99
82;10/10/2022;2:01:29;9864,53;12,43;6351,17;2104,00;161,29;38,33;1209,75
83;10/10/2022;2:02:59;7876,67;12,58;5016,64;1026,67;193,76;116,00;1523,59
84;10/10/2022;2:04:29;7175,00;12,69;4708,06;548,44;119,80;98,71;1699,98
85;10/10/2022;2:05:59;6738,57;12,78;4561,35;417,50;192,47;100,00;1467,25
86;10/10/2022;2:07:29;6183,13;12,88;3218,43;736,44;154,18;158,44;1915,64
87;10/10/2022;2:08:59;7491,00;12,74;4396,64;1717,78;4271,00;151,11;-3045,53
88;10/10/2022;2:10:29;8428,71;12,50;4530,00;2479,33;135,35;87,56;1196,47
89;10/10/2022;2:11:59;8778,64;12,38;4581,19;2578,11;70,60;76,43;1472,32
90;10/10/2022;2:13:29;8020,44;12,50;4720,75;1256,00;170,35;113,11;1760,23
91;10/10/2022;2:14:59;8068,83;12,54;5619,06;715,13;171,36;77,00;1486,28
92;10/10/2022;2:16:29;7613,69;12,64;4362,31;1261,78;137,33;143,78;1708,49
93;10/10/2022;2:17:59;6302,81;12,91;951,94;2688,89;257,53;184,78;2219,67
94;10/10/2022;2:19:29;6130,00;13,04;957,36;2811,00;141,62;180,10;2039,92
95;10/10/2022;2:20:59;5446,72;13,30;981,06;1904,22;181,47;117,75;2262,22
96;10/10/2022;2:22:29;6764,29;13,17;902,69;4262,56;121,93;21,00;1456,12
97;10/10/2022;2:23:59;7563,81;12,93;806,86;5021,56;76,75;56,75;1601,90
98;10/10/2022;2:25:29;7127,93;12,89;0,00;5012,22;76,56;95,29;1943,86
99;10/10/2022;2:26:59;7164,67;12,79;0,00;5017,75;172,35;117,43;1857,14
100;10/10/2022;2:28:29;7269,86;12,78;0,00;5024,00;96,20;160,11;1989,55
101;10/10/2022;2:29:59;7304,06;12,76;0,00;5033,22;140,43;135,71;1994,70
102;10/10/2022;2:31:29;7508,78;12,83;0,00;5059,67;191,27;119,67;2138,18
103;10/10/2022;2:32:59;7555,50;12,96;0,00;5066,75;133,59;120,88;2234,29
104;10/10/2022;2:34:29;6251,06;13,35;0,00;3320,22;340,61;125,67;2464,56
105;10/10/2022;2:35:59;7210,00;13,42;0,00;5069,22;203,94;132,67;1804,17
106;10/10/2022;2:37:29;7246,56;13,47;0,00;5079,44;154,88;134,33;1877,90
107;10/10/2022;2:38:59;7470,93;13,45;0,00;5081,00;190,61;156,50;2042,82
108;10/10/2022;2:40:29;7356,50;13,46;0,00;5075,25;98,47;158,90;2023,88
109;10/10/2022;2:41:59;7158,40;13,49;0,00;5066,00;126,31;108,33;1857,75
110;10/10/2022;2:43:29;6035,94;13,72;0,00;3678,25;252,00;128,29;1977,40
111;10/10/2022;2:44:59;4223,26;14,23;0,00;1702,90;268,37;167,67;2084,32
112;10/10/2022;2:46:29;6040,29;14,56;0,00;3205,22;156,21;143,86;2534,99
113;10/10/2022;2:47:59;4012,17;15,01;0,00;1202,88;322,72;204,22;2282,35
114;10/10/2022;2:49:29;2453,72;15,12;0,00;759,55;97,00;154,40;1442,78
115;10/10/2022;2:50:59;2836,80;15,06;3,29;795,12;164,24;140,22;1733,93
116;10/10/2022;2:52:29;3204,24;15,12;6,58;1284,40;161,29;88,30;1663,66
117;10/10/2022;2:53:59;2632,13;15,04;9,87;748,00;81,79;55,25;1737,23
118;10/10/2022;2:55:29;2725,18;14,84;13,16;476,22;374,80;117,25;1743,75
119;10/10/2022;2:56:59;3176,00;15,23;16,45;0,00;402,11;182,00;2575,44
120;10/10/2022;2:58:29;2034,61;15,21;19,74;0,00;95,60;134,90;1784,37
121;10/10/2022;2:59:59;2122,69;14,95;23,03;0,00;165,86;121,50;1812,30
122;10/10/2022;3:01:29;2679,83;15,31;26,32;0,00;226,81;202,80;2223,91
123;10/10/2022;3:02:59;1881,60;15,29;29,61;0,00;91,25;62,43;1698,32
124;10/10/2022;3:04:29;1827,75;15,00;32,89;0,00;140,20;92,20;1562,46
125;10/10/2022;3:05:59;2754,33;15,28;36,18;0,00;230,71;137,29;2350,16
126;10/10/2022;3:07:29;2210,53;15,33;39,47;0,00;91,56;117,50;1962,00
127;10/10/2022;3:08:59;1997,88;15,18;42,76;0,00;86,67;80,43;1788,02
128;10/10/2022;3:10:29;2509,65;15,24;46,05;0,00;179,12;148,89;2135,59
129;10/10/2022;3:11:59;1745,67;15,29;49,34;0,00;108,31;147,30;1440,72
130;10/10/2022;3:13:29;2230,47;15,17;52,63;0,00;168,20;124,86;1884,78
131;10/10/2022;3:14:59;2524,06;15,46;55,92;0,00;189,78;131,78;2146,58
132;10/10/2022;3:16:29;1619,94;15,37;59,21;0,00;75,57;65,40;1419,76
133;10/10/2022;3:17:59;2230,25;15,27;62,50;0,00;137,83;99,43;1930,49
134;10/10/2022;3:19:29;2380,71;15,44;0,00;0,00;152,21;150,10;2078,40
135;10/10/2022;3:20:59;1978,43;15,34;0,00;0,00;76,00;108,88;1793,55
136;10/10/2022;3:22:29;2445,67;15,30;0,00;0,00;166,31;142,17;2137,19
137;10/10/2022;3:23:59;2815,81;15,61;0,00;0,00;195,73;199,78;2420,30
138;10/10/2022;3:25:29;1318,27;15,21;0,00;0,00;33,75;36,80;1247,72
139;10/10/2022;3:26:59;3408,24;15,54;0,00;0,00;290,80;180,00;2937,44
140;10/10/2022;3:28:29;2325,00;15,76;0,00;0,00;155,85;162,14;2007,01
141;10/10/2022;3:29:59;2186,33;15,05;0,00;0,00;142,50;87,33;1956,50
142;10/10/2022;3:31:29;3255,71;15,65;0,00;0,00;285,00;225,56;2745,15
143;10/10/2022;3:32:59;1134,00;15,62;0,00;0,00;37,67;96,44;999,89
144;10/10/2022;3:34:29;6,50;15,25;0,00;0,00;78,41;0,00;-71,91
145;10/10/2022;3:35:59;1933,25;15,15;0,00;0,00;156,82;171,33;1605,10
146;10/10/2022;3:37:29;1920,75;15,32;0,00;0,00;127,89;154,56;1638,31
147;10/10/2022;3:38:59;1336,50;15,14;0,00;0,00;99,00;49,50;1188,00
148;10/10/2022;3:40:29;2199,92;15,36;0,00;0,00;197,00;136,88;1866,05
149;10/10/2022;3:41:59;1525,23;15,30;0,00;0,00;118,92;79,14;1327,17
150;10/10/2022;3:43:29;2182,64;15,08;0,00;0,00;215,00;108,67;1858,97
151;10/10/2022;3:44:59;2239,58;15,40;0,00;0,00;200,72;160,38;1878,48
152;10/10/2022;3:46:29;1561,21;15,38;0,00;0,00;108,22;108,70;1344,29
153;10/10/2022;3:47:59;1514,73;15,20;0,00;0,00;125,25;84,25;1305,23
154;10/10/2022;3:49:29;2090,93;15,40;0,00;0,00;173,33;153,33;1764,26
155;10/10/2022;3:50:59;1594,47;15,38;44,46;0,00;84,69;149,67;1315,65
156;10/10/2022;3:52:29;1670,93;15,27;88,92;0,00;117,11;82,86;1382,04
157;10/10/2022;3:53:59;2118,07;15,45;133,38;0,00;181,40;131,89;1671,40
158;10/10/2022;3:55:29;1353,09;15,34;177,85;0,00;82,13;54,00;1039,12
159;10/10/2022;3:56:59;2287,63;15,34;222,31;0,00;198,53;140,11;1726,68
160;10/10/2022;3:58:29;1754,00;15,49;266,77;0,00;165,25;118,63;1203,36
161;10/10/2022;3:59:59;1679,20;15,26;311,23;0,00;160,57;119,67;1087,73
162;10/10/2022;4:01:29;2318,56;15,57;355,69;0,00;211,00;145,13;1606,75
163;10/10/2022;4:02:59;919,43;15,33;400,15;0,00;87,17;108,00;324,11
164;10/10/2022;4:04:29;2343,75;15,33;444,62;0,00;237,29;158,71;1503,13
165;10/10/2022;4:05:59;1928,93;15,72;489,08;0,00;196,94;123,89;1119,03
166;10/10/2022;4:07:29;0,00;15,23;533,54;0,00;139,50;31,00;-704,04
167;10/10/2022;4:08:59;2805,00;15,47;578,00;0,00;279,00;205,50;1742,50
168;10/10/2022;4:10:29;1762,87;15,69;0,00;0,00;142,17;129,14;1491,56
169;10/10/2022;4:11:59;1896,87;15,22;0,00;0,00;140,25;141,33;1615,29
170;10/10/2022;4:13:29;2805,12;15,75;0,00;0,00;260,13;223,56;2321,44
171;10/10/2022;4:14:59;480,44;15,45;0,00;0,00;41,00;87,67;351,78
172;10/10/2022;4:16:29;2084,77;15,14;0,00;0,00;194,50;158,38;1731,89
173;10/10/2022;4:17:59;2111,27;15,44;0,00;0,00;173,81;139,75;1797,70
174;10/10/2022;4:19:29;1446,89;15,36;0,00;0,00;76,17;123,60;1247,13
175;10/10/2022;4:20:59;1497,94;15,17;0,00;0,00;118,14;77,44;1302,35
176;10/10/2022;4:22:29;2052,67;15,32;0,00;0,00;174,71;138,56;1739,41
177;10/10/2022;4:23:59;1363,06;15,29;0,00;0,00;88,18;139,71;1135,16
178;10/10/2022;4:25:29;1653,36;15,13;0,00;0,00;172,18;112,60;1368,58
179;10/10/2022;4:26:59;2194,87;15,44;0,00;0,00;195,56;136,38;1862,93
180;10/10/2022;4:28:29;819,58;15,16;0,00;0,00;132,71;68,25;618,62
181;10/10/2022;4:29:59;2341,19;15,22;0,00;0,00;207,36;179,87;1953,96
182;10/10/2022;4:31:29;2101,00;15,55;0,00;0,00;171,76;122,60;1806,64
183;10/10/2022;4:32:59;1008,44;15,24;0,00;0,00;37,33;21,43;949,68
184;10/10/2022;4:34:29;2030,06;15,20;0,00;0,00;173,79;196,11;1660,16
185;10/10/2022;4:35:59;2128,17;15,48;0,00;0,00;172,75;150,78;1804,64
186;10/10/2022;4:37:29;1120,19;15,32;0,00;0,00;64,33;91,67;964,19
187;10/10/2022;4:38:59;1778,00;15,19;0,00;0,00;173,69;105,50;1498,81
188;10/10/2022;4:40:29;2069,67;15,46;0,00;0,00;177,88;136,22;1755,56
189;10/10/2022;4:41:59;1097,50;15,32;0,00;0,00;67,00;46,83;983,67
190;10/10/2022;4:43:29;2148,88;15,35;0,00;0,00;182,41;174,22;1792,25
191;10/10/2022;4:44:59;1728,00;15,50;0,00;0,00;135,25;123,78;1468,97
192;10/10/2022;4:46:29;1704,50;15,24;0,00;0,00;167,00;120,80;1416,70
193;10/10/2022;4:47:59;2489,50;15,60;0,00;0,00;228,22;188,89;2072,39
194;10/10/2022;4:49:29;1087,73;15,44;0,00;0,00;83,29;80,71;923,73
195;10/10/2022;4:50:59;2613,82;15,30;0,00;4,37;241,82;149,83;2217,80
196;10/10/2022;4:52:29;2346,38;15,75;0,00;8,74;197,00;178,22;1962,42
197;10/10/2022;4:53:59;461,11;15,43;0,00;13,11;0,00;51,71;396,29
198;10/10/2022;4:55:29;2147,81;15,37;0,00;17,47;210,00;121,75;1798,59
199;10/10/2022;4:56:59;2026,50;15,73;0,00;21,84;183,25;173,56;1647,85
200;10/10/2022;4:58:29;1159,00;15,28;0,00;26,21;66,00;46,20;1020,59
201;10/10/2022;4:59:59;3019,68;15,73;0,00;30,58;297,39;214,67;2477,05
202;10/10/2022;5:01:29;976,13;15,60;0,00;34,95;84,00;91,80;765,38
203;10/10/2022;5:02:59;2285,20;15,44;0,00;39,32;198,45;156,75;1890,68
204;10/10/2022;5:04:29;2029,59;15,80;0,00;43,68;176,40;130,56;1678,95
205;10/10/2022;5:05:59;277,00;15,40;0,00;48,05;79,50;0,00;149,45
206;10/10/2022;5:07:29;2029,31;15,11;0,00;52,42;159,00;158,00;1659,89
207;10/10/2022;5:08:59;2193,75;15,39;0,00;56,79;194,18;177,56;1765,23
208;10/10/2022;5:10:29;1385,06;15,32;0,00;61,16;64,83;85,33;1173,74
209;10/10/2022;5:11:59;1536,87;15,15;0,00;65,53;92,38;119,11;1259,85
210;10/10/2022;5:13:29;2171,17;15,29;0,00;69,89;185,78;174,56;1740,94
211;10/10/2022;5:14:59;1111,50;15,14;0,00;74,26;103,75;85,71;847,77
212;10/10/2022;5:16:29;2352,00;15,23;0,00;78,63;211,07;142,00;1920,30
213;10/10/2022;5:17:59;2032,81;15,47;0,00;83,00;159,50;219,10;1571,21
214;10/10/2022;5:19:29;662,00;15,14;0,00;0,00;16,50;64,83;580,67
215;10/10/2022;5:20:59;2392,59;15,29;0,00;0,00;205,82;198,22;1988,54
216;10/10/2022;5:22:29;1966,61;15,47;0,00;0,00;144,72;215,89;1606,00
217;10/10/2022;5:23:59;1438,15;15,36;0,00;0,00;60,00;27,50;1350,65
218;10/10/2022;5:25:29;1717,33;15,29;0,00;0,00;120,65;90,50;1506,19
219;10/10/2022;5:26:59;1859,73;15,40;0,00;0,00;148,61;111,00;1600,12
220;10/10/2022;5:28:29;1363,50;15,22;0,00;0,00;91,89;55,50;1216,11
221;10/10/2022;5:29:59;2390,69;15,46;0,00;0,00;223,44;144,89;2022,35
222;10/10/2022;5:31:29;1339,12;15,38;0,00;0,00;101,43;62,75;1174,95
223;10/10/2022;5:32:59;2020,79;15,31;0,00;0,00;146,73;104,00;1770,05
224;10/10/2022;5:34:29;2232,94;15,64;0,00;0,00;184,50;129,88;1918,57
225;10/10/2022;5:35:59;937,63;15,38;0,00;0,00;42,00;34,33;861,29
226;10/10/2022;5:37:29;2601,56;15,27;0,00;0,00;233,22;160,14;2208,19
227;10/10/2022;5:38:59;2327,56;15,70;0,00;0,00;187,94;133,89;2005,72
228;10/10/2022;5:40:29;634,43;15,41;0,00;0,00;13,00;24,50;596,93
229;10/10/2022;5:41:59;2573,17;15,35;0,00;0,00;243,40;146,33;2183,43
230;10/10/2022;5:43:29;1702,44;15,61;0,00;0,00;168,15;110,25;1424,03
231;10/10/2022;5:44:59;2019,00;15,34;0,00;0,00;227,14;140,75;1651,11
232;10/10/2022;5:46:29;2123,65;15,75;0,00;0,00;181,53;133,78;1808,34
233;10/10/2022;5:47:59;42,83;15,34;0,00;0,00;78,62;1,00;-36,78
234;10/10/2022;5:49:29;1957,94;15,28;0,00;0,00;157,23;115,44;1685,26
235;10/10/2022;5:50:59;1674,65;15,42;0,00;0,00;124,69;91,20;1458,76
236;10/10/2022;5:52:29;988,83;15,21;0,00;0,00;64,00;12,00;912,83
237;10/10/2022;5:53:59;2115,82;15,28;0,00;0,00;255,69;123,33;1736,80
238;10/10/2022;5:55:29;1668,18;15,38;0,00;0,00;132,53;83,11;1452,53
239;10/10/2022;5:56:59;1320,07;15,21;0,00;0,00;256,80;70,00;993,27
240;10/10/2022;5:58:29;2092,83;15,33;0,00;0,00;232,06;126,22;1734,55
241;10/10/2022;5:59:59;1329,19;15,34;0,00;0,00;165,00;86,13;1078,06
242;10/10/2022;6:01:29;2139,25;15,17;0,00;0,00;181,10;113,83;1844,32
243;10/10/2022;6:02:59;2005,92;15,49;0,00;0,00;174,00;131,44;1700,48
244;10/10/2022;6:04:29;1145,90;15,23;0,00;0,00;167,42;0,00;978,48
245;10/10/2022;6:05:59;2273,25;15,41;0,00;0,00;201,28;99,86;1972,12
246;10/10/2022;6:07:29;1701,87;15,48;0,00;0,00;120,40;64,83;1516,64
247;10/10/2022;6:08:59;2102,11;15,10;0,00;0,00;287,14;43,00;1771,97
248;10/10/2022;6:10:29;2499,54;15,37;0,00;0,00;233,00;122,00;2144,54
249;10/10/2022;6:11:59;1765,59;15,43;0,00;0,00;104,25;63,50;1597,84
250;10/10/2022;6:13:29;1685,43;15,18;0,00;0,00;155,00;53,57;1476,86
251;10/10/2022;6:14:59;2459,71;15,31;0,00;0,00;258,18;107,14;2094,40
252;10/10/2022;6:16:29;1674,55;15,28;0,00;0,00;101,70;59,20;1513,65
253;10/10/2022;6:17:59;2420,18;15,33;0,00;0,00;226,07;115,38;2078,73
254;10/10/2022;6:19:29;2184,50;15,50;0,00;0,00;174,88;67,25;1942,38
255;10/10/2022;6:20:59;1792,30;15,12;0,00;0,00;159,25;107,00;1526,05
256;10/10/2022;6:22:29;2954,24;15,65;0,00;0,00;273,67;147,89;2532,68
257;10/10/2022;6:23:59;1740,93;15,65;0,00;0,00;190,90;48,00;1502,03
258;10/10/2022;6:25:29;1401,86;15,20;0,00;0,00;97,25;26,00;1278,61
259;10/10/2022;6:26:59;2822,17;15,56;0,00;0,00;299,29;138,56;2384,32
260;10/10/2022;6:28:29;1521,71;15,62;0,00;0,00;177,90;43,80;1300,01
261;10/10/2022;6:29:59;2189,29;15,22;0,00;0,00;145,00;76,00;1968,29
262;10/10/2022;6:31:29;2300,47;15,48;0,00;0,00;274,12;111,00;1915,35
263;10/10/2022;6:32:59;1417,80;15,34;0,00;0,00;98,75;41,00;1278,05
264;10/10/2022;6:34:29;2107,43;15,08;0,00;0,00;150,67;92,50;1864,26
265;10/10/2022;6:35:59;2688,18;15,39;0,00;0,00;268,84;118,11;2301,22
266;10/10/2022;6:37:29;1603,71;15,30;0,00;0,00;89,29;29,00;1485,42
267;10/10/2022;6:38:59;2060,23;15,01;0,00;0,00;177,56;97,67;1785,01
268;10/10/2022;6:40:29;2629,12;15,28;0,00;0,00;267,65;113,00;2248,47
269;10/10/2022;6:41:59;1946,47;15,26;0,00;0,00;93,71;47,50;1805,25
270;10/10/2022;6:43:29;1709,29;14,97;0,00;0,00;283,00;97,67;1328,62
271;10/10/2022;6:44:59;2657,44;15,28;0,00;0,00;230,56;118,00;2308,89
272;10/10/2022;6:46:29;2096,80;15,35;0,00;0,00;118,88;57,71;1920,20
273;10/10/2022;6:47:59;1802,86;15,16;0,00;0,00;105,13;51,63;1646,11
274;10/10/2022;6:49:29;2457,40;15,25;0,00;0,00;209,12;103,25;2145,03
275;10/10/2022;6:50:59;1870,89;15,34;0,00;0,00;311,76;77,00;1482,12
276;10/10/2022;6:52:29;2103,67;15,06;0,00;0,00;347,72;103,80;1652,14
277;10/10/2022;6:53:59;2434,69;15,45;0,00;0,00;222,59;124,50;2087,60
278;10/10/2022;6:55:29;1920,93;15,46;0,00;0,00;122,33;39,50;1759,10
279;10/10/2022;6:56:59;1828,79;15,26;0,00;0,00;117,00;22,00;1689,79
280;10/10/2022;6:58:29;2418,73;15,35;0,00;0,00;167,13;98,78;2152,82
281;10/10/2022;6:59:59;2016,07;15,35;0,00;0,00;158,72;59,50;1797,84
282;10/10/2022;7:01:29;2180,94;15,21;0,00;0,00;163,21;102,00;1915,73
283;10/10/2022;7:02:59;2669,14;15,53;0,00;0,00;191,93;109,50;2367,71
284;10/10/2022;7:04:29;1226,42;15,33;0,00;0,00;166,30;59,50;1000,62
285;10/10/2022;7:05:59;2781,75;15,48;0,00;0,00;247,65;127,25;2406,85
286;10/10/2022;7:07:29;2617,33;15,83;0,00;0,00;207,18;106,89;2303,27
287;10/10/2022;7:08:59;1006,78;15,39;0,00;0,00;143,00;0,00;863,78
288;10/10/2022;7:10:29;2282,13;15,25;0,00;0,00;284,21;128,29;1869,63
289;10/10/2022;7:11:59;2720,06;15,86;0,00;0,00;341,06;144,22;2234,78
290;10/10/2022;7:13:29;713,25;15,55;0,00;0,00;119,17;22,50;571,58
291;10/10/2022;7:14:59;1919,50;15,04;0,00;0,00;106,20;95,33;1717,97
292;10/10/2022;7:16:29;2295,65;15,28;0,00;0,00;303,89;115,56;1876,20
293;10/10/2022;7:17:59;1421,47;15,30;0,00;0,00;104,50;58,20;1258,77
294;10/10/2022;7:19:29;2238,45;15,07;0,00;0,00;203,78;101,00;1933,68
295;10/10/2022;7:20:59;2321,88;15,35;47,95;0,00;292,41;103,67;1877,84
296;10/10/2022;7:22:29;1313,00;15,12;95,91;0,00;127,38;5,00;1084,72
297;10/10/2022;7:23:59;2587,43;15,08;143,86;0,00;264,57;114,71;2064,28
298;10/10/2022;7:25:29;2657,75;15,34;191,82;0,00;265,06;101,11;2099,76
299;10/10/2022;7:26:59;2063,40;15,25;239,77;0,00;125,29;24,00;1674,33
300;10/10/2022;7:28:29;2183,87;15,11;287,73;0,00;212,00;77,75;1606,39
301;10/10/2022;7:29:59;2404,53;15,31;335,68;0,00;223,86;104,25;1740,74
302;10/10/2022;7:31:29;2019,17;15,30;383,64;0,00;118,88;27,00;1489,65
303;10/10/2022;7:32:59;2245,17;15,18;431,59;0,00;202,74;84,50;1526,34
304;10/10/2022;7:34:29;2313,41;15,44;479,55;0,00;200,13;113,87;1519,87
305;10/10/2022;7:35:59;1424,33;15,19;527,50;0,00;66,50;30,67;799,67
306;10/10/2022;7:37:29;2745,07;15,29;0,00;0,00;259,76;103,50;2381,81
307;10/10/2022;7:38:59;2503,61;15,56;0,00;0,00;150,82;82,56;2270,23
308;10/10/2022;7:40:29;1342,67;15,15;0,00;0,00;50,80;60,19;1231,68
309;10/10/2022;7:41:59;2715,12;15,24;0,00;0,00;245,05;120,38;2349,69
310;10/10/2022;7:43:29;2350,83;15,50;0,00;0,00;162,40;84,50;2103,93
311;10/10/2022;7:44:59;1357,25;15,15;0,00;0,00;66,25;64,69;1226,31
312;10/10/2022;7:46:29;2945,59;15,27;0,00;0,00;241,69;129,38;2574,53
313;10/10/2022;7:47:59;2720,25;15,59;0,00;0,00;183,74;110,44;2426,07
314;10/10/2022;7:49:29;1392,00;15,40;0,00;0,00;153,23;14,00;1224,77
315;10/10/2022;7:50:59;2967,08;15,29;0,00;26,54;297,30;149,17;2494,07
316;10/10/2022;7:52:29;2521,39;15,73;0,00;53,08;214,12;103,38;2150,81
317;10/10/2022;7:53:59;1251,36;15,26;0,00;79,63;120,40;80,42;970,92
318;10/10/2022;7:55:29;2872,33;15,39;0,00;106,17;320,15;160,83;2285,18
319;10/10/2022;7:56:59;2531,78;15,75;0,00;132,71;201,29;84,00;2113,77
320;10/10/2022;7:58:29;1548,00;15,41;0,00;159,25;0,00;54,70;1334,05
321;10/10/2022;7:59:59;2374,41;15,33;0,00;185,79;200,28;109,40;1878,94
322;10/10/2022;8:01:29;2599,88;15,68;0,00;212,33;327,82;97,00;1962,73
323;10/10/2022;8:02:59;515,00;15,27;0,00;238,88;126,91;18,23;130,99
324;10/10/2022;8:04:29;2407,12;15,20;0,00;265,42;221,31;36,46;1883,93
325;10/10/2022;8:05:59;2350,13;15,37;0,00;291,96;167,29;54,69;1836,20
326;10/10/2022;8:07:29;1519,33;15,01;0,00;318,50;21,40;72,91;1106,52
327;10/10/2022;8:08:59;2868,12;15,22;0,00;0,00;298,28;91,14;2478,70
328;10/10/2022;8:10:29;2281,89;15,39;0,00;0,00;116,41;16,00;2149,48
329;10/10/2022;8:11:59;1187,82;15,05;0,00;0,00;21,67;40,29;1125,87
330;10/10/2022;8:13:29;2391,84;15,23;0,00;0,00;270,89;80,57;2040,38
331;10/10/2022;8:14:59;2064,54;15,38;0,00;0,00;117,59;0,00;1946,95
332;10/10/2022;8:16:29;1464,79;15,01;0,00;0,00;120,17;35,89;1308,73
333;10/10/2022;8:17:59;2769,65;15,21;0,00;0,00;235,61;71,78;2462,26
334;10/10/2022;8:19:29;2291,44;15,36;0,00;0,00;147,81;0,00;2143,62
335;10/10/2022;8:20:59;1889,57;15,23;0,00;0,30;172,29;35,40;1681,58
336;10/10/2022;8:22:29;2153,00;15,25;0,00;0,60;187,40;70,80;1894,20
337;10/10/2022;8:23:59;2241,64;15,40;0,00;0,90;225,53;0,00;2015,21
338;10/10/2022;8:25:29;1809,67;15,23;0,00;1,20;152,13;25,33;1631,00
339;10/10/2022;8:26:59;2513,67;15,33;0,00;1,50;226,75;50,67;2234,75
340;10/10/2022;8:28:29;2274,59;15,42;0,00;1,80;241,11;3,50;2028,18
341;10/10/2022;8:29:59;1743,92;15,33;0,00;2,10;156,79;7,00;1578,04
342;10/10/2022;8:31:29;1932,69;15,40;0,00;2,40;207,88;10,50;1711,92
343;10/10/2022;8:32:59;1621,07;15,43;0,00;2,70;237,81;14,00;1366,55
344;10/10/2022;8:34:29;1756,44;15,39;0,00;3,00;207,39;17,50;1528,55
345;10/10/2022;8:35:59;2162,63;15,60;0,00;0,00;338,76;21,00;1802,86
346;10/10/2022;8:37:29;1033,11;15,33;0,00;0,00;114,45;45,72;872,93
347;10/10/2022;8:38:59;2582,94;15,71;0,00;0,00;300,13;91,44;2191,37
348;10/10/2022;8:40:29;695,00;15,45;0,00;0,00;64,50;0,00;630,50
349;10/10/2022;8:41:59;2583,72;15,64;0,00;0,00;262,29;112,50;2208,93
350;10/10/2022;8:43:29;1541,85;15,78;0,00;0,00;133,55;49,00;1359,30
351;10/10/2022;8:44:59;427,00;15,16;0,00;0,00;97,44;24,75;304,81
352;10/10/2022;8:46:29;2243,22;15,38;0,00;0,00;235,17;49,50;1958,56
353;10/10/2022;8:47:59;1512,25;15,44;0,00;0,00;172,17;0,00;1340,08
354;10/10/2022;8:49:29;1261,56;15,22;0,00;0,00;105,00;0,00;1156,56
355;10/10/2022;8:50:59;1900,06;15,30;0,00;0,00;203,21;14,20;1682,64
356;10/10/2022;8:52:29;1382,41;15,26;0,00;0,00;177,67;28,40;1176,35
357;10/10/2022;8:53:59;1971,71;15,35;0,00;0,00;186,41;42,60;1742,69
358;10/10/2022;8:55:29;1366,83;15,34;0,00;0,00;99,91;38,83;1228,09
359;10/10/2022;8:56:59;2057,85;15,24;0,00;0,00;242,63;77,67;1737,55
360;10/10/2022;8:58:29;1848,88;15,48;0,00;0,00;158,89;57,80;1632,19
361;10/10/2022;8:59:59;1312,00;15,37;0,00;0,00;95,33;10,67;1206,00
362;10/10/2022;9:01:29;1661,86;15,31;0,00;0,00;194,00;21,33;1446,52
363;10/10/2022;9:02:59;1683,33;15,40;0,00;0,00;132,33;32,00;1519,00
364;10/10/2022;9:04:29;1372,41;15,29;0,00;0,00;132,47;42,67;1197,28
365;10/10/2022;9:05:59;2046,87;15,46;0,00;0,00;206,33;53,33;1787,20
366;10/10/2022;9:07:29;1368,21;15,48;0,00;0,00;106,42;17,95;1243,85
367;10/10/2022;9:08:59;1643,90;15,28;0,00;0,00;215,31;35,90;1392,69
368;10/10/2022;9:10:29;1716,50;15,48;0,00;0,00;189,53;53,86;1473,11
369;10/10/2022;9:11:59;1811,67;15,33;0,00;0,00;175,00;40,00;1596,67
370;10/10/2022;9:13:29;2130,41;15,63;0,00;0,00;268,69;54,67;1807,06
371;10/10/2022;9:14:59;907,20;15,29;0,00;0,00;24,00;42,17;841,03
372;10/10/2022;9:16:29;2376,71;15,50;0,00;0,00;292,71;84,33;1999,67
373;10/10/2022;9:17:59;1328,53;15,59;0,00;0,00;137,33;7,00;1184,20
374;10/10/2022;9:19:29;1297,57;15,18;0,00;0,00;274,25;0,00;1023,32
375;10/10/2022;9:20:59;2665,76;15,54;0,00;0,00;407,19;99,11;2159,47
376;10/10/2022;9:22:29;1270,81;15,63;0,00;0,00;110,36;0,00;1160,46
377;10/10/2022;9:23:59;1076,50;15,26;0,00;0,00;131,00;2,00;943,50
378;10/10/2022;9:25:29;2574,05;15,65;0,00;0,00;318,11;90,75;2165,20
379;10/10/2022;9:26:59;1008,13;15,51;0,00;0,00;123,14;65,25;819,73
380;10/10/2022;9:28:29;2918,55;15,31;0,00;0,00;360,30;130,50;2427,75
381;10/10/2022;9:29:59;1776,67;15,65;0,00;0,00;133,94;25,33;1617,39
382;10/10/2022;9:31:29;797,33;15,46;0,00;0,00;109,94;13,35;674,04
383;10/10/2022;9:32:59;1161,82;15,27;0,00;0,00;93,17;26,70;1041,95
384;10/10/2022;9:34:29;1757,42;15,33;0,00;0,00;144,20;40,05;1573,17
385;10/10/2022;9:35:59;1273,77;15,28;0,00;0,00;84,27;53,40;1136,10
386;10/10/2022;9:37:29;1948,64;15,31;0,00;0,00;165,56;66,75;1716,33
387;10/10/2022;9:38:59;1598,84;15,47;0,00;0,00;135,50;14,50;1448,84
388;10/10/2022;9:40:29;1714,20;15,16;0,00;0,00;102,00;38,69;1573,51
389;10/10/2022;9:41:59;2246,81;15,40;0,00;0,00;215,56;77,38;1953,87
390;10/10/2022;9:43:29;1393,85;15,45;0,00;0,00;115,09;0,00;1278,76
391;10/10/2022;9:44:59;2124,20;15,16;0,00;0,00;156,63;65,00;1902,58
392;10/10/2022;9:46:29;2124,53;15,52;0,00;0,00;174,89;74,71;1874,93
393;10/10/2022;9:47:59;1167,92;15,48;0,00;0,00;69,29;19,26;1079,37
394;10/10/2022;9:49:29;1893,43;15,14;0,00;0,00;117,75;38,52;1737,16
395;10/10/2022;9:50:59;2125,00;15,44;0,00;0,00;172,72;57,78;1894,50
396;10/10/2022;9:52:29;1407,50;15,49;0,00;0,00;82,45;16,33;1308,71
397;10/10/2022;9:53:59;1322,00;15,26;0,00;0,00;88,00;32,67;1201,33
398;10/10/2022;9:55:29;2033,60;15,45;0,00;0,00;166,71;49,00;1817,89
399;10/10/2022;9:56:59;1278,36;15,45;0,00;0,00;86,31;39,50;1152,55
400;10/10/2022;9:58:29;2220,43;15,20;0,00;0,00;140,33;79,00;2001,10
401;10/10/2022;9:59:59;2094,88;15,61;0,00;0,00;152,74;65,57;1876,57
402;10/10/2022;10:01:29;841,62;15,44;0,00;0,00;2,00;27,20;812,42
403;10/10/2022;10:02:59;1880,08;15,27;0,00;0,00;121,37;54,40;1704,31
404;10/10/2022;10:04:29;1912,25;15,61;0,00;0,00;118,93;63,67;1729,65
405;10/10/2022;10:05:59;1100,38;15,46;0,00;0,00;0,00;47,00;1053,38
406;10/10/2022;10:07:29;2336,70;15,35;0,00;0,00;219,30;94,00;2023,40
407;10/10/2022;10:08:59;2086,53;15,74;0,00;0,00;172,35;71,25;1842,93
408;10/10/2022;10:10:29;535,50;15,35;0,00;0,00;29,33;59,07;447,09
409;10/10/2022;10:11:59;2739,59;15,61;0,00;0,00;286,00;118,14;2335,45
410;10/10/2022;10:13:29;1436,44;15,71;0,00;0,00;125,57;53,50;1257,37
411;10/10/2022;10:14:59;2804,13;15,40;0,00;0,00;250,29;113,00;2440,84
412;10/10/2022;10:16:29;1860,56;15,70;0,00;0,00;133,30;29,67;1697,60
413;10/10/2022;10:17:59;1145,50;15,35;0,00;0,00;40,83;26,17;1078,50
414;10/10/2022;10:19:29;2070,64;15,16;0,00;0,00;81,67;52,33;1936,64
415;10/10/2022;10:20:59;2258,18;15,38;0,00;0,00;107,50;58,80;2091,88
416;10/10/2022;10:22:29;1662,65;15,23;0,00;0,00;48,68;25,54;1588,43
417;10/10/2022;10:23:59;1938,83;15,24;0,00;0,00;97,36;51,07;1790,40
418;10/10/2022;10:25:29;1760,92;15,30;0,00;0,00;71,13;76,61;1613,19
419;10/10/2022;10:26:59;1803,47;15,25;0,00;0,00;81,86;102,14;1619,47
420;10/10/2022;10:28:29;1856,72;15,38;0,00;0,00;99,31;127,68;1629,73
421;10/10/2022;10:29:59;1530,13;15,32;0,00;0,00;102,00;153,21;1274,91
422;10/10/2022;10:31:29;1956,28;15,50;0,00;0,00;102,38;178,75;1675,14
423;10/10/2022;10:32:59;1482,92;15,30;0,00;0,00;45,63;26,75;1410,54
424;10/10/2022;10:34:29;1989,93;15,38;0,00;0,00;91,25;53,50;1845,18
425;10/10/2022;10:35:59;1496,33;15,49;0,00;0,00;44,60;0,00;1451,73
426;10/10/2022;10:37:29;1580,00;15,29;0,00;0,00;36,50;15,58;1527,92
427;10/10/2022;10:38:59;2031,76;15,45;0,00;0,00;73,00;31,17;1927,60
428;10/10/2022;10:40:29;1723,89;15,43;0,00;0,00;43,00;46,75;1634,14
429;10/10/2022;10:41:59;1935,39;15,29;0,00;0,00;86,00;62,33;1787,06
430;10/10/2022;10:43:29;1916,06;15,49;0,00;0,00;95,37;57,83;1762,85
431;10/10/2022;10:44:59;2308,78;15,23;0,00;0,00;53,14;77,00;2178,64
432;10/10/2022;10:46:29;2389,06;15,66;0,00;0,00;106,28;82,33;2200,45
433;10/10/2022;10:47:59;1143,00;15,45;0,00;0,00;26,50;42,30;1074,20
434;10/10/2022;10:49:29;2322,67;15,31;0,00;0,00;53,00;84,60;2185,07
435;10/10/2022;10:50:59;1853,00;15,67;0,00;0,00;88,77;68,00;1696,23
436;10/10/2022;10:52:29;455,00;15,45;0,00;0,00;14,50;42,30;398,20
437;10/10/2022;10:53:59;1744,82;15,28;0,00;0,00;29,00;84,60;1631,22
438;10/10/2022;10:55:29;2042,33;15,59;0,00;0,00;91,42;61,80;1889,12
439;10/10/2022;10:56:59;986,78;15,31;0,00;0,00;66,55;51,86;868,37
440;10/10/2022;10:58:29;2664,47;15,53;0,00;0,00;133,11;103,71;2427,65
441;10/10/2022;10:59:59;1595,83;15,57;0,00;0,00;74,70;0,00;1521,13
442;10/10/2022;11:01:29;2165,38;15,40;0,00;0,00;202,57;84,33;1878,48
443;10/10/2022;11:02:59;2003,84;15,64;0,00;0,00;145,75;73,20;1784,89
444;10/10/2022;11:04:29;1160,89;15,38;0,00;0,00;71,53;3,21;1086,14
445;10/10/2022;11:05:59;1760,20;15,32;0,00;0,00;143,06;6,43;1610,71
446;10/10/2022;11:07:29;1648,31;15,37;0,00;0,00;106,43;9,64;1532,24
447;10/10/2022;11:08:59;1454,80;15,27;0,00;0,00;111,24;12,86;1330,71
448;10/10/2022;11:10:29;1903,36;15,35;0,00;0,00;125,00;16,07;1762,29
449;10/10/2022;11:11:59;1656,07;15,28;0,00;0,00;37,71;19,29;1599,07
450;10/10/2022;11:13:29;1948,60;15,29;0,00;0,00;96,77;22,50;1829,33
451;10/10/2022;11:14:59;1776,38;15,26;0,00;0,00;121,36;0,00;1655,02
452;10/10/2022;11:16:29;2243,65;15,23;0,00;0,00;195,00;64,25;1984,40
453;10/10/2022;11:17:59;2203,13;15,52;0,00;0,00;168,33;61,20;1973,59
454;10/10/2022;11:19:29;1343,67;15,13;0,00;0,00;67,59;38,92;1237,16
455;10/10/2022;11:20:59;2340,67;15,27;0,00;0,00;135,19;77,83;2127,65
456;10/10/2022;11:22:29;1819,06;15,52;0,00;0,00;75,75;37,00;1706,31
457;10/10/2022;11:23:59;619,40;15,28;0,00;0,00;33,67;31,50;554,23
458;10/10/2022;11:25:29;1959,57;15,21;0,00;0,00;67,33;63,00;1829,24
459;10/10/2022;11:26:59;2159,38;15,42;0,00;0,00;58,00;0,50;2100,88
460;10/10/2022;11:28:29;1598,71;15,26;0,00;0,00;46,13;26,20;1526,38
461;10/10/2022;11:29:59;2234,13;15,34;0,00;0,00;92,25;52,40;2089,48
462;10/10/2022;11:31:29;1928,00;15,43;0,00;0,00;21,00;18,00;1889,00
463;10/10/2022;11:32:59;1805,06;15,25;0,00;0,00;26,00;36,00;1743,06
464;10/10/2022;11:34:29;2290,71;15,53;0,00;0,00;92,50;65,43;2132,78
465;10/10/2022;11:35:59;1136,90;15,46;0,00;0,00;17,25;11,93;1107,72
466;10/10/2022;11:37:29;1808,10;15,31;0,00;0,00;34,50;23,87;1749,73
467;10/10/2022;11:38:59;1992,59;15,61;0,00;0,00;97,53;35,80;1859,26
468;10/10/2022;11:40:29;873,38;15,50;0,00;0,00;40,83;35,00;797,54
469;10/10/2022;11:41:59;1951,20;15,40;0,00;0,00;81,67;70,00;1799,53
470;10/10/2022;11:43:29;1877,35;15,71;0,00;0,00;97,62;56,00;1723,74
471;10/10/2022;11:44:59;456,50;15,37;0,00;0,00;80,72;59,58;316,19
472;10/10/2022;11:46:29;2523,53;15,56;0,00;0,00;161,44;119,17;2242,92
473;10/10/2022;11:47:59;1666,91;15,75;0,00;0,00;69,60;43,67;1553,64
474;10/10/2022;11:49:29;1740,33;15,22;0,00;0,00;0,00;26,81;1713,52
475;10/10/2022;11:50:59;1948,72;15,46;0,00;0,00;0,00;53,63;1895,10
476;10/10/2022;11:52:29;1277,55;15,48;0,00;0,00;21,38;13,50;1242,67
477;10/10/2022;11:53:59;1683,50;15,14;0,00;0,00;42,75;27,00;1613,75
478;10/10/2022;11:55:29;1910,20;15,30;0,00;0,00;64,13;40,50;1805,58
479;10/10/2022;11:56:59;1433,35;15,39;0,00;0,00;0,00;4,27;1429,09
480;10/10/2022;11:58:29;894,43;15,24;0,00;0,00;47,23;8,53;838,66
481;10/10/2022;11:59:59;1863,44;15,34;0,00;0,00;94,46;12,80;1756,18
482;10/10/2022;12:01:29;1305,92;15,37;0,00;0,00;16,33;36,50;1253,09
483;10/10/2022;12:02:59;1920,22;15,13;0,00;0,00;2,00;73,00;1845,22
484;10/10/2022;12:04:29;2024,47;15,49;0,00;0,00;97,20;64,29;1862,98
485;10/10/2022;12:05:59;1216,91;15,42;0,00;0,00;1,00;12,40;1203,51
486;10/10/2022;12:07:29;1766,33;15,24;0,00;0,00;2,00;24,80;1739,53
487;10/10/2022;12:08:59;1871,13;15,49;0,00;0,00;77,85;37,20;1756,08
488;10/10/2022;12:10:29;1130,62;15,44;0,00;0,00;22,92;16,10;1091,60
489;10/10/2022;12:11:59;1271,11;15,30;0,00;0,00;45,83;32,20;1193,08
490;10/10/2022;12:13:29;1843,25;15,48;0,00;0,00;68,75;48,30;1726,20
491;10/10/2022;12:14:59;1098,00;15,33;0,00;0,00;56,81;64,40;976,79
492;10/10/2022;12:16:29;1977,00;15,46;0,00;0,00;113,63;80,50;1782,87
493;10/10/2022;12:17:59;1496,25;15,42;0,00;0,00;62,17;29,67;1404,42
494;10/10/2022;12:19:29;2147,69;15,44;0,00;0,00;113,57;85,67;1948,45
495;10/10/2022;12:20:59;1693,76;15,70;0,00;0,00;99,56;64,67;1529,54
496;10/10/2022;12:22:29;1554,50;15,24;0,00;0,00;67,36;22,00;1465,14
497;10/10/2022;12:23:59;2403,06;15,64;0,00;0,00;134,73;108,38;2159,96
498;10/10/2022;12:25:29;1343,80;15,66;0,00;0,00;29,33;18,00;1296,47
499;10/10/2022;12:26:59;2268,50;15,09;0,00;0,00;73,72;56,69;2138,09
500;10/10/2022;12:28:29;2632,67;15,66;0,00;0,00;147,44;113,38;2371,85
501;10/10/2022;12:29:59;1190,33;15,61;0,00;0,00;18,38;21,89;1150,06
502;10/10/2022;12:31:29;991,75;15,29;0,00;0,00;36,76;43,78;911,21
503;10/10/2022;12:32:59;1983,50;15,49;0,00;0,00;55,14;65,67;1862,69
504;10/10/2022;12:34:29;744,63;15,41;0,00;0,00;30,50;18,33;695,79
505;10/10/2022;12:35:59;1872,18;15,30;0,00;0,00;61,00;36,67;1774,52
506;10/10/2022;12:37:29;1587,89;15,46;0,00;0,00;29,67;0,00;1558,22
507;10/10/2022;12:38:59;616,87;15,29;0,00;0,00;25,08;0,00;591,79
508;10/10/2022;12:40:29;1724,86;15,31;0,00;0,00;50,17;0,00;1674,69
509;10/10/2022;12:41:59;1521,46;15,40;0,00;0,00;0,00;0,00;1521,46
510;10/10/2022;12:43:29;1130,50;15,25;0,00;0,00;38,25;0,00;1092,25
511;10/10/2022;12:44:59;1801,88;15,36;0,00;0,00;76,50;0,00;1725,38
512;10/10/2022;12:46:29;1326,86;15,41;0,00;0,00;17,50;0,00;1309,36
513;10/10/2022;12:47:59;1578,50;15,27;0,00;0,00;38,23;0,00;1540,27
514;10/10/2022;12:49:29;1864,77;15,45;0,00;0,00;76,47;0,00;1788,30
515;10/10/2022;12:50:59;1040,86;15,33;0,00;0,00;0,00;0,00;1040,86
516;10/10/2022;12:52:29;1921,29;15,42;0,00;0,00;99,75;72,67;1748,88
517;10/10/2022;12:53:59;1356,23;15,45;0,00;0,00;72,00;12,50;1271,73
518;10/10/2022;12:55:29;2012,90;15,22;0,00;0,00;42,86;67,00;1903,04
519;10/10/2022;12:56:59;1952,94;15,56;0,00;0,00;85,73;60,83;1806,38
520;10/10/2022;12:58:29;798,83;15,36;0,00;0,00;16,71;5,75;776,37
521;10/10/2022;12:59:59;1672,71;15,27;0,00;0,00;33,43;11,50;1627,79
522;10/10/2022;13:01:29;1729,38;15,48;0,00;0,00;50,14;17,25;1661,99
523;10/10/2022;13:02:59;1036,90;15,26;0,00;0,00;50,50;23,00;963,40
524;10/10/2022;13:04:29;2079,59;15,49;0,00;0,00;101,00;67,43;1911,16
525;10/10/2022;13:05:59;1334,15;15,47;0,00;0,00;14,50;43,25;1276,40
526;10/10/2022;13:07:29;2345,38;15,30;0,00;0,00;106,00;86,50;2152,88
527;10/10/2022;13:08:59;2106,17;15,73;0,00;0,00;112,50;66,71;1926,95
528;10/10/2022;13:10:29;679,25;15,40;0,00;0,00;74,00;59,08;546,17
529;10/10/2022;13:11:59;2491,86;15,43;0,00;0,00;148,00;118,17;2225,69
530;10/10/2022;13:13:29;1818,81;15,81;0,00;0,00;98,40;52,20;1668,21
531;10/10/2022;13:14:59;0,50;15,35;0,00;0,00;39,50;52,90;-91,90
532;10/10/2022;13:16:29;2079,38;15,43;0,00;0,00;79,00;105,80;1894,58
533;10/10/2022;13:17:59;1388,19;15,58;0,00;0,00;31,00;8,50;1348,69
534;10/10/2022;13:19:29;1725,50;15,17;0,00;0,00;41,15;33,39;1650,96
535;10/10/2022;13:20:59;2134,06;15,37;0,00;0,00;82,30;66,78;1984,98
536;10/10/2022;13:22:29;1397,93;15,46;0,00;0,00;15,00;0,00;1382,93
537;10/10/2022;13:23:59;1863,83;15,09;0,00;0,00;33,67;12,00;1818,17
538;10/10/2022;13:25:29;2092,41;15,41;0,00;0,00;67,33;74,57;1950,51
539;10/10/2022;13:26:59;1188,46;15,39;0,00;0,00;23,18;30,50;1134,78
540;10/10/2022;13:28:29;1643,22;15,05;0,00;0,00;46,36;61,00;1535,86
541;10/10/2022;13:29:59;2021,63;15,35;0,00;0,00;69,55;58,86;1893,22
542;10/10/2022;13:31:29;1484,29;15,39;0,00;0,00;4,00;12,05;1468,24
543;10/10/2022;13:32:59;1376,25;15,30;0,00;0,00;8,00;24,10;1344,15
544;10/10/2022;13:34:29;1619,08;15,29;0,00;0,00;12,00;36,15;1570,93
545;10/10/2022;13:35:59;1352,41;15,33;0,00;0,00;16,00;48,20;1288,21
546;10/10/2022;13:37:29;1946,43;15,34;0,00;0,00;111,13;60,25;1775,05
547;10/10/2022;13:38:59;1698,81;15,51;0,00;0,00;64,57;0,00;1634,24
548;10/10/2022;13:40:29;1215,60;15,36;0,00;0,00;22,64;1,29;1191,67
549;10/10/2022;13:41:59;1869,15;15,48;0,00;0,00;45,29;2,57;1821,30
550;10/10/2022;13:43:29;1257,86;15,46;0,00;0,00;22,77;3,86;1231,23
551;10/10/2022;13:44:59;1338,00;15,32;0,00;0,00;45,54;5,14;1287,32
552;10/10/2022;13:46:29;1918,92;15,49;0,00;0,00;68,31;6,43;1844,19
553;10/10/2022;13:47:59;1206,21;15,45;0,00;0,00;38,20;7,71;1160,30
554;10/10/2022;13:49:29;1606,63;15,38;0,00;0,00;76,40;9,00;1521,23
555;10/10/2022;13:50:59;1740,60;15,53;0,00;0,00;84,64;47,00;1608,96
556;10/10/2022;13:52:29;2402,38;15,26;0,00;0,00;69,00;84,25;2249,13
557;10/10/2022;13:53:59;2549,00;15,79;0,00;0,00;135,53;83,50;2329,97
558;10/10/2022;13:55:29;1171,17;15,47;0,00;0,00;43,52;69,67;1057,98
559;10/10/2022;13:56:59;2789,08;15,24;0,00;0,00;87,04;139,33;2562,71
560;10/10/2022;13:58:29;2690,17;15,82;0,00;0,00;130,56;90,33;2469,28
561;10/10/2022;13:59:59;1066,71;15,47;0,00;0,00;6,00;55,67;1005,05
562;10/10/2022;14:01:29;2239,73;15,20;0,00;0,00;12,00;111,33;2116,39
563;10/10/2022;14:02:59;2235,00;15,48;0,00;0,00;18,00;72,67;2144,33
564;10/10/2022;14:04:29;1730,93;15,25;0,00;0,00;24,00;23,75;1683,18
565;10/10/2022;14:05:59;2038,61;15,16;0,00;0,00;30,00;47,50;1961,11
566;10/10/2022;14:07:29;2099,69;15,27;0,00;0,00;36,00;0,00;2063,69
567;10/10/2022;14:08:59;1939,67;15,15;0,00;0,00;42,00;0,00;1897,67
568;10/10/2022;14:10:29;2263,13;15,27;0,00;0,00;48,00;0,00;2215,13
569;10/10/2022;14:11:59;1583,64;15,26;0,00;0,00;15,17;0,00;1568,48
570;10/10/2022;14:13:29;1721,33;15,30;0,00;0,00;30,33;0,00;1691,00
571;10/10/2022;14:14:59;1559,82;15,38;0,00;0,00;9,44;0,00;1550,38
572;10/10/2022;14:16:29;1520,43;15,30;0,00;0,00;18,88;0,00;1501,55
573;10/10/2022;14:17:59;1725,57;15,42;0,00;0,00;28,32;0,00;1697,25
574;10/10/2022;14:19:29;1340,44;15,32;0,00;0,00;37,76;0,00;1302,68
575;10/10/2022;14:20:59;1798,60;15,40;0,00;0,00;47,20;0,00;1751,40
576;10/10/2022;14:22:29;1089,80;15,16;0,00;0,00;0,50;44,56;1044,74
577;10/10/2022;14:23:59;2308,17;15,37;0,00;0,00;106,63;89,13;2112,42
578;10/10/2022;14:25:29;1806,75;15,61;0,00;0,00;67,80;41,33;1697,62
579;10/10/2022;14:26:59;819,00;15,26;0,00;0,00;41,90;43,22;733,88
580;10/10/2022;14:28:29;2211,29;15,34;0,00;0,00;83,80;86,43;2041,06
581;10/10/2022;14:29:59;1651,47;15,58;0,00;0,00;66,33;21,00;1564,14
582;10/10/2022;14:31:29;855,17;15,29;0,00;0,00;35,63;38,17;781,38
583;10/10/2022;14:32:59;2065,47;15,26;0,00;0,00;71,25;76,33;1917,89
584;10/10/2022;14:34:29;1808,41;15,49;0,00;0,00;116,12;22,67;1669,63
585;10/10/2022;14:35:59;1341,93;15,43;0,00;0,00;46,60;28,25;1267,08
586;10/10/2022;14:37:29;2007,69;15,37;0,00;0,00;114,43;56,50;1836,76
587;10/10/2022;14:38:59;2311,29;15,60;0,00;0,00;113,15;34,83;2163,31
588;10/10/2022;14:40:29;1548,20;15,23;0,00;0,00;105,56;43,45;1399,19
589;10/10/2022;14:41:59;2929,29;15,60;0,00;0,00;211,13;86,90;2631,27
590;10/10/2022;14:43:29;1833,50;15,62;0,00;0,00;18,67;12,33;1802,50
591;10/10/2022;14:44:59;1639,56;15,29;0,00;0,00;41,36;24,67;1573,54
592;10/10/2022;14:46:29;2184,71;15,43;0,00;0,00;82,71;37,00;2064,99
593;10/10/2022;14:47:59;1289,94;15,42;0,00;0,00;17,45;0,00;1272,49
594;10/10/2022;14:49:29;1119,86;15,24;0,00;0,00;34,91;0,00;1084,95
595;10/10/2022;14:50:59;1894,53;15,37;0,00;0,00;52,36;0,00;1842,17
596;10/10/2022;14:52:29;1361,87;15,30;0,00;0,00;50,63;11,50;1299,74
597;10/10/2022;14:53:59;1707,92;15,09;0,00;0,00;101,25;23,00;1583,67
598;10/10/2022;14:55:29;2363,35;15,41;0,00;0,00;153,94;71,17;2138,25
599;10/10/2022;14:56:59;1221,33;15,17;0,00;0,00;47,00;38,25;1136,08
600;10/10/2022;14:58:29;2154,78;15,17;0,00;0,00;153,63;76,50;1924,65
601;10/10/2022;14:59:59;2107,69;15,42;0,00;0,00;119,62;51,25;1936,82
602;10/10/2022;15:01:29;996,64;15,25;0,00;0,00;65,13;8,38;923,12
603;10/10/2022;15:02:59;1981,20;15,24;0,00;0,00;130,27;16,76;1834,17
604;10/10/2022;15:04:29;2049,92;15,37;0,00;0,00;55,80;25,14;1968,97
605;10/10/2022;15:05:59;1679,42;15,30;0,00;0,00;39,30;33,52;1606,59
606;10/10/2022;15:07:29;2026,69;15,25;0,00;0,00;78,60;41,90;1906,18
607;10/10/2022;15:08:59;1946,75;15,35;0,00;0,00;58,67;50,29;1837,80
608;10/10/2022;15:10:29;1600,19;15,28;0,00;0,00;104,00;58,67;1437,52
609;10/10/2022;15:11:59;1732,47;15,47;0,00;0,00;74,00;32,00;1626,47
610;10/10/2022;15:13:29;1687,59;15,33;0,00;0,00;22,92;0,00;1664,67
611;10/10/2022;15:14:59;2204,75;15,46;0,00;0,00;45,83;0,00;2158,92
612;10/10/2022;15:16:29;1497,27;15,42;0,00;0,00;36,88;0,00;1460,39
613;10/10/2022;15:17:59;1675,38;15,39;0,00;0,00;73,75;0,00;1601,63
614;10/10/2022;15:19:29;1849,82;15,50;0,00;0,00;52,50;0,00;1797,32
615;10/10/2022;15:20:59;1737,29;15,35;0,00;0,00;14,50;0,00;1722,79
616;10/10/2022;15:22:29;2339,44;15,58;0,00;33,89;87,75;26,40;2191,40
617;10/10/2022;15:23:59;1433,31;15,50;0,00;67,78;0,50;63,25;1301,78
618;10/10/2022;15:25:29;2290,36;15,29;0,00;101,67;150,50;126,50;1911,70
619;10/10/2022;15:26:59;2308,24;15,88;0,00;135,56;130,86;85,71;1956,11
620;10/10/2022;15:28:29;244,33;15,43;0,00;169,45;6,57;47,83;20,48
621;10/10/2022;15:29:59;2529,00;15,41;0,00;203,33;13,14;95,67;2216,86
622;10/10/2022;15:31:29;1440,50;15,62;0,00;237,22;19,71;0,00;1183,56
623;10/10/2022;15:32:59;1,00;15,31;0,00;271,11;26,29;9,30;-305,70
624;10/10/2022;15:34:29;1783,42;15,17;0,00;305,00;32,86;18,60;1426,96
625;10/10/2022;15:35:59;2011,33;15,32;0,00;0,00;39,43;27,90;1944,00
626;10/10/2022;15:37:29;1489,07;15,14;0,00;0,00;46,00;37,20;1405,87
627;10/10/2022;15:38:59;2244,19;15,19;0,00;0,00;52,57;46,50;2145,12
628;10/10/2022;15:40:29;1914,94;15,28;0,00;0,00;42,67;14,50;1857,77
629;10/10/2022;15:41:59;1661,25;15,18;0,00;0,00;85,33;29,00;1546,92
630;10/10/2022;15:43:29;1904,31;15,36;0,00;0,00;80,00;43,50;1780,81
631;10/10/2022;15:44:59;1713,08;15,24;0,00;0,00;17,57;0,00;1695,51
632;10/10/2022;15:46:29;2177,20;15,34;0,00;0,00;35,14;0,00;2142,06
633;10/10/2022;15:47:59;1837,15;15,32;0,00;0,00;0,00;0,00;1837,15
634;10/10/2022;15:49:29;1958,19;15,27;0,00;0,00;0,00;0,00;1958,19
635;10/10/2022;15:50:59;2103,00;15,39;0,00;0,00;0,00;0,00;2103,00
636;10/10/2022;15:52:29;1539,20;15,29;0,00;0,00;30,69;21,63;1486,88
637;10/10/2022;15:53:59;2027,11;15,40;0,00;0,00;61,38;43,25;1922,48
638;10/10/2022;15:55:29;1637,57;15,36;0,00;0,00;19,00;64,88;1553,70
639;10/10/2022;15:56:59;2315,46;15,12;0,00;0,00;38,00;86,50;2190,96
640;10/10/2022;15:58:29;2533,36;15,54;0,00;0,00;89,63;69,43;2374,30
641;10/10/2022;15:59:59;1460,77;15,41;0,00;0,00;13,33;37,50;1409,94
642;10/10/2022;16:01:29;2176,33;15,18;0,00;0,00;53,63;75,00;2047,71
643;10/10/2022;16:02:59;2285,06;15,64;0,00;0,00;107,25;81,38;2096,44
644;10/10/2022;16:04:29;1210,90;15,48;0,00;0,00;38,12;47,38;1125,40
645;10/10/2022;16:05:59;2183,44;15,26;0,00;0,00;76,24;94,75;2012,45
646;10/10/2022;16:07:29;2175,79;15,72;0,00;0,00;114,36;86,20;1975,22
647;10/10/2022;16:08:59;789,80;15,53;0,00;0,00;34,29;17,67;737,84
648;10/10/2022;16:10:29;1565,38;15,38;0,00;0,00;68,58;35,33;1461,46
649;10/10/2022;16:11:59;2035,06;15,61;0,00;0,00;102,87;53,00;1879,19
650;10/10/2022;16:13:29;673,00;15,47;0,00;0,00;0,00;0,00;673,00
651;10/10/2022;16:14:59;1725,07;15,40;0,00;0,00;0,00;0,00;1725,07
652;10/10/2022;16:16:29;1071,33;15,38;0,00;0,00;0,00;0,00;1071,33
653;10/10/2022;16:17:59;1427,25;15,32;0,00;0,00;0,00;0,00;1427,25
654;10/10/2022;16:19:29;1535,71;15,38;0,00;0,00;0,00;0,00;1535,71
655;10/10/2022;16:20:59;839,57;15,22;0,00;0,00;0,00;0,00;839,57
656;10/10/2022;16:22:29;1850,25;15,34;0,00;0,00;59,50;12,56;1778,19
657;10/10/2022;16:23:59;1429,50;15,37;0,00;0,00;22,58;25,13;1381,80
658;10/10/2022;16:25:29;1447,19;15,24;0,00;0,00;45,15;37,69;1364,35
659;10/10/2022;16:26:59;1628,00;15,38;0,00;0,00;67,73;50,25;1510,02
660;10/10/2022;16:28:29;1056,82;15,13;0,00;0,00;56,67;62,81;937,34
661;10/10/2022;16:29:59;2172,65;15,42;0,00;0,00;113,33;75,38;1983,94
662;10/10/2022;16:31:29;1252,94;15,49;0,00;0,00;41,25;0,00;1211,69
663;10/10/2022;16:32:59;1369,87;15,15;0,00;0,00;54,07;28,78;1287,03
664;10/10/2022;16:34:29;2099,31;15,40;0,00;0,00;108,13;57,56;1933,62
665;10/10/2022;16:35:59;1282,06;15,42;0,00;0,00;37,00;31,50;1213,56
666;10/10/2022;16:37:29;1814,89;15,13;0,00;0,00;38,38;63,00;1713,51
667;10/10/2022;16:38:59;2062,28;15,45;0,00;0,00;76,75;59,67;1925,86
668;10/10/2022;16:40:29;1443,43;15,48;0,00;0,00;37,27;18,19;1387,97
669;10/10/2022;16:41:59;900,44;15,24;0,00;0,00;74,53;36,38;789,53
670;10/10/2022;16:43:29;2057,29;15,43;0,00;0,00;111,80;54,57;1890,91
671;10/10/2022;16:44:59;1329,69;15,43;0,00;0,00;52,25;52,25;1225,19
672;10/10/2022;16:46:29;2366,22;15,21;0,00;0,00;69,33;104,50;2192,39
673;10/10/2022;16:47:59;2193,50;15,70;0,00;0,00;119,59;78,57;1995,34
674;10/10/2022;16:49:29;932,17;15,56;0,00;0,00;0,00;12,25;919,92
675;10/10/2022;16:50:59;1190,77;15,30;0,00;0,00;0,00;24,50;1166,27
676;10/10/2022;16:52:29;2188,24;15,68;0,00;0,00;101,50;86,88;1999,86
677;10/10/2022;16:53:59;1047,60;15,43;0,00;0,00;93,25;66,38;887,97
678;10/10/2022;16:55:29;2624,58;15,41;0,00;0,00;186,50;132,75;2305,33
679;10/10/2022;16:56:59;1864,80;15,80;0,00;0,00;96,78;82,33;1685,69
680;10/10/2022;16:58:29;1,00;15,27;0,00;0,00;66,00;41,50;-106,50
681;10/10/2022;16:59:59;1874,07;15,14;0,00;0,00;132,00;83,00;1659,07
682;10/10/2022;17:01:29;1954,06;15,45;0,00;0,00;118,25;49,20;1786,61
683;10/10/2022;17:02:59;983,56;15,22;0,00;0,00;7,50;36,25;939,81
684;10/10/2022;17:04:29;1848,23;15,09;0,00;0,00;63,33;72,50;1712,40
685;10/10/2022;17:05:59;1921,25;15,40;0,00;0,00;75,20;43,33;1802,72
686;10/10/2022;17:07:29;1147,73;15,27;0,00;0,00;24,03;30,83;1092,86
687;10/10/2022;17:08:59;1942,11;15,04;0,00;0,00;48,06;61,67;1832,38
688;10/10/2022;17:10:29;1955,67;15,35;0,00;0,00;72,09;58,50;1825,08
689;10/10/2022;17:11:59;1525,46;15,39;0,00;0,00;27,67;15,40;1482,40
690;10/10/2022;17:13:29;1124,57;15,26;0,00;0,00;55,33;30,80;1038,44
691;10/10/2022;17:14:59;1778,69;15,30;0,00;0,00;83,00;46,20;1649,49
692;10/10/2022;17:16:29;925,85;15,24;0,00;0,00;39,75;61,60;824,50
693;10/10/2022;17:17:59;2013,15;15,26;0,00;0,00;97,33;77,00;1838,82
694;10/10/2022;17:19:29;1867,61;15,55;0,00;0,00;91,44;63,80;1712,37
695;10/10/2022;17:20:59;903,27;15,42;0,00;0,00;0,00;0,00;903,27
696;10/10/2022;17:22:29;1263,92;15,27;0,00;0,00;32,25;17,56;1214,10
697;10/10/2022;17:23:59;1887,50;15,46;0,00;0,00;64,50;35,13;1787,88
698;10/10/2022;17:25:29;966,45;15,32;0,00;0,00;42,42;52,69;871,35
699;10/10/2022;17:26:59;2004,25;15,38;0,00;0,00;84,83;70,25;1849,17
700;10/10/2022;17:28:29;1712,05;15,60;0,00;0,00;83,60;41,25;1587,20
701;10/10/2022;17:29:59;804,71;15,22;0,00;0,00;61,72;45,50;697,49
702;10/10/2022;17:31:29;2273,79;15,50;0,00;0,00;123,44;91,00;2059,34
703;10/10/2022;17:32:59;1480,07;15,71;0,00;0,00;91,33;50,00;1338,73
704;10/10/2022;17:34:29;694,67;15,18;0,00;0,00;62,20;55,00;577,47
705;10/10/2022;17:35:59;2737,22;15,72;0,00;0,00;124,40;110,00;2502,82
706;10/10/2022;17:37:29;1214,82;15,76;0,00;0,00;43,52;0,00;1171,30
707;10/10/2022;17:38:59;1,00;15,17;0,00;0,00;87,04;64,07;-150,11
708;10/10/2022;17:40:29;2912,69;15,60;0,00;0,00;130,56;128,14;2653,99
709;10/10/2022;17:41:59;919,64;15,68;0,00;0,00;12,79;0,00;906,85
710;10/10/2022;17:43:29;2,50;15,37;0,00;0,00;25,58;10,30;-33,38
711;10/10/2022;17:44:59;1728,73;15,21;0,00;0,00;38,37;20,60;1669,75
712;10/10/2022;17:46:29;1924,19;15,33;0,00;0,00;51,17;30,90;1842,12
713;10/10/2022;17:47:59;1459,85;15,04;0,00;0,00;63,96;41,20;1354,69
714;10/10/2022;17:49:29;2433,71;15,29;0,00;0,00;76,75;51,50;2305,46
715;10/10/2022;17:50:59;1923,79;15,36;0,00;0,00;0,00;0,00;1923,79
716;10/10/2022;17:52:29;1616,75;15,15;0,00;0,00;40,95;12,47;1563,33
717;10/10/2022;17:53:59;2241,50;15,27;0,00;0,00;81,90;24,95;2134,65
718;10/10/2022;17:55:29;1873,62;15,34;0,00;0,00;13,00;37,42;1823,20
719;10/10/2022;17:56:59;1718,61;15,14;0,00;0,00;47,78;49,90;1620,93
720;10/10/2022;17:58:29;2259,76;15,41;0,00;0,00;95,56;62,38;2101,83
721;10/10/2022;17:59:59;1380,63;15,36;0,00;0,00;0,00;28,50;1352,13
722;10/10/2022;18:01:29;2099,08;15,07;0,00;0,00;54,88;57,00;1987,21
723;10/10/2022;18:02:59;2448,65;15,47;0,00;0,00;109,75;73,56;2265,34
724;10/10/2022;18:04:29;1056,55;15,33;0,00;0,00;2,50;40,40;1013,65
725;10/10/2022;18:05:59;2026,50;15,21;0,00;0,00;67,33;80,80;1878,37
726;10/10/2022;18:07:29;2242,00;15,55;0,00;0,00;82,64;137,17;2022,20
727;10/10/2022;18:08:59;1397,50;15,37;0,00;0,00;22,14;28,00;1347,36
728;10/10/2022;18:10:29;2019,15;15,18;0,00;0,00;44,28;56,00;1918,88
729;10/10/2022;18:11:59;2251,19;15,45;0,00;0,00;66,42;48,00;2136,77
730;10/10/2022;18:13:29;1692,53;15,41;0,00;0,00;56,13;37,75;1598,65
731;10/10/2022;18:14:59;1711,47;15,28;0,00;0,00;112,25;75,50;1523,72
732;10/10/2022;18:16:29;2338,28;15,58;0,00;0,00;96,31;60,57;2181,40
733;10/10/2022;18:17:59;1288,00;15,31;0,00;0,00;74,60;61,50;1151,90
734;10/10/2022;18:19:29;2822,44;15,46;0,00;0,00;149,20;123,00;2550,24
735;10/10/2022;18:20:59;1711,00;15,78;0,00;0,00;71,00;58,00;1582,00
736;10/10/2022;18:22:29;1,00;15,32;0,00;0,00;32,75;51,50;-83,25
737;10/10/2022;18:23:59;2306,76;15,52;0,00;0,00;65,50;103,00;2138,26
738;10/10/2022;18:25:29;1006,10;15,60;0,00;0,00;15,05;0,00;991,05
739;10/10/2022;18:26:59;1525,75;15,29;0,00;0,00;30,10;15,42;1480,23
740;10/10/2022;18:28:29;1883,24;15,25;0,00;0,00;45,15;30,83;1807,25
741;10/10/2022;18:29:59;1681,00;15,27;0,00;0,00;60,20;46,25;1574,55
742;10/10/2022;18:31:29;1778,53;15,15;0,00;0,00;75,25;61,67;1641,62
743;10/10/2022;18:32:59;1992,50;15,35;0,00;0,00;86,40;60,67;1845,43
744;10/10/2022;18:34:29;1687,33;15,20;0,00;0,00;37,61;18,88;1630,85
745;10/10/2022;18:35:59;2228,86;15,41;0,00;0,00;75,21;37,75;2115,89
746;10/10/2022;18:37:29;1454,31;15,25;0,00;0,00;37,50;39,17;1377,64
747;10/10/2022;18:38:59;2115,25;15,14;0,00;0,00;75,00;78,33;1961,92
748;10/10/2022;18:40:29;2156,13;15,42;0,00;0,00;77,70;56,00;2022,43
749;10/10/2022;18:41:59;1558,67;15,29;0,00;0,00;8,50;10,94;1539,22
750;10/10/2022;18:43:29;1830,95;15,23;0,00;0,00;17,00;21,89;1792,06
751;10/10/2022;18:44:59;1641,13;15,34;0,00;0,00;41,10;32,83;1567,20
752;10/10/2022;18:46:29;1579,00;15,31;0,00;0,00;82,20;43,78;1453,02
753;10/10/2022;18:47:59;1417,21;15,44;0,00;0,00;77,00;54,72;1285,49
754;10/10/2022;18:49:29;1519,57;15,33;0,00;0,00;84,67;65,67;1369,24
755;10/10/2022;18:50:59;1739,12;15,51;0,00;0,00;68,60;9,67;1660,85
756;10/10/2022;18:52:29;1503,38;15,36;2,29;0,00;24,86;11,52;1464,71
757;10/10/2022;18:53:59;1898,46;15,42;4,58;0,00;49,71;23,05;1821,12
758;10/10/2022;18:55:29;1822,64;15,48;6,87;0,00;27,44;34,57;1753,77
759;10/10/2022;18:56:59;1680,63;15,35;9,16;0,00;54,88;46,10;1570,50
760;10/10/2022;18:58:29;2252,23;15,54;11,45;0,00;82,31;57,62;2100,85
761;10/10/2022;18:59:59;1650,89;15,51;13,74;0,00;3,00;69,14;1565,01
762;10/10/2022;19:01:29;1897,13;15,40;16,03;0,00;104,25;80,67;1696,18
763;10/10/2022;19:02:59;2300,50;15,67;18,32;0,00;99,07;22,43;2160,68
764;10/10/2022;19:04:29;1271,75;15,22;20,61;0,00;78,09;55,39;1117,66
765;10/10/2022;19:05:59;2879,78;15,73;22,89;0,00;156,18;110,78;2589,92
766;10/10/2022;19:07:29;1408,23;15,70;25,18;0,00;51,00;25,33;1306,71
767;10/10/2022;19:08:59;361,00;15,13;27,47;0,00;10,54;24,70;298,29
768;10/10/2022;19:10:29;1885,94;15,29;29,76;0,00;21,08;49,40;1785,69
769;10/10/2022;19:11:59;1281,94;15,40;32,05;0,00;31,62;15,56;1202,71
770;10/10/2022;19:13:29;1795,50;15,13;34,34;0,00;42,16;31,11;1687,89
771;10/10/2022;19:14:59;1938,94;15,31;36,63;0,00;52,70;46,67;1802,94
772;10/10/2022;19:16:29;1413,56;15,37;38,92;0,00;28,51;13,83;1332,30
773;10/10/2022;19:17:59;1290,50;15,15;41,21;0,00;57,02;27,67;1164,60
774;10/10/2022;19:19:29;1984,47;15,40;43,50;0,00;85,53;41,50;1813,93
775;10/10/2022;19:20:59;1180,58;15,33;0,00;0,00;0,00;0,00;1180,58
776;10/10/2022;19:22:29;1958,20;15,14;0,00;0,00;52,00;87,00;1819,20
777;10/10/2022;19:23:59;1955,25;15,47;0,00;0,00;91,33;62,67;1801,25
778;10/10/2022;19:25:29;1003,38;15,41;0,00;0,00;24,21;8,30;970,88
779;10/10/2022;19:26:59;1160,20;15,25;0,00;0,00;48,41;16,60;1095,19
780;10/10/2022;19:28:29;1851,19;15,44;0,00;0,00;72,62;24,90;1753,67
781;10/10/2022;19:29:59;1207,86;15,40;0,00;0,00;51,83;33,20;1122,82
782;10/10/2022;19:31:29;1870,25;15,29;0,00;0,00;103,67;41,50;1725,08
783;10/10/2022;19:32:59;1832,44;15,55;0,00;0,00;101,83;58,80;1671,80
784;10/10/2022;19:34:29;625,00;15,26;0,00;0,00;61,35;44,21;519,44
785;10/10/2022;19:35:59;2101,00;15,41;0,00;0,00;122,70;88,43;1889,87
786;10/10/2022;19:37:29;1607,44;15,63;0,00;0,00;90,56;52,50;1464,38
787;10/10/2022;19:38:59;1330,63;15,21;0,00;0,00;63,20;73,00;1194,43
788;10/10/2022;19:40:29;2420,89;15,67;0,00;0,00;126,40;88,00;2206,49
789;10/10/2022;19:41:59;1111,00;15,61;0,00;0,00;7,00;15,50;1088,50
790;10/10/2022;19:43:29;2058,20;15,15;0,00;0,00;55,39;31,00;1971,81
791;10/10/2022;19:44:59;2498,17;15,71;0,00;0,00;110,78;101,56;2285,83
792;10/10/2022;19:46:29;785,25;15,60;0,00;0,00;24,26;17,83;743,16
793;10/10/2022;19:47:59;1523,00;15,37;0,00;0,00;48,52;35,67;1438,82
794;10/10/2022;19:49:29;1850,67;15,53;0,00;0,00;72,78;53,50;1724,39
795;10/10/2022;19:50:59;815,89;15,40;0,00;0,00;0,00;0,00;815,89
796;10/10/2022;19:52:29;1665,43;15,34;0,00;0,00;64,75;7,77;1592,91
797;10/10/2022;19:53:59;1253,87;15,41;0,00;0,00;272,25;15,55;966,07
798;10/10/2022;19:55:29;1091,64;15,26;0,00;0,00;25,75;23,32;1042,57
799;10/10/2022;19:56:59;1697,60;15,41;0,00;0,00;51,50;31,09;1615,01
800;10/10/2022;19:58:29;594,00;15,28;0,00;0,00;33,90;38,86;521,24
801;10/10/2022;19:59:59;1614,27;15,26;0,00;0,00;67,80;46,64;1499,83
802;10/10/2022;20:01:29;1577,75;15,41;0,00;0,00;40,25;54,41;1483,09
803;10/10/2022;20:02:59;1020,86;15,26;0,00;0,00;42,58;62,18;916,09
804;10/10/2022;20:04:29;1915,65;15,41;0,00;0,00;85,17;69,95;1760,53
805;10/10/2022;20:05:59;1102,50;15,32;0,00;0,00;1,50;77,73;1023,27
806;10/10/2022;20:07:29;1987,29;15,25;0,00;0,00;100,50;85,50;1801,29
807;10/10/2022;20:08:59;1980,25;15,61;0,00;0,00;115,55;70,50;1794,20
808;10/10/2022;20:10:29;524,13;15,31;0,00;0,00;13,25;35,50;475,38
809;10/10/2022;20:11:59;1864,20;15,25;0,00;0,00;26,50;71,00;1766,70
810;10/10/2022;20:13:29;1825,00;15,55;0,00;0,00;83,82;60,80;1680,38
811;10/10/2022;20:14:59;820,33;15,42;0,00;0,00;25,54;16,50;778,29
812;10/10/2022;20:16:29;1146,18;15,22;0,00;0,00;51,08;33,00;1062,10
813;10/10/2022;20:17:59;1926,72;15,46;0,00;0,00;76,62;47,00;1803,11
814;10/10/2022;20:19:29;715,56;15,34;0,00;0,00;41,91;24,44;649,21
815;10/10/2022;20:20:59;2009,31;15,41;0,00;0,00;83,82;48,88;1876,62
816;10/10/2022;20:22:29;1406,50;15,48;45,58;45,58;56,40;45,60;1213,33
817;10/10/2022;20:23:59;1980,15;15,46;91,17;91,17;137,63;91,20;1568,99
818;10/10/2022;20:25:29;1507,47;15,68;136,75;136,75;71,29;17,50;1145,18
819;10/10/2022;20:26:59;501,50;15,41;182,33;182,33;49,29;36,69;50,85
820;10/10/2022;20:28:29;2115,35;15,62;227,92;227,92;98,58;73,38;1487,56
821;10/10/2022;20:29:59;997,00;15,63;273,50;273,50;5,40;19,50;425,10
822;10/10/2022;20:31:29;1538,43;15,35;319,08;319,08;10,80;39,00;850,46
823;10/10/2022;20:32:59;1685,93;15,51;364,67;364,67;16,20;42,00;898,39
824;10/10/2022;20:34:29;1011,38;15,40;410,25;410,25;21,60;272,50;-103,22
825;10/10/2022;20:35:59;1736,22;15,27;455,83;455,83;27,00;545,00;252,55
826;10/10/2022;20:37:29;1520,60;15,38;501,42;501,42;83,00;21,67;413,10
827;10/10/2022;20:38:59;1824,38;15,13;547,00;547,00;46,32;50,00;634,05
828;10/10/2022;20:40:29;2111,18;15,48;0,00;0,00;92,65;62,71;1955,82
829;10/10/2022;20:41:59;909,60;15,37;0,00;0,00;25,44;35,75;848,41
830;10/10/2022;20:43:29;1967,70;15,13;0,00;0,00;50,89;71,50;1845,31
831;10/10/2022;20:44:59;1941,53;15,45;0,00;0,00;76,33;74,83;1790,36
832;10/10/2022;20:46:29;708,50;15,37;0,00;0,00;20,79;0,00;687,71
833;10/10/2022;20:47:59;1695,86;15,21;0,00;0,00;41,58;0,00;1654,28
834;10/10/2022;20:49:29;1777,38;15,38;0,00;0,00;62,36;0,00;1715,02
835;10/10/2022;20:50:59;1051,70;15,27;0,00;0,00;0,00;0,00;1051,70
836;10/10/2022;20:52:29;1992,11;15,40;0,00;0,00;98,08;52,57;1841,46
837;10/10/2022;20:53:59;1245,50;15,42;0,00;0,00;16,00;30,75;1198,75
838;10/10/2022;20:55:29;1909,00;15,30;0,00;0,00;94,25;61,50;1753,25
839;10/10/2022;20:56:59;1757,94;15,55;0,00;0,00;70,56;41,00;1646,38
840;10/10/2022;20:58:29;478,80;15,32;0,00;0,00;48,11;21,38;409,31
841;10/10/2022;20:59:59;1885,56;15,39;0,00;0,00;96,22;42,75;1746,59
842;10/10/2022;21:01:29;1624,24;15,54;0,00;0,00;58,50;6,33;1559,40
843;10/10/2022;21:02:59;605,86;15,38;0,00;0,00;48,07;12,67;545,12
844;10/10/2022;21:04:29;1779,73;15,42;0,00;0,00;96,14;19,00;1664,59
845;10/10/2022;21:05:59;1547,93;15,56;0,00;0,00;75,38;25,75;1446,81
846;10/10/2022;21:07:29;1789,56;15,33;0,00;0,00;90,00;319,00;1380,56
847;10/10/2022;21:08:59;2136,81;15,75;0,00;0,00;124,13;91,50;1921,18
848;10/10/2022;21:10:29;1420,00;15,38;0,00;0,00;65,89;51,75;1302,36
849;10/10/2022;21:11:59;2485,18;15,81;0,00;0,00;131,77;103,50;2249,91
850;10/10/2022;21:13:29;1143,75;15,67;0,00;0,00;40,67;18,00;1085,08
851;10/10/2022;21:14:59;1446,50;15,16;0,00;0,00;61,06;6,00;1379,44
852;10/10/2022;21:16:29;2633,11;15,81;0,00;0,00;122,11;115,67;2395,33
853;10/10/2022;21:17:59;444,00;15,52;0,00;0,00;29,93;53,00;361,07
854;10/10/2022;21:19:29;2052,73;15,24;0,00;0,00;59,87;106,00;1886,86
855;10/10/2022;21:20:59;2004,40;15,73;0,00;0,00;89,80;106,29;1808,31
856;10/10/2022;21:22:29;1,00;15,34;0,00;137,13;22,75;21,50;-180,38
857;10/10/2022;21:23:59;1896,64;15,28;0,00;274,25;45,50;43,00;1533,89
858;10/10/2022;21:25:29;1336,29;15,33;0,00;411,38;68,25;19,17;837,49
859;10/10/2022;21:26:59;1812,23;15,28;0,00;548,50;91,00;38,33;1134,40
860;10/10/2022;21:28:29;1588,60;15,39;0,00;0,00;35,67;0,00;1552,93
861;10/10/2022;21:29:59;1367,07;15,29;0,00;0,00;11,50;4,05;1351,52
862;10/10/2022;21:31:29;1758,23;15,37;0,00;0,00;23,00;8,10;1727,14
863;10/10/2022;21:32:59;1265,13;15,34;0,00;0,00;34,50;12,14;1218,48
864;10/10/2022;21:34:29;1697,75;15,27;0,00;0,00;46,00;16,19;1635,56
865;10/10/2022;21:35:59;1732,44;15,42;0,00;0,00;56,57;20,24;1655,63
866;10/10/2022;21:37:29;1065,73;15,29;0,00;0,00;47,59;24,29;993,85
867;10/10/2022;21:38:59;1915,12;15,38;0,00;0,00;95,18;28,33;1791,60
868;10/10/2022;21:40:29;1446,29;15,30;0,00;0,00;30,33;0,00;1415,95
869;10/10/2022;21:41:59;1996,13;15,32;0,00;0,00;109,60;88,75;1797,78
870;10/10/2022;21:43:29;1933,44;15,63;0,00;0,00;99,58;58,50;1775,35
871;10/10/2022;21:44:59;701,50;15,24;0,00;0,00;28,25;45,17;628,08
872;10/10/2022;21:46:29;2256,38;15,21;0,00;0,00;56,50;90,33;2109,55
873;10/10/2022;21:47:59;1934,28;15,57;0,00;0,00;86,18;62,00;1786,10
874;10/10/2022;21:49:29;854,63;15,39;0,00;0,00;9,00;5,33;840,29
875;10/10/2022;21:50:59;1698,92;15,24;0,00;0,00;18,00;10,67;1670,26
876;10/10/2022;21:52:29;1824,17;15,46;0,00;0,00;73,73;18,33;1732,11
877;10/10/2022;21:53:59;1350,42;15,33;0,00;0,00;32,00;33,38;1285,04
878;10/10/2022;21:55:29;2163,76;15,63;0,00;0,00;112,28;66,75;1984,74
879;10/10/2022;21:56:59;777,44;15,35;0,00;0,00;80,69;55,00;641,76
880;10/10/2022;21:58:29;2505,44;15,53;0,00;0,00;161,38;110,00;2234,06
881;10/10/2022;21:59:59;1374,86;15,74;0,00;0,00;64,83;38,00;1272,02
882;10/10/2022;22:01:29;405,60;15,29;0,00;0,00;69,00;56,75;279,85
883;10/10/2022;22:02:59;2398,72;15,60;0,00;0,00;138,00;113,50;2147,22
884;10/10/2022;22:04:29;1397,11;15,62;0,00;0,00;35,33;33,00;1328,78
885;10/10/2022;22:05:59;432,00;15,26;0,00;0,00;23,04;16,06;392,90
886;10/10/2022;22:07:29;1747,40;15,31;0,00;0,00;46,08;32,13;1669,19
887;10/10/2022;22:08:59;1291,92;15,31;0,00;0,00;69,13;48,19;1174,61
888;10/10/2022;22:10:29;1682,42;15,22;0,00;0,00;92,17;64,25;1526,00
889;10/10/2022;22:11:59;1698,17;15,39;0,00;0,00;84,33;35,67;1578,17
890;10/10/2022;22:13:29;1777,09;15,24;0,00;0,00;44,00;62,00;1671,09
891;10/10/2022;22:14:59;1973,53;15,51;0,00;0,00;91,38;68,00;1814,15
892;10/10/2022;22:16:29;906,43;15,24;0,00;0,00;26,50;41,88;838,05
893;10/10/2022;22:17:59;2018,77;15,17;0,00;0,00;53,00;83,75;1882,02
894;10/10/2022;22:19:29;1863,59;15,45;0,00;0,00;83,89;57,40;1722,30
895;10/10/2022;22:20:59;1047,67;15,32;0,00;0,00;0,00;0,00;1047,67
896;10/10/2022;22:22:29;1824,75;15,26;0,00;0,00;45,20;27,50;1752,05
897;10/10/2022;22:23:59;1520,75;15,38;0,00;0,00;0,00;55,00;1465,75
898;10/10/2022;22:25:29;1141,46;15,24;0,00;0,00;79,33;82,50;979,63
899;10/10/2022;22:26:59;1768,61;15,46;0,00;0,00;87,77;36,33;1644,51
900;10/10/2022;22:28:29;1351,45;15,36;0,00;0,00;35,04;8,89;1307,53
901;10/10/2022;22:29:59;1817,92;15,50;0,00;0,00;70,08;17,77;1730,07
902;10/10/2022;22:31:29;1241,29;15,42;0,00;0,00;34,00;26,66;1180,63
903;10/10/2022;22:32:59;1639,76;15,40;0,00;0,00;68,00;35,54;1536,22
904;10/10/2022;22:34:29;1589,23;15,52;0,00;0,00;31,33;44,43;1513,47
905;10/10/2022;22:35:59;1218,57;15,39;0,00;0,00;53,20;53,31;1112,06
906;10/10/2022;22:37:29;1886,60;15,50;0,00;0,00;106,40;62,20;1718,00
907;10/10/2022;22:38:59;1433,29;15,60;0,00;0,00;62,67;16,00;1354,62
908;10/10/2022;22:40:29;1826,40;15,37;0,00;0,00;55,97;61,00;1709,43
909;10/10/2022;22:41:59;2198,79;15,70;0,00;0,00;111,93;75,86;2011,00
910;10/10/2022;22:43:29;407,62;15,34;0,00;0,00;73,59;59,38;274,66
911;10/10/2022;22:44:59;2648,33;15,74;0,00;0,00;147,18;118,75;2382,40
912;10/10/2022;22:46:29;1235,45;15,77;0,00;0,00;54,20;29,00;1152,25
913;10/10/2022;22:47:59;1843,00;15,18;0,00;0,00;0,00;32,33;1810,67
914;10/10/2022;22:49:29;1945,71;15,31;0,00;0,00;0,00;64,67;1881,04
915;10/10/2022;22:50:59;1488,06;15,44;0,00;0,00;0,00;0,00;1488,06
916;10/10/2022;22:52:29;696,00;15,19;0,00;0,00;36,38;11,30;648,33
917;10/10/2022;22:53:59;1855,46;15,26;0,00;0,00;72,75;22,60;1760,11
918;10/10/2022;22:55:29;1642,00;15,37;0,00;0,00;16,00;33,90;1592,10
919;10/10/2022;22:56:59;1024,70;15,16;0,00;0,00;49,77;45,20;929,73
920;10/10/2022;22:58:29;2069,93;15,36;0,00;0,00;99,53;56,50;1913,90
921;10/10/2022;22:59:59;1311,46;15,32;0,00;0,00;58,44;33,00;1220,02
922;10/10/2022;23:01:29;1755,14;15,14;0,00;0,00;119,50;66,00;1569,64
923;10/10/2022;23:02:59;2011,50;15,48;0,00;0,00;109,47;59,33;1842,70
924;10/10/2022;23:04:29;1315,63;15,40;0,00;0,00;28,00;16,44;1271,18
925;10/10/2022;23:05:59;1296,25;15,28;0,00;0,00;56,00;32,88;1207,37
926;10/10/2022;23:07:29;1831,13;15,44;0,00;0,00;77,50;49,32;1704,31
927;10/10/2022;23:08:59;968,08;15,31;0,00;0,00;68,00;65,76;834,32
928;10/10/2022;23:10:29;2057,08;15,34;0,00;0,00;136,00;82,20;1838,88
929;10/10/2022;23:11:59;1723,47;15,55;0,00;0,00;96,62;28,00;1598,86
930;10/10/2022;23:13:29;1008,17;15,23;0,00;0,00;76,62;44,93;886,62
931;10/10/2022;23:14:59;2204,93;15,46;0,00;0,00;153,23;89,86;1961,84
932;10/10/2022;23:16:29;1598,15;15,56;0,00;0,00;92,00;39,00;1467,15
933;10/10/2022;23:17:59;2116,38;15,19;0,00;0,00;60,26;76,67;1979,44
934;10/10/2022;23:19:29;2362,65;15,65;0,00;0,00;120,53;80,57;2161,55
935;10/10/2022;23:20:59;1270,83;15,62;0,00;0,00;18,50;0,00;1252,33
936;10/10/2022;23:22:29;1416,25;15,19;0,00;0,00;60,09;46,55;1309,61
937;10/10/2022;23:23:59;2423,50;15,61;0,00;0,00;120,18;93,10;2210,22
938;10/10/2022;23:25:29;1393,17;15,68;0,00;0,00;13,00;27,38;1352,79
939;10/10/2022;23:26:59;1780,00;15,30;0,00;0,00;113,05;54,75;1612,20
940;10/10/2022;23:28:29;2213,31;15,59;0,00;0,00;226,10;82,13;1905,09
941;10/10/2022;23:29:59;908,22;15,46;0,00;0,00;20,98;35,67;851,57
942;10/10/2022;23:31:29;1984,00;15,21;0,00;0,00;41,96;71,33;1870,71
943;10/10/2022;23:32:59;1759,00;15,45;0,00;0,00;62,94;49,33;1646,73
944;10/10/2022;23:34:29;884,00;15,24;0,00;0,00;83,92;36,00;764,08
945;10/10/2022;23:35:59;1978,14;15,27;0,00;0,00;104,90;72,00;1801,24
946;10/10/2022;23:37:29;1550,65;15,41;0,00;0,00;61,17;5,50;1483,98
947;10/10/2022;23:38:59;869,57;15,21;0,00;0,00;39,22;9,67;820,69
948;10/10/2022;23:40:29;1940,53;15,35;0,00;0,00;78,43;19,33;1842,77
949;10/10/2022;23:41:59;1285,67;15,39;0,00;0,00;50,00;20,90;1214,76
950;10/10/2022;23:43:29;1873,11;15,22;0,00;0,00;100,00;41,81;1731,30
951;10/10/2022;23:44:59;1852,59;15,44;0,00;0,00;125,63;62,71;1664,25
952;10/10/2022;23:46:29;1192,90;15,20;0,00;0,00;37,00;41,00;1114,90
953;10/10/2022;23:47:59;2250,33;15,48;0,00;0,00;154,12;82,00;2014,22
954;10/10/2022;23:49:29;1398,07;15,53;0,00;0,00;62,25;9,00;1326,82
955;10/10/2022;23:50:59;684,20;15,14;0,00;0,00;0,00;0,00;684,20
956;10/10/2022;23:52:29;2069,56;15,35;0,00;0,00;129,33;81,71;1858,51
957;10/10/2022;23:53:59;1580,40;15,50;0,00;0,00;80,00;39,00;1461,40
958;10/10/2022;23:55:29;1139,50;15,22;0,00;0,00;23,00;23,42;1093,08
959;10/10/2022;23:56:59;2084,38;15,40;0,00;0,00;135,12;46,83;1902,43
960;10/10/2022;23:58:29;1397,93;15,43;0,00;0,00;80,38;46,83;1270,72
