indice;Date ;Time;FQI161;PIR161;FQI165;FQI169;FQI177;FQI173;FQI151
1;24/10/2022;1860,000;7639,00;14,23;6313,50;0,00;0,00;53,50;1272,00
2;24/10/2022;1860,063;7641,98;14,21;6323,39;0,00;0,21;85,19;1233,19
3;24/10/2022;1860,125;7644,96;14,21;6323,77;0,00;0,43;85,38;1235,38
4;24/10/2022;1860,188;7647,94;14,21;6324,16;0,00;0,64;85,56;1237,58
5;24/10/2022;1860,250;7650,92;14,21;6324,54;0,00;0,86;85,75;1239,77
6;24/10/2022;1860,313;7653,90;14,21;6324,93;0,00;1,07;85,94;1241,96
7;24/10/2022;1860,375;7656,88;14,21;6325,31;0,00;1,29;86,13;1244,15
8;24/10/2022;1860,438;7659,85;14,21;6325,70;0,00;1,50;86,31;1246,34
9;24/10/2022;1860,500;7662,83;14,21;6326,08;0,00;1,71;86,50;1248,54
10;24/10/2022;1860,563;7665,81;14,21;6326,47;0,00;1,93;86,69;1250,73
11;24/10/2022;1860,625;7668,79;14,21;6326,85;0,00;2,14;86,88;1252,92
12;24/10/2022;1860,688;7671,77;14,21;6327,24;0,00;2,36;87,06;1255,11
13;24/10/2022;1860,750;7674,75;14,21;6327,63;0,00;2,57;87,25;1257,30
14;24/10/2022;1860,813;7677,73;14,21;6328,01;0,00;2,79;87,44;1259,50
15;24/10/2022;1860,875;7680,71;14,21;6328,40;0,00;3,00;87,63;1261,69
16;24/10/2022;1860,938;7683,69;14,21;6328,78;0,00;3,21;87,81;1263,88
17;24/10/2022;1861,000;7686,67;14,21;6329,17;0,00;3,43;88,00;1266,07
18;24/10/2022;1861,063;7689,65;14,21;6329,55;0,00;3,64;88,19;1268,26
19;24/10/2022;1861,125;7692,63;14,21;6329,94;0,00;3,86;88,38;1270,46
20;24/10/2022;1861,188;7695,60;14,21;6330,32;0,00;4,07;88,56;1272,65
21;24/10/2022;1861,250;7698,58;14,21;6330,71;0,00;4,29;88,75;1274,84
22;24/10/2022;1861,313;7701,56;14,21;6331,09;0,00;4,50;88,94;1277,03
23;24/10/2022;1861,375;7704,54;14,21;6331,48;0,00;4,71;89,13;1279,22
24;24/10/2022;1861,438;7707,52;14,21;6331,86;0,00;4,93;89,31;1281,42
25;24/10/2022;1861,500;7710,50;14,21;6332,25;0,00;5,14;89,50;1283,61
26;24/10/2022;1861,563;7713,48;14,20;6332,64;0,00;5,36;89,69;1285,80
27;24/10/2022;1861,625;7716,46;14,20;6333,02;0,00;5,57;89,88;1287,99
28;24/10/2022;1861,688;7719,44;14,20;6333,41;0,00;5,79;90,06;1290,18
29;24/10/2022;1861,750;7722,42;14,20;6333,79;0,00;6,00;90,25;1292,38
30;24/10/2022;1861,813;7725,40;14,20;6334,18;0,00;6,21;90,44;1294,57
31;24/10/2022;1861,875;7728,38;14,20;6334,56;0,00;6,43;90,63;1296,76
32;24/10/2022;1861,938;7731,35;14,20;6334,95;0,00;6,64;90,81;1298,95
33;24/10/2022;1862,000;7734,33;14,20;6335,33;0,00;6,86;91,00;1301,14
34;24/10/2022;1862,063;7737,31;14,20;6335,72;0,00;7,07;91,19;1303,33
35;24/10/2022;1862,125;7740,29;14,20;6336,10;0,00;7,29;91,38;1305,53
36;24/10/2022;1862,188;7743,27;14,20;6336,49;0,00;7,50;91,56;1307,72
37;24/10/2022;1862,250;7746,25;14,20;6336,88;0,00;7,71;91,75;1309,91
38;24/10/2022;1862,313;7749,23;14,20;6337,26;0,00;7,93;91,94;1312,10
39;24/10/2022;1862,375;7752,21;14,20;6337,65;0,00;8,14;92,13;1314,29
40;24/10/2022;1862,438;7755,19;14,20;6338,03;0,00;8,36;92,31;1316,49
41;24/10/2022;1862,500;7758,17;14,20;6338,42;0,00;8,57;92,50;1318,68
42;24/10/2022;1862,563;7761,15;14,20;6338,80;0,00;8,79;92,69;1320,87
43;24/10/2022;1862,625;7764,13;14,20;6339,19;0,00;9,00;92,88;1323,06
44;24/10/2022;1862,688;7767,10;14,20;6339,57;0,00;9,21;93,06;1325,25
45;24/10/2022;1862,750;7770,08;14,20;6339,96;0,00;9,43;93,25;1327,45
46;24/10/2022;1862,813;7773,06;14,20;6340,34;0,00;9,64;93,44;1329,64
47;24/10/2022;1862,875;7776,04;14,20;6340,73;0,00;9,86;93,63;1331,83
48;24/10/2022;1862,938;7779,02;14,20;6341,11;0,00;10,07;93,81;1334,02
49;24/10/2022;1863,000;7782,00;14,20;6341,50;0,00;10,29;94,00;1336,21
50;24/10/2022;1863,063;7785,29;14,20;6341,89;0,00;10,50;94,19;1338,72
51;24/10/2022;1863,125;7788,58;14,20;6342,27;0,00;10,71;94,38;1341,22
52;24/10/2022;1863,188;7791,88;14,20;6342,66;0,00;10,93;94,56;1343,73
53;24/10/2022;1863,250;7795,17;14,20;6343,04;0,00;11,14;94,75;1346,23
54;24/10/2022;1863,313;7798,46;14,20;6343,43;0,00;11,36;94,94;1348,74
55;24/10/2022;1863,375;7801,75;14,20;6343,81;0,00;11,57;95,13;1351,24
56;24/10/2022;1863,438;7805,04;14,20;6344,20;0,00;11,79;95,31;1353,75
57;24/10/2022;1863,500;7808,33;14,20;6344,58;0,00;12,00;95,50;1356,25
58;24/10/2022;1863,563;7811,63;14,20;6344,97;0,00;12,21;95,69;1358,75
59;24/10/2022;1863,625;7814,92;14,20;6345,35;0,00;12,43;95,88;1361,26
60;24/10/2022;1863,688;7818,21;14,20;6345,74;0,00;12,64;96,06;1363,76
61;24/10/2022;1863,750;7821,50;14,20;6346,13;0,00;12,86;96,25;1366,27
62;24/10/2022;1863,813;7824,79;14,20;6346,51;0,00;13,07;96,44;1368,77
63;24/10/2022;1863,875;7828,08;14,20;6346,90;0,00;13,29;96,63;1371,28
64;24/10/2022;1863,938;7831,38;14,20;6347,28;0,00;13,50;96,81;1373,78
65;24/10/2022;1864,000;7834,67;14,20;6347,67;0,00;13,71;97,00;1376,29
66;24/10/2022;1864,063;7837,96;14,20;6348,05;0,00;13,93;97,19;1378,79
67;24/10/2022;1864,125;7841,25;14,20;6348,44;0,00;14,14;97,38;1381,29
68;24/10/2022;1864,188;7844,54;14,20;6348,82;0,00;14,36;97,56;1383,80
69;24/10/2022;1864,250;7847,83;14,20;6349,21;0,00;14,57;97,75;1386,30
70;24/10/2022;1864,313;7851,13;14,20;6349,59;0,00;14,79;97,94;1388,81
71;24/10/2022;1864,375;7854,42;14,20;6349,98;0,00;15,00;98,13;1391,31
72;24/10/2022;1864,438;7857,71;14,20;6350,36;0,00;15,21;98,31;1393,82
73;24/10/2022;1864,500;7861,00;14,20;6350,75;0,00;15,43;98,50;1396,32
74;24/10/2022;1864,563;7864,29;14,19;6351,14;0,00;15,64;98,69;1398,83
75;24/10/2022;1864,625;7867,58;14,19;6351,52;0,00;15,86;98,88;1401,33
76;24/10/2022;1864,688;7870,88;14,19;6351,91;0,00;16,07;99,06;1403,83
77;24/10/2022;1864,750;7874,17;14,19;6352,29;0,00;16,29;99,25;1406,34
78;24/10/2022;1864,813;7877,46;14,19;6352,68;0,00;16,50;99,44;1408,84
79;24/10/2022;1864,875;7880,75;14,19;6353,06;0,00;16,71;99,63;1411,35
80;24/10/2022;1864,938;7884,04;14,19;6353,45;0,00;16,93;99,81;1413,85
81;24/10/2022;1865,000;7887,33;14,19;6353,83;0,00;17,14;100,00;1416,36
82;24/10/2022;1865,063;7890,63;14,19;6354,22;0,00;17,36;100,19;1418,86
83;24/10/2022;1865,125;7893,92;14,19;6354,60;0,00;17,57;100,38;1421,37
84;24/10/2022;1865,188;7897,21;14,19;6354,99;0,00;17,79;100,56;1423,87
85;24/10/2022;1865,250;7900,50;14,19;6355,38;0,00;18,00;100,75;1426,38
86;24/10/2022;1865,313;7903,79;14,19;6355,76;0,00;18,21;100,94;1428,88
87;24/10/2022;1865,375;7907,08;14,19;6356,15;0,00;18,43;101,13;1431,38
88;24/10/2022;1865,438;7910,38;14,19;6356,53;0,00;18,64;101,31;1433,89
89;24/10/2022;1865,500;7913,67;14,19;6356,92;0,00;18,86;101,50;1436,39
90;24/10/2022;1865,563;7916,96;14,19;6357,30;0,00;19,07;101,69;1438,90
91;24/10/2022;1865,625;7920,25;14,19;6357,69;0,00;19,29;101,88;1441,40
92;24/10/2022;1865,688;7923,54;14,19;6358,07;0,00;19,50;102,06;1443,91
93;24/10/2022;1865,750;7926,83;14,19;6358,46;0,00;19,71;102,25;1446,41
94;24/10/2022;1865,813;7930,13;14,19;6358,84;0,00;19,93;102,44;1448,92
95;24/10/2022;1865,875;7933,42;14,19;6359,23;0,00;20,14;102,63;1451,42
96;24/10/2022;1865,938;7936,71;14,19;6359,61;0,00;20,36;102,81;1453,92
97;24/10/2022;1866,000;7940,00;14,19;6360,00;0,00;20,57;103,00;1456,43
98;24/10/2022;1866,063;7941,69;14,19;6359,66;0,00;20,79;103,14;1458,10
99;24/10/2022;1866,125;7943,38;14,19;6359,32;0,00;21,00;103,27;1459,78
100;24/10/2022;1866,188;7945,06;14,19;6358,99;0,00;21,21;103,41;1461,45
101;24/10/2022;1866,250;7946,75;14,19;6358,65;0,00;21,43;103,55;1463,13
102;24/10/2022;1866,313;7948,44;14,19;6358,31;0,00;21,64;103,68;1464,80
103;24/10/2022;1866,375;7950,13;14,19;6357,98;0,00;21,86;103,82;1466,47
104;24/10/2022;1866,438;7951,81;14,19;6357,64;0,00;22,07;103,95;1468,15
105;24/10/2022;1866,500;7953,50;14,19;6357,30;0,00;22,29;104,09;1469,82
106;24/10/2022;1866,563;7955,19;14,19;6356,96;0,00;22,50;104,23;1471,50
107;24/10/2022;1866,625;7956,88;14,19;6356,63;0,00;22,71;104,36;1473,17
108;24/10/2022;1866,688;7958,56;14,19;6356,29;0,00;22,93;104,50;1474,85
109;24/10/2022;1866,750;7960,25;14,20;6355,95;0,00;23,14;104,64;1476,52
110;24/10/2022;1866,813;7961,94;14,20;6355,61;0,00;23,36;104,77;1478,20
111;24/10/2022;1866,875;7963,63;14,20;6355,27;0,00;23,57;104,91;1479,87
112;24/10/2022;1866,938;7965,31;14,20;6354,94;0,00;23,79;105,05;1481,54
113;24/10/2022;1867,000;7967,00;14,20;6354,60;0,00;24,00;105,18;1483,22
114;24/10/2022;1867,063;7968,69;14,20;6354,26;0,00;24,21;105,32;1484,89
115;24/10/2022;1867,125;7970,38;14,20;6353,92;0,00;24,43;105,45;1486,57
116;24/10/2022;1867,188;7972,06;14,20;6353,59;0,00;24,64;105,59;1488,24
117;24/10/2022;1867,250;7973,75;14,20;6353,25;0,00;24,86;105,73;1489,92
118;24/10/2022;1867,313;7975,44;14,20;6352,91;0,00;25,07;105,86;1491,59
119;24/10/2022;1867,375;7977,13;14,20;6352,57;0,00;25,29;106,00;1493,26
120;24/10/2022;1867,438;7978,81;14,20;6352,24;0,00;25,50;106,14;1494,94
121;24/10/2022;1867,500;7980,50;14,20;6351,90;0,00;25,71;106,27;1496,61
122;24/10/2022;1867,563;7982,19;14,20;6351,56;0,00;25,93;106,41;1498,29
123;24/10/2022;1867,625;7983,88;14,20;6351,23;0,00;26,14;106,55;1499,96
124;24/10/2022;1867,688;7985,56;14,20;6350,89;0,00;26,36;106,68;1501,64
125;24/10/2022;1867,750;7987,25;14,20;6350,55;0,00;26,57;106,82;1503,31
126;24/10/2022;1867,813;7988,94;14,20;6350,21;0,00;26,79;106,95;1504,98
127;24/10/2022;1867,875;7990,63;14,20;6349,88;0,00;27,00;107,09;1506,66
128;24/10/2022;1867,938;7992,31;14,20;6349,54;0,00;27,21;107,23;1508,33
129;24/10/2022;1868,000;7994,00;14,20;6349,20;0,00;27,43;107,36;1510,01
130;24/10/2022;1868,063;7995,69;14,20;6348,86;0,00;27,64;107,50;1511,68
131;24/10/2022;1868,125;7997,38;14,20;6348,52;0,00;27,86;107,64;1513,36
132;24/10/2022;1868,188;7999,06;14,20;6348,19;0,00;28,07;107,77;1515,03
133;24/10/2022;1868,250;8000,75;14,21;6347,85;0,00;28,29;107,91;1516,71
134;24/10/2022;1868,313;8002,44;14,21;6347,51;0,00;28,50;108,05;1518,38
135;24/10/2022;1868,375;8004,13;14,21;6347,17;0,00;28,71;108,18;1520,05
136;24/10/2022;1868,438;8005,81;14,21;6346,84;0,00;28,93;108,32;1521,73
137;24/10/2022;1868,500;8007,50;14,21;6346,50;0,00;29,14;108,45;1523,40
138;24/10/2022;1868,563;8009,19;14,21;6346,16;0,00;29,36;108,59;1525,08
139;24/10/2022;1868,625;8010,88;14,21;6345,82;0,00;29,57;108,73;1526,75
140;24/10/2022;1868,688;8012,56;14,21;6345,49;0,00;29,79;108,86;1528,43
141;24/10/2022;1868,750;8014,25;14,21;6345,15;0,00;30,00;109,00;1530,10
142;24/10/2022;1868,813;8015,94;14,21;6344,81;0,00;30,21;109,14;1531,77
143;24/10/2022;1868,875;8017,63;14,21;6344,48;0,00;30,43;109,27;1533,45
144;24/10/2022;1868,938;8019,31;14,21;6344,14;0,00;30,64;109,41;1535,12
145;24/10/2022;1869,000;8021,00;14,21;6343,80;0,00;30,86;109,55;1536,80
146;24/10/2022;1869,063;8022,69;14,21;6343,46;0,00;31,07;109,68;1538,47
147;24/10/2022;1869,125;8024,38;14,21;6343,13;0,00;31,29;109,82;1540,15
148;24/10/2022;1869,188;8026,06;14,21;6342,79;0,00;31,50;109,95;1541,82
149;24/10/2022;1869,250;8027,75;14,21;6342,45;0,00;31,71;110,09;1543,50
150;24/10/2022;1869,313;8029,44;14,21;6342,11;0,00;31,93;110,23;1545,17
151;24/10/2022;1869,375;8031,13;14,22;6341,77;0,00;32,14;110,36;1546,84
152;24/10/2022;1869,438;8032,81;14,22;6341,44;0,00;32,36;110,50;1548,52
153;24/10/2022;1869,500;8034,50;14,22;6341,10;0,00;32,57;110,64;1550,19
154;24/10/2022;1869,563;8036,19;14,22;6340,76;0,00;32,79;110,77;1551,87
155;24/10/2022;1869,625;8037,88;14,22;6340,42;0,00;33,00;110,91;1553,54
156;24/10/2022;1869,688;8039,56;14,22;6340,09;0,00;33,21;111,05;1555,22
157;24/10/2022;1869,750;8041,25;14,22;6339,75;0,00;33,43;111,18;1556,89
158;24/10/2022;1869,813;8042,94;14,22;6339,41;0,00;33,64;111,32;1558,56
159;24/10/2022;1869,875;8044,63;14,22;6339,07;0,00;33,86;111,45;1560,24
160;24/10/2022;1869,938;8046,31;14,22;6338,74;0,00;34,07;111,59;1561,91
161;24/10/2022;1870,000;8048,00;14,22;6338,40;0,00;34,29;111,73;1563,59
162;24/10/2022;1870,063;8049,69;14,23;6338,06;0,00;34,50;111,86;1565,26
163;24/10/2022;1870,125;8051,38;14,23;6337,73;0,00;34,71;112,00;1566,94
164;24/10/2022;1870,188;8053,06;14,23;6337,39;0,00;34,93;112,14;1568,61
165;24/10/2022;1870,250;8054,75;14,23;6337,05;0,00;35,14;112,27;1570,28
166;24/10/2022;1870,313;8056,44;14,23;6336,71;0,00;35,36;112,41;1571,96
167;24/10/2022;1870,375;8058,13;14,23;6336,38;0,00;35,57;112,55;1573,63
168;24/10/2022;1870,438;8059,81;14,23;6336,04;0,00;35,79;112,68;1575,31
169;24/10/2022;1870,500;8061,50;14,23;6335,70;0,00;36,00;112,82;1576,98
170;24/10/2022;1870,563;8063,19;14,23;6335,36;0,00;36,21;112,95;1578,66
171;24/10/2022;1870,625;8064,88;14,23;6335,02;0,00;36,43;113,09;1580,33
172;24/10/2022;1870,688;8066,56;14,24;6334,69;0,00;36,64;113,23;1582,00
173;24/10/2022;1870,750;8068,25;14,24;6334,35;0,00;36,86;113,36;1583,68
174;24/10/2022;1870,813;8069,94;14,24;6334,01;0,00;37,07;113,50;1585,35
175;24/10/2022;1870,875;8071,63;14,24;6333,67;0,00;37,29;113,64;1587,03
176;24/10/2022;1870,938;8073,31;14,24;6333,34;0,00;37,50;113,77;1588,70
177;24/10/2022;1871,000;8075,00;14,24;6333,00;0,00;37,71;113,91;1590,38
178;24/10/2022;1871,063;8076,69;14,24;6333,38;0,00;37,93;114,05;1591,34
179;24/10/2022;1871,125;8078,38;14,24;6333,75;0,00;38,14;114,18;1592,30
180;24/10/2022;1871,188;8080,06;14,24;6334,13;0,00;38,36;114,32;1593,26
181;24/10/2022;1871,250;8081,75;14,24;6334,50;0,00;38,57;114,45;1594,22
182;24/10/2022;1871,313;8083,44;14,24;6334,88;0,00;38,79;114,59;1595,19
183;24/10/2022;1871,375;8085,13;14,24;6335,25;0,00;39,00;114,73;1596,15
184;24/10/2022;1871,438;8086,81;14,24;6335,63;0,00;39,21;114,86;1597,11
185;24/10/2022;1871,500;8088,50;14,25;6336,00;0,00;39,43;115,00;1598,07
186;24/10/2022;1871,563;8090,19;14,25;6336,38;0,00;39,64;115,14;1599,03
187;24/10/2022;1871,625;8091,88;14,25;6336,75;0,00;39,86;115,27;1600,00
188;24/10/2022;1871,688;8093,56;14,25;6337,13;0,00;40,07;115,41;1600,96
189;24/10/2022;1871,750;8095,25;14,25;6337,50;0,00;40,29;115,55;1601,92
190;24/10/2022;1871,813;8096,94;14,25;6337,88;0,00;40,50;115,68;1602,88
191;24/10/2022;1871,875;8098,63;14,25;6338,25;0,00;40,71;115,82;1603,84
192;24/10/2022;1871,938;8100,31;14,25;6338,63;0,00;40,93;115,95;1604,80
193;24/10/2022;1872,000;8102,00;14,25;6339,00;0,00;41,14;116,09;1605,77
194;24/10/2022;1872,063;8103,69;14,25;6339,38;0,00;41,36;116,23;1606,73
195;24/10/2022;1872,125;8105,38;14,25;6339,75;0,00;41,57;116,36;1607,69
196;24/10/2022;1872,188;8107,06;14,25;6340,13;0,00;41,79;116,50;1608,65
197;24/10/2022;1872,250;8108,75;14,25;6340,50;0,00;42,00;116,64;1609,61
198;24/10/2022;1872,313;8110,44;14,25;6340,88;0,00;42,21;116,77;1610,58
199;24/10/2022;1872,375;8112,13;14,25;6341,25;0,00;42,43;116,91;1611,54
200;24/10/2022;1872,438;8113,81;14,25;6341,63;0,00;42,64;117,05;1612,50
201;24/10/2022;1872,500;8115,50;14,26;6342,00;0,00;42,86;117,18;1613,46
202;24/10/2022;1872,563;8117,19;14,26;6342,38;0,00;43,07;117,32;1614,42
203;24/10/2022;1872,625;8118,88;14,26;6342,75;0,00;43,29;117,45;1615,38
204;24/10/2022;1872,688;8120,56;14,26;6343,13;0,00;43,50;117,59;1616,35
205;24/10/2022;1872,750;8122,25;14,26;6343,50;0,00;43,71;117,73;1617,31
206;24/10/2022;1872,813;8123,94;14,26;6343,88;0,00;43,93;117,86;1618,27
207;24/10/2022;1872,875;8125,63;14,26;6344,25;0,00;44,14;118,00;1619,23
208;24/10/2022;1872,938;8127,31;14,26;6344,63;0,00;44,36;118,14;1620,19
209;24/10/2022;1873,000;8129,00;14,26;6345,00;0,00;44,57;118,27;1621,16
210;24/10/2022;1873,063;8130,69;14,26;6345,38;0,00;44,79;118,41;1622,12
211;24/10/2022;1873,125;8132,38;14,26;6345,75;0,00;45,00;118,55;1623,08
212;24/10/2022;1873,188;8134,06;14,26;6346,13;0,00;45,21;118,68;1624,04
213;24/10/2022;1873,250;8135,75;14,26;6346,50;0,00;45,43;118,82;1625,00
214;24/10/2022;1873,313;8137,44;14,26;6346,88;0,00;45,64;118,95;1625,97
215;24/10/2022;1873,375;8139,13;14,26;6347,25;0,00;45,86;119,09;1626,93
216;24/10/2022;1873,438;8140,81;14,26;6347,63;0,00;46,07;119,23;1627,89
217;24/10/2022;1873,500;8142,50;14,27;6348,00;0,00;46,29;119,36;1628,85
218;24/10/2022;1873,563;8144,19;14,27;6348,38;0,00;46,50;119,50;1629,81
219;24/10/2022;1873,625;8145,88;14,27;6348,75;0,00;46,71;119,64;1630,77
220;24/10/2022;1873,688;8147,56;14,27;6349,13;0,00;46,93;119,77;1631,74
221;24/10/2022;1873,750;8149,25;14,27;6349,50;0,00;47,14;119,91;1632,70
222;24/10/2022;1873,813;8150,94;14,27;6349,88;0,00;47,36;120,05;1633,66
223;24/10/2022;1873,875;8152,63;14,27;6350,25;0,00;47,57;120,18;1634,62
224;24/10/2022;1873,938;8154,31;14,27;6350,63;0,00;47,79;120,32;1635,58
225;24/10/2022;1874,000;8156,00;14,27;6351,00;0,00;48,00;120,45;1636,55
226;24/10/2022;1874,063;8161,98;14,27;6351,38;0,00;48,66;120,59;1641,36
227;24/10/2022;1874,125;8167,96;14,27;6351,75;0,00;49,31;120,73;1646,17
228;24/10/2022;1874,188;8173,94;14,27;6352,13;0,00;49,97;120,86;1650,98
229;24/10/2022;1874,250;8179,92;14,27;6352,50;0,00;50,63;121,00;1655,79
230;24/10/2022;1874,313;8185,90;14,27;6352,88;0,00;51,28;121,14;1660,60
231;24/10/2022;1874,375;8191,88;14,27;6353,25;0,00;51,94;121,27;1665,41
232;24/10/2022;1874,438;8197,85;14,27;6353,63;0,00;52,59;121,41;1670,23
233;24/10/2022;1874,500;8203,83;14,27;6354,00;0,00;53,25;121,55;1675,04
234;24/10/2022;1874,563;8209,81;14,27;6354,38;0,00;53,91;121,68;1679,85
235;24/10/2022;1874,625;8215,79;14,27;6354,75;0,00;54,56;121,82;1684,66
236;24/10/2022;1874,688;8221,77;14,27;6355,13;0,00;55,22;121,95;1689,47
237;24/10/2022;1874,750;8227,75;14,27;6355,50;0,00;55,88;122,09;1694,28
238;24/10/2022;1874,813;8233,73;14,27;6355,88;0,00;56,53;122,23;1699,09
239;24/10/2022;1874,875;8239,71;14,27;6356,25;0,00;57,19;122,36;1703,91
240;24/10/2022;1874,938;8245,69;14,27;6356,63;0,00;57,84;122,50;1708,72
241;24/10/2022;1875,000;8251,67;14,28;6357,00;0,00;58,50;122,64;1713,53
242;24/10/2022;1875,063;8257,65;14,28;6357,38;0,00;59,16;122,77;1718,34
243;24/10/2022;1875,125;8263,63;14,28;6357,75;0,00;59,81;122,91;1723,15
244;24/10/2022;1875,188;8269,60;14,28;6358,13;0,00;60,47;123,05;1727,96
245;24/10/2022;1875,250;8275,58;14,28;6358,50;0,00;61,13;123,18;1732,78
246;24/10/2022;1875,313;8281,56;14,28;6358,88;0,00;61,78;123,32;1737,59
247;24/10/2022;1875,375;8287,54;14,28;6359,25;0,00;62,44;123,45;1742,40
248;24/10/2022;1875,438;8293,52;14,28;6359,63;0,00;63,09;123,59;1747,21
249;24/10/2022;1875,500;8299,50;14,28;6360,00;0,00;63,75;123,73;1752,02
250;24/10/2022;1875,563;8305,48;14,28;6360,38;0,00;64,41;123,86;1756,83
251;24/10/2022;1875,625;8311,46;14,28;6360,75;0,00;65,06;124,00;1761,65
252;24/10/2022;1875,688;8317,44;14,28;6361,13;0,00;65,72;124,14;1766,46
253;24/10/2022;1875,750;8323,42;14,28;6361,50;0,00;66,38;124,27;1771,27
254;24/10/2022;1875,813;8329,40;14,28;6361,88;0,00;67,03;124,41;1776,08
255;24/10/2022;1875,875;8335,38;14,28;6362,25;0,00;67,69;124,55;1780,89
256;24/10/2022;1875,938;8341,35;14,28;6362,63;0,00;68,34;124,68;1785,70
257;24/10/2022;1876,000;8347,33;14,28;6363,00;0,00;69,00;124,82;1790,51
258;24/10/2022;1876,063;8353,31;14,28;6363,38;0,00;69,66;124,95;1795,33
259;24/10/2022;1876,125;8359,29;14,28;6363,75;0,00;70,31;125,09;1800,14
260;24/10/2022;1876,188;8365,27;14,28;6364,13;0,00;70,97;125,23;1804,95
261;24/10/2022;1876,250;8371,25;14,28;6364,50;0,00;71,63;125,36;1809,76
262;24/10/2022;1876,313;8377,23;14,28;6364,88;0,00;72,28;125,50;1814,57
263;24/10/2022;1876,375;8383,21;14,28;6365,25;0,00;72,94;125,64;1819,38
264;24/10/2022;1876,438;8389,19;14,28;6365,63;0,00;73,59;125,77;1824,20
265;24/10/2022;1876,500;8395,17;14,28;6366,00;0,00;74,25;125,91;1829,01
266;24/10/2022;1876,563;8401,15;14,28;6366,38;0,00;74,91;126,05;1833,82
267;24/10/2022;1876,625;8407,13;14,28;6366,75;0,00;75,56;126,18;1838,63
268;24/10/2022;1876,688;8413,10;14,28;6367,13;0,00;76,22;126,32;1843,44
269;24/10/2022;1876,750;8419,08;14,28;6367,50;0,00;76,88;126,45;1848,25
270;24/10/2022;1876,813;8425,06;14,28;6367,88;0,00;77,53;126,59;1853,07
271;24/10/2022;1876,875;8431,04;14,28;6368,25;0,00;78,19;126,73;1857,88
272;24/10/2022;1876,938;8437,02;14,28;6368,63;0,00;78,84;126,86;1862,69
273;24/10/2022;1877,000;8443,00;14,29;6369,00;0,00;79,50;127,00;1867,50
274;24/10/2022;1877,063;8445,77;14,29;6369,38;0,00;80,16;127,24;1869,00
275;24/10/2022;1877,125;8448,55;14,29;6369,75;0,00;80,81;127,49;1870,50
276;24/10/2022;1877,188;8451,32;14,29;6370,13;0,00;81,47;127,73;1872,00
277;24/10/2022;1877,250;8454,09;14,29;6370,50;0,00;82,13;127,97;1873,49
278;24/10/2022;1877,313;8456,87;14,29;6370,88;0,00;82,78;128,22;1874,99
279;24/10/2022;1877,375;8459,64;14,29;6371,25;0,00;83,44;128,46;1876,49
280;24/10/2022;1877,438;8462,41;14,29;6371,63;0,00;84,09;128,71;1877,99
281;24/10/2022;1877,500;8465,19;14,29;6372,00;0,00;84,75;128,95;1879,49
282;24/10/2022;1877,563;8467,96;14,29;6372,38;0,00;85,41;129,19;1880,99
283;24/10/2022;1877,625;8470,73;14,29;6372,75;0,00;86,06;129,44;1882,48
284;24/10/2022;1877,688;8473,51;14,29;6373,13;0,00;86,72;129,68;1883,98
285;24/10/2022;1877,750;8476,28;14,29;6373,50;0,00;87,38;129,93;1885,48
286;24/10/2022;1877,813;8479,05;14,29;6373,88;0,00;88,03;130,17;1886,98
287;24/10/2022;1877,875;8481,83;14,29;6374,25;0,00;88,69;130,41;1888,48
288;24/10/2022;1877,938;8484,60;14,29;6374,63;0,00;89,34;130,66;1889,98
289;24/10/2022;1878,000;8487,38;14,29;6375,00;0,00;90,00;130,90;1891,48
290;24/10/2022;1878,063;8490,15;14,29;6375,38;0,00;90,66;131,14;1892,97
291;24/10/2022;1878,125;8492,92;14,29;6375,75;0,00;91,31;131,39;1894,47
292;24/10/2022;1878,188;8495,70;14,29;6376,13;0,00;91,97;131,63;1895,97
293;24/10/2022;1878,250;8498,47;14,29;6376,50;0,00;92,63;131,88;1897,47
294;24/10/2022;1878,313;8501,24;14,29;6376,88;0,00;93,28;132,12;1898,97
295;24/10/2022;1878,375;8504,02;14,29;6377,25;0,00;93,94;132,36;1900,47
296;24/10/2022;1878,438;8506,79;14,29;6377,63;0,00;94,59;132,61;1901,96
297;24/10/2022;1878,500;8509,56;14,29;6378,00;0,00;95,25;132,85;1903,46
298;24/10/2022;1878,563;8512,34;14,29;6378,38;0,00;95,91;133,09;1904,96
299;24/10/2022;1878,625;8515,11;14,29;6378,75;0,00;96,56;133,34;1906,46
300;24/10/2022;1878,688;8517,88;14,29;6379,13;0,00;97,22;133,58;1907,96
301;24/10/2022;1878,750;8520,66;14,29;6379,50;0,00;97,88;133,82;1909,46
302;24/10/2022;1878,813;8523,43;14,29;6379,88;0,00;98,53;134,07;1910,95
303;24/10/2022;1878,875;8526,20;14,29;6380,25;0,00;99,19;134,31;1912,45
304;24/10/2022;1878,938;8528,98;14,29;6380,63;0,00;99,84;134,56;1913,95
305;24/10/2022;1879,000;8531,75;14,30;6381,00;0,00;100,50;134,80;1915,45
306;24/10/2022;1879,063;8534,52;14,30;6381,38;0,00;101,16;135,04;1916,95
307;24/10/2022;1879,125;8537,30;14,30;6381,75;0,00;101,81;135,29;1918,45
308;24/10/2022;1879,188;8540,07;14,30;6382,13;0,00;102,47;135,53;1919,95
309;24/10/2022;1879,250;8542,84;14,30;6382,50;0,00;103,13;135,77;1921,44
310;24/10/2022;1879,313;8545,62;14,30;6382,88;0,00;103,78;136,02;1922,94
311;24/10/2022;1879,375;8548,39;14,30;6383,25;0,00;104,44;136,26;1924,44
312;24/10/2022;1879,438;8551,16;14,30;6383,63;0,00;105,09;136,51;1925,94
313;24/10/2022;1879,500;8553,94;14,30;6384,00;0,00;105,75;136,75;1927,44
314;24/10/2022;1879,563;8556,71;14,30;6384,38;0,00;106,41;136,99;1928,94
315;24/10/2022;1879,625;8559,48;14,30;6384,75;0,00;107,06;137,24;1930,43
316;24/10/2022;1879,688;8562,26;14,30;6385,13;0,00;107,72;137,48;1931,93
317;24/10/2022;1879,750;8565,03;14,30;6385,50;0,00;108,38;137,73;1933,43
318;24/10/2022;1879,813;8567,80;14,30;6385,88;0,00;109,03;137,97;1934,93
319;24/10/2022;1879,875;8570,58;14,30;6386,25;0,00;109,69;138,21;1936,43
320;24/10/2022;1879,938;8573,35;14,30;6386,63;0,00;110,34;138,46;1937,93
321;24/10/2022;1880,000;8576,13;14,30;6387,00;0,00;111,00;138,70;1939,43
322;24/10/2022;1880,063;8578,90;14,30;6387,38;0,00;111,73;138,94;1940,85
323;24/10/2022;1880,125;8581,67;14,30;6387,75;0,00;112,46;139,19;1942,27
324;24/10/2022;1880,188;8584,45;14,30;6388,13;0,00;113,20;139,43;1943,69
325;24/10/2022;1880,250;8587,22;14,30;6388,50;0,00;113,93;139,68;1945,12
326;24/10/2022;1880,313;8589,99;14,30;6388,88;0,00;114,66;139,92;1946,54
327;24/10/2022;1880,375;8592,77;14,30;6389,25;0,00;115,39;140,16;1947,96
328;24/10/2022;1880,438;8595,54;14,30;6389,63;0,00;116,13;140,41;1949,38
329;24/10/2022;1880,500;8598,31;14,31;6390,00;0,00;116,86;140,65;1950,81
330;24/10/2022;1880,563;8601,09;14,31;6390,38;0,00;117,59;140,89;1952,23
331;24/10/2022;1880,625;8603,86;14,31;6390,75;0,00;118,32;141,14;1953,65
332;24/10/2022;1880,688;8606,63;14,31;6391,13;0,00;119,05;141,38;1955,07
333;24/10/2022;1880,750;8609,41;14,31;6391,50;0,00;119,79;141,63;1956,50
334;24/10/2022;1880,813;8612,18;14,31;6391,88;0,00;120,52;141,87;1957,92
335;24/10/2022;1880,875;8614,95;14,31;6392,25;0,00;121,25;142,11;1959,34
336;24/10/2022;1880,938;8617,73;14,31;6392,63;0,00;121,98;142,36;1960,76
337;24/10/2022;1881,000;8620,50;14,31;6393,00;0,00;122,71;142,60;1962,19
338;24/10/2022;1881,063;8623,27;14,31;6393,38;0,00;123,45;142,84;1963,61
339;24/10/2022;1881,125;8626,05;14,31;6393,75;0,00;124,18;143,09;1965,03
340;24/10/2022;1881,188;8628,82;14,31;6394,13;0,00;124,91;143,33;1966,45
341;24/10/2022;1881,250;8631,59;14,31;6394,50;0,00;125,64;143,57;1967,88
342;24/10/2022;1881,313;8634,37;14,31;6394,88;0,00;126,38;143,82;1969,30
343;24/10/2022;1881,375;8637,14;14,31;6395,25;0,00;127,11;144,06;1970,72
344;24/10/2022;1881,438;8639,91;14,31;6395,63;0,00;127,84;144,31;1972,14
345;24/10/2022;1881,500;8642,69;14,32;6396,00;0,00;128,57;144,55;1973,57
346;24/10/2022;1881,563;8645,46;14,32;6396,38;0,00;129,30;144,79;1974,99
347;24/10/2022;1881,625;8648,23;14,32;6396,75;0,00;130,04;145,04;1976,41
348;24/10/2022;1881,688;8651,01;14,32;6397,13;0,00;130,77;145,28;1977,83
349;24/10/2022;1881,750;8653,78;14,32;6397,50;0,00;131,50;145,52;1979,26
350;24/10/2022;1881,813;8656,55;14,32;6397,88;0,00;132,23;145,77;1980,68
351;24/10/2022;1881,875;8659,33;14,32;6398,25;0,00;132,96;146,01;1982,10
352;24/10/2022;1881,938;8662,10;14,32;6398,63;0,00;133,70;146,26;1983,52
353;24/10/2022;1882,000;8664,88;14,32;6399,00;0,00;134,43;146,50;1984,95
354;24/10/2022;1882,063;8667,65;14,32;6399,38;0,00;135,16;146,74;1986,37
355;24/10/2022;1882,125;8670,42;14,32;6399,75;0,00;135,89;146,99;1987,79
356;24/10/2022;1882,188;8673,20;14,32;6400,13;0,00;136,63;147,23;1989,21
357;24/10/2022;1882,250;8675,97;14,32;6400,50;0,00;137,36;147,48;1990,64
358;24/10/2022;1882,313;8678,74;14,32;6400,88;0,00;138,09;147,72;1992,06
359;24/10/2022;1882,375;8681,52;14,32;6401,25;0,00;138,82;147,96;1993,48
360;24/10/2022;1882,438;8684,29;14,32;6401,63;0,00;139,55;148,21;1994,90
361;24/10/2022;1882,500;8687,06;14,33;6402,00;0,00;140,29;148,45;1996,33
362;24/10/2022;1882,563;8689,84;14,33;6402,38;0,00;141,02;148,69;1997,75
363;24/10/2022;1882,625;8692,61;14,33;6402,75;0,00;141,75;148,94;1999,17
364;24/10/2022;1882,688;8695,38;14,33;6403,13;0,00;142,48;149,18;2000,59
365;24/10/2022;1882,750;8698,16;14,33;6403,50;0,00;143,21;149,43;2002,02
366;24/10/2022;1882,813;8700,93;14,33;6403,88;0,00;143,95;149,67;2003,44
367;24/10/2022;1882,875;8703,70;14,33;6404,25;0,00;144,68;149,91;2004,86
368;24/10/2022;1882,938;8706,48;14,33;6404,63;0,00;145,41;150,16;2006,28
369;24/10/2022;1883,000;8709,25;14,33;6405,00;0,00;146,14;150,40;2007,71
370;24/10/2022;1883,063;8712,02;14,33;6405,38;0,00;146,88;150,64;2009,13
371;24/10/2022;1883,125;8714,80;14,33;6405,75;0,00;147,61;150,89;2010,55
372;24/10/2022;1883,188;8717,57;14,33;6406,13;0,00;148,34;151,13;2011,97
373;24/10/2022;1883,250;8720,34;14,33;6406,50;0,00;149,07;151,38;2013,40
374;24/10/2022;1883,313;8723,12;14,33;6406,88;0,00;149,80;151,62;2014,82
375;24/10/2022;1883,375;8725,89;14,33;6407,25;0,00;150,54;151,86;2016,24
376;24/10/2022;1883,438;8728,66;14,33;6407,63;0,00;151,27;152,11;2017,66
377;24/10/2022;1883,500;8731,44;14,34;6408,00;0,00;152,00;152,35;2019,09
378;24/10/2022;1883,563;8734,21;14,34;6408,38;0,00;152,73;152,59;2020,51
379;24/10/2022;1883,625;8736,98;14,34;6408,75;0,00;153,46;152,84;2021,93
380;24/10/2022;1883,688;8739,76;14,34;6409,13;0,00;154,20;153,08;2023,36
381;24/10/2022;1883,750;8742,53;14,34;6409,50;0,00;154,93;153,32;2024,78
382;24/10/2022;1883,813;8745,30;14,34;6409,88;0,00;155,66;153,57;2026,20
383;24/10/2022;1883,875;8748,08;14,34;6410,25;0,00;156,39;153,81;2027,62
384;24/10/2022;1883,938;8750,85;14,34;6410,63;0,00;157,13;154,06;2029,05
385;24/10/2022;1884,000;8753,63;14,34;6411,00;0,00;157,86;154,30;2030,47
386;24/10/2022;1884,063;8756,40;14,34;6411,38;0,00;158,59;154,54;2031,89
387;24/10/2022;1884,125;8759,17;14,34;6411,75;0,00;159,32;154,79;2033,31
388;24/10/2022;1884,188;8761,95;14,34;6412,13;0,00;160,05;155,03;2034,74
389;24/10/2022;1884,250;8764,72;14,34;6412,50;0,00;160,79;155,27;2036,16
390;24/10/2022;1884,313;8767,49;14,34;6412,88;0,00;161,52;155,52;2037,58
391;24/10/2022;1884,375;8770,27;14,34;6413,25;0,00;162,25;155,76;2039,00
392;24/10/2022;1884,438;8773,04;14,34;6413,63;0,00;162,98;156,01;2040,43
393;24/10/2022;1884,500;8775,81;14,35;6414,00;0,00;163,71;156,25;2041,85
394;24/10/2022;1884,563;8778,59;14,35;6414,38;0,00;164,45;156,49;2043,27
395;24/10/2022;1884,625;8781,36;14,35;6414,75;0,00;165,18;156,74;2044,69
396;24/10/2022;1884,688;8784,13;14,35;6415,13;0,00;165,91;156,98;2046,12
397;24/10/2022;1884,750;8786,91;14,35;6415,50;0,00;166,64;157,23;2047,54
398;24/10/2022;1884,813;8789,68;14,35;6415,88;0,00;167,38;157,47;2048,96
399;24/10/2022;1884,875;8792,45;14,35;6416,25;0,00;168,11;157,71;2050,38
400;24/10/2022;1884,938;8795,23;14,35;6416,63;0,00;168,84;157,96;2051,81
401;24/10/2022;1885,000;8798,00;14,35;6417,00;0,00;169,57;158,20;2053,23
402;24/10/2022;1885,063;8807,00;14,35;6417,33;0,00;170,30;158,44;2060,93
403;24/10/2022;1885,125;8816,00;14,35;6417,65;0,00;171,04;158,69;2068,63
404;24/10/2022;1885,188;8825,00;14,35;6417,98;0,00;171,77;158,93;2076,33
405;24/10/2022;1885,250;8834,00;14,35;6418,30;0,00;172,50;159,18;2084,03
406;24/10/2022;1885,313;8843,00;14,35;6418,63;0,00;173,23;159,42;2091,72
407;24/10/2022;1885,375;8852,00;14,35;6418,95;0,00;173,96;159,66;2099,42
408;24/10/2022;1885,438;8861,00;14,35;6419,27;0,00;174,70;159,91;2107,12
409;24/10/2022;1885,500;8870,00;14,35;6419,60;0,00;175,43;160,15;2114,82
410;24/10/2022;1885,563;8879,00;14,34;6419,92;0,00;176,16;160,39;2122,52
411;24/10/2022;1885,625;8888,00;14,34;6420,25;0,00;176,89;160,64;2130,22
412;24/10/2022;1885,688;8897,00;14,34;6420,58;0,00;177,63;160,88;2137,92
413;24/10/2022;1885,750;8906,00;14,34;6420,90;0,00;178,36;161,13;2145,62
414;24/10/2022;1885,813;8915,00;14,34;6421,23;0,00;179,09;161,37;2153,32
415;24/10/2022;1885,875;8924,00;14,34;6421,55;0,00;179,82;161,61;2161,02
416;24/10/2022;1885,938;8933,00;14,34;6421,88;0,00;180,55;161,86;2168,72
417;24/10/2022;1886,000;8942,00;14,34;6422,20;0,00;181,29;162,10;2176,41
418;24/10/2022;1886,063;8951,00;14,34;6422,52;0,00;182,02;162,34;2184,11
419;24/10/2022;1886,125;8960,00;14,34;6422,85;0,00;182,75;162,59;2191,81
420;24/10/2022;1886,188;8969,00;14,34;6423,17;0,00;183,48;162,83;2199,51
421;24/10/2022;1886,250;8978,00;14,34;6423,50;0,00;184,21;163,07;2207,21
422;24/10/2022;1886,313;8987,00;14,34;6423,83;0,00;184,95;163,32;2214,91
423;24/10/2022;1886,375;8996,00;14,34;6424,15;0,00;185,68;163,56;2222,61
424;24/10/2022;1886,438;9005,00;14,34;6424,48;0,00;186,41;163,81;2230,31
425;24/10/2022;1886,500;9014,00;14,34;6424,80;0,00;187,14;164,05;2238,01
426;24/10/2022;1886,563;9023,00;14,33;6425,13;0,00;187,88;164,29;2245,71
427;24/10/2022;1886,625;9032,00;14,33;6425,45;0,00;188,61;164,54;2253,41
428;24/10/2022;1886,688;9041,00;14,33;6425,77;0,00;189,34;164,78;2261,10
429;24/10/2022;1886,750;9050,00;14,33;6426,10;0,00;190,07;165,02;2268,80
430;24/10/2022;1886,813;9059,00;14,33;6426,42;0,00;190,80;165,27;2276,50
431;24/10/2022;1886,875;9068,00;14,33;6426,75;0,00;191,54;165,51;2284,20
432;24/10/2022;1886,938;9077,00;14,33;6427,08;0,00;192,27;165,76;2291,90
433;24/10/2022;1887,000;9086,00;14,33;6427,40;0,00;193,00;166,00;2299,60
434;24/10/2022;1887,063;9087,00;14,33;6427,73;0,00;193,88;166,19;2299,21
435;24/10/2022;1887,125;9088,00;14,33;6428,05;0,00;194,75;166,38;2298,83
436;24/10/2022;1887,188;9089,00;14,33;6428,38;0,00;195,63;166,56;2298,44
437;24/10/2022;1887,250;9090,00;14,34;6428,70;0,00;196,50;166,75;2298,05
438;24/10/2022;1887,313;9091,00;14,34;6429,02;0,00;197,38;166,94;2297,66
439;24/10/2022;1887,375;9092,00;14,34;6429,35;0,00;198,25;167,13;2297,27
440;24/10/2022;1887,438;9093,00;14,34;6429,67;0,00;199,13;167,31;2296,89
441;24/10/2022;1887,500;9094,00;14,34;6430,00;0,00;200,00;167,50;2296,50
442;24/10/2022;1887,563;9095,00;14,34;6430,33;0,00;200,88;167,69;2296,11
443;24/10/2022;1887,625;9096,00;14,34;6430,65;0,00;201,75;167,88;2295,73
444;24/10/2022;1887,688;9097,00;14,35;6430,98;0,00;202,63;168,06;2295,34
445;24/10/2022;1887,750;9098,00;14,35;6431,30;0,00;203,50;168,25;2294,95
446;24/10/2022;1887,813;9099,00;14,35;6431,63;0,00;204,38;168,44;2294,56
447;24/10/2022;1887,875;9100,00;14,35;6431,95;0,00;205,25;168,63;2294,17
448;24/10/2022;1887,938;9101,00;14,35;6432,27;0,00;206,13;168,81;2293,79
449;24/10/2022;1888,000;9102,00;14,35;6432,60;0,00;207,00;169,00;2293,40
450;24/10/2022;1888,063;9103,00;14,35;6432,92;0,00;207,88;169,19;2293,01
451;24/10/2022;1888,125;9104,00;14,36;6433,25;0,00;208,75;169,38;2292,63
452;24/10/2022;1888,188;9105,00;14,36;6433,58;0,00;209,63;169,56;2292,24
453;24/10/2022;1888,250;9106,00;14,36;6433,90;0,00;210,50;169,75;2291,85
454;24/10/2022;1888,313;9107,00;14,36;6434,23;0,00;211,38;169,94;2291,46
455;24/10/2022;1888,375;9108,00;14,36;6434,55;0,00;212,25;170,13;2291,08
456;24/10/2022;1888,438;9109,00;14,36;6434,88;0,00;213,13;170,31;2290,69
457;24/10/2022;1888,500;9110,00;14,37;6435,20;0,00;214,00;170,50;2290,30
458;24/10/2022;1888,563;9111,00;14,37;6435,52;0,00;214,88;170,69;2289,91
459;24/10/2022;1888,625;9112,00;14,37;6435,85;0,00;215,75;170,88;2289,52
460;24/10/2022;1888,688;9113,00;14,37;6436,17;0,00;216,63;171,06;2289,14
461;24/10/2022;1888,750;9114,00;14,37;6436,50;0,00;217,50;171,25;2288,75
462;24/10/2022;1888,813;9115,00;14,37;6436,83;0,00;218,38;171,44;2288,36
463;24/10/2022;1888,875;9116,00;14,37;6437,15;0,00;219,25;171,63;2287,98
464;24/10/2022;1888,938;9117,00;14,38;6437,48;0,00;220,13;171,81;2287,59
465;24/10/2022;1889,000;9118,00;14,38;6437,80;0,00;221,00;172,00;2287,20
466;24/10/2022;1889,063;9119,00;14,38;6438,13;0,00;221,88;172,19;2286,81
467;24/10/2022;1889,125;9120,00;14,38;6438,45;0,00;222,75;172,38;2286,42
468;24/10/2022;1889,188;9121,00;14,38;6438,77;0,00;223,63;172,56;2286,04
469;24/10/2022;1889,250;9122,00;14,38;6439,10;0,00;224,50;172,75;2285,65
470;24/10/2022;1889,313;9123,00;14,38;6439,42;0,00;225,38;172,94;2285,26
471;24/10/2022;1889,375;9124,00;14,39;6439,75;0,00;226,25;173,13;2284,88
472;24/10/2022;1889,438;9125,00;14,39;6440,08;0,00;227,13;173,31;2284,49
473;24/10/2022;1889,500;9126,00;14,39;6440,40;0,00;228,00;173,50;2284,10
474;24/10/2022;1889,563;9127,00;14,39;6440,73;0,00;228,88;173,69;2283,71
475;24/10/2022;1889,625;9128,00;14,39;6441,05;0,00;229,75;173,88;2283,33
476;24/10/2022;1889,688;9129,00;14,39;6441,38;0,00;230,63;174,06;2282,94
477;24/10/2022;1889,750;9130,00;14,39;6441,70;0,00;231,50;174,25;2282,55
478;24/10/2022;1889,813;9131,00;14,40;6442,02;0,00;232,38;174,44;2282,16
479;24/10/2022;1889,875;9132,00;14,40;6442,35;0,00;233,25;174,63;2281,77
480;24/10/2022;1889,938;9133,00;14,40;6442,67;0,00;234,13;174,81;2281,39
481;24/10/2022;1890,000;9134,00;14,40;6443,00;0,00;235,00;175,00;2281,00
482;24/10/2022;1890,063;9135,00;14,40;6443,35;0,00;235,33;175,19;2281,13
483;24/10/2022;1890,125;9136,00;14,40;6443,71;0,00;235,67;175,38;2281,25
484;24/10/2022;1890,188;9137,00;14,40;6444,06;0,00;236,00;175,56;2281,38
485;24/10/2022;1890,250;9138,00;14,40;6444,42;0,00;236,33;175,75;2281,50
486;24/10/2022;1890,313;9139,00;14,40;6444,77;0,00;236,67;175,94;2281,62
487;24/10/2022;1890,375;9140,00;14,40;6445,13;0,00;237,00;176,13;2281,75
488;24/10/2022;1890,438;9141,00;14,40;6445,48;0,00;237,33;176,31;2281,88
489;24/10/2022;1890,500;9142,00;14,40;6445,83;0,00;237,67;176,50;2282,00
490;24/10/2022;1890,563;9143,00;14,40;6446,19;0,00;238,00;176,69;2282,13
491;24/10/2022;1890,625;9144,00;14,40;6446,54;0,00;238,33;176,88;2282,25
492;24/10/2022;1890,688;9145,00;14,40;6446,90;0,00;238,67;177,06;2282,37
493;24/10/2022;1890,750;9146,00;14,40;6447,25;0,00;239,00;177,25;2282,50
494;24/10/2022;1890,813;9147,00;14,40;6447,60;0,00;239,33;177,44;2282,63
495;24/10/2022;1890,875;9148,00;14,40;6447,96;0,00;239,67;177,63;2282,75
496;24/10/2022;1890,938;9149,00;14,40;6448,31;0,00;240,00;177,81;2282,88
497;24/10/2022;1891,000;9150,00;14,40;6448,67;0,00;240,33;178,00;2283,00
498;24/10/2022;1891,063;9151,00;14,40;6449,02;0,00;240,67;178,19;2283,12
499;24/10/2022;1891,125;9152,00;14,40;6449,38;0,00;241,00;178,38;2283,25
500;24/10/2022;1891,188;9153,00;14,40;6449,73;0,00;241,33;178,56;2283,38
501;24/10/2022;1891,250;9154,00;14,40;6450,08;0,00;241,67;178,75;2283,50
502;24/10/2022;1891,313;9155,00;14,40;6450,44;0,00;242,00;178,94;2283,63
503;24/10/2022;1891,375;9156,00;14,40;6450,79;0,00;242,33;179,13;2283,75
504;24/10/2022;1891,438;9157,00;14,40;6451,15;0,00;242,67;179,31;2283,87
505;24/10/2022;1891,500;9158,00;14,40;6451,50;0,00;243,00;179,50;2284,00
506;24/10/2022;1891,563;9159,00;14,40;6451,85;0,00;243,33;179,69;2284,13
507;24/10/2022;1891,625;9160,00;14,40;6452,21;0,00;243,67;179,88;2284,25
508;24/10/2022;1891,688;9161,00;14,40;6452,56;0,00;244,00;180,06;2284,38
509;24/10/2022;1891,750;9162,00;14,40;6452,92;0,00;244,33;180,25;2284,50
510;24/10/2022;1891,813;9163,00;14,40;6453,27;0,00;244,67;180,44;2284,62
511;24/10/2022;1891,875;9164,00;14,40;6453,63;0,00;245,00;180,63;2284,75
512;24/10/2022;1891,938;9165,00;14,40;6453,98;0,00;245,33;180,81;2284,88
513;24/10/2022;1892,000;9166,00;14,41;6454,33;0,00;245,67;181,00;2285,00
514;24/10/2022;1892,063;9167,00;14,41;6454,69;0,00;246,00;181,19;2285,13
515;24/10/2022;1892,125;9168,00;14,41;6455,04;0,00;246,33;181,38;2285,25
516;24/10/2022;1892,188;9169,00;14,41;6455,40;0,00;246,67;181,56;2285,37
517;24/10/2022;1892,250;9170,00;14,41;6455,75;0,00;247,00;181,75;2285,50
518;24/10/2022;1892,313;9171,00;14,41;6456,10;0,00;247,33;181,94;2285,63
519;24/10/2022;1892,375;9172,00;14,41;6456,46;0,00;247,67;182,13;2285,75
520;24/10/2022;1892,438;9173,00;14,41;6456,81;0,00;248,00;182,31;2285,88
521;24/10/2022;1892,500;9174,00;14,41;6457,17;0,00;248,33;182,50;2286,00
522;24/10/2022;1892,563;9175,00;14,41;6457,52;0,00;248,67;182,69;2286,12
523;24/10/2022;1892,625;9176,00;14,41;6457,88;0,00;249,00;182,88;2286,25
524;24/10/2022;1892,688;9177,00;14,41;6458,23;0,00;249,33;183,06;2286,38
525;24/10/2022;1892,750;9178,00;14,41;6458,58;0,00;249,67;183,25;2286,50
526;24/10/2022;1892,813;9179,00;14,41;6458,94;0,00;250,00;183,44;2286,63
527;24/10/2022;1892,875;9180,00;14,41;6459,29;0,00;250,33;183,63;2286,75
528;24/10/2022;1892,938;9181,00;14,41;6459,65;0,00;250,67;183,81;2286,87
529;24/10/2022;1893,000;9182,00;14,41;6460,00;0,00;251,00;184,00;2287,00
530;24/10/2022;1893,063;9183,00;14,41;6460,35;0,00;251,33;184,19;2287,13
531;24/10/2022;1893,125;9184,00;14,41;6460,71;0,00;251,67;184,38;2287,25
532;24/10/2022;1893,188;9185,00;14,41;6461,06;0,00;252,00;184,56;2287,38
533;24/10/2022;1893,250;9186,00;14,41;6461,42;0,00;252,33;184,75;2287,50
534;24/10/2022;1893,313;9187,00;14,41;6461,77;0,00;252,67;184,94;2287,62
535;24/10/2022;1893,375;9188,00;14,41;6462,13;0,00;253,00;185,13;2287,75
536;24/10/2022;1893,438;9189,00;14,41;6462,48;0,00;253,33;185,31;2287,88
537;24/10/2022;1893,500;9190,00;14,41;6462,83;0,00;253,67;185,50;2288,00
538;24/10/2022;1893,563;9191,00;14,41;6463,19;0,00;254,00;185,69;2288,13
539;24/10/2022;1893,625;9192,00;14,41;6463,54;0,00;254,33;185,88;2288,25
540;24/10/2022;1893,688;9193,00;14,41;6463,90;0,00;254,67;186,06;2288,37
541;24/10/2022;1893,750;9194,00;14,41;6464,25;0,00;255,00;186,25;2288,50
542;24/10/2022;1893,813;9195,00;14,41;6464,60;0,00;255,33;186,44;2288,63
543;24/10/2022;1893,875;9196,00;14,41;6464,96;0,00;255,67;186,63;2288,75
544;24/10/2022;1893,938;9197,00;14,41;6465,31;0,00;256,00;186,81;2288,88
545;24/10/2022;1894,000;9198,00;14,41;6465,67;0,00;256,33;187,00;2289,00
546;24/10/2022;1894,063;9199,00;14,41;6466,02;0,00;256,67;187,19;2289,12
547;24/10/2022;1894,125;9200,00;14,41;6466,38;0,00;257,00;187,38;2289,25
548;24/10/2022;1894,188;9201,00;14,41;6466,73;0,00;257,33;187,56;2289,38
549;24/10/2022;1894,250;9202,00;14,41;6467,08;0,00;257,67;187,75;2289,50
550;24/10/2022;1894,313;9203,00;14,41;6467,44;0,00;258,00;187,94;2289,63
551;24/10/2022;1894,375;9204,00;14,41;6467,79;0,00;258,33;188,13;2289,75
552;24/10/2022;1894,438;9205,00;14,41;6468,15;0,00;258,67;188,31;2289,87
553;24/10/2022;1894,500;9206,00;14,41;6468,50;0,00;259,00;188,50;2290,00
554;24/10/2022;1894,563;9207,00;14,41;6468,85;0,00;259,33;188,69;2290,13
555;24/10/2022;1894,625;9208,00;14,41;6469,21;0,00;259,67;188,88;2290,25
556;24/10/2022;1894,688;9209,00;14,41;6469,56;0,00;260,00;189,06;2290,38
557;24/10/2022;1894,750;9210,00;14,41;6469,92;0,00;260,33;189,25;2290,50
558;24/10/2022;1894,813;9211,00;14,41;6470,27;0,00;260,67;189,44;2290,62
559;24/10/2022;1894,875;9212,00;14,41;6470,63;0,00;261,00;189,63;2290,75
560;24/10/2022;1894,938;9213,00;14,41;6470,98;0,00;261,33;189,81;2290,88
561;24/10/2022;1895,000;9214,00;14,41;6471,33;0,00;261,67;190,00;2291,00
562;24/10/2022;1895,063;9215,00;14,41;6471,69;0,00;262,00;190,19;2291,13
563;24/10/2022;1895,125;9216,00;14,41;6472,04;0,00;262,33;190,38;2291,25
564;24/10/2022;1895,188;9217,00;14,41;6472,40;0,00;262,67;190,56;2291,37
565;24/10/2022;1895,250;9218,00;14,41;6472,75;0,00;263,00;190,75;2291,50
566;24/10/2022;1895,313;9219,00;14,41;6473,10;0,00;263,33;190,94;2291,63
567;24/10/2022;1895,375;9220,00;14,41;6473,46;0,00;263,67;191,13;2291,75
568;24/10/2022;1895,438;9221,00;14,41;6473,81;0,00;264,00;191,31;2291,88
569;24/10/2022;1895,500;9222,00;14,41;6474,17;0,00;264,33;191,50;2292,00
570;24/10/2022;1895,563;9223,00;14,41;6474,52;0,00;264,67;191,69;2292,12
571;24/10/2022;1895,625;9224,00;14,41;6474,88;0,00;265,00;191,88;2292,25
572;24/10/2022;1895,688;9225,00;14,41;6475,23;0,00;265,33;192,06;2292,38
573;24/10/2022;1895,750;9226,00;14,41;6475,58;0,00;265,67;192,25;2292,50
574;24/10/2022;1895,813;9227,00;14,41;6475,94;0,00;266,00;192,44;2292,63
575;24/10/2022;1895,875;9228,00;14,41;6476,29;0,00;266,33;192,63;2292,75
576;24/10/2022;1895,938;9229,00;14,41;6476,65;0,00;266,67;192,81;2292,87
577;24/10/2022;1896,000;9230,00;14,42;6477,00;0,00;267,00;193,00;2293,00
578;24/10/2022;1896,063;9232,81;14,42;6476,66;0,00;266,72;193,19;2296,25
579;24/10/2022;1896,125;9235,63;14,42;6476,31;0,00;266,44;193,38;2299,50
580;24/10/2022;1896,188;9238,44;14,42;6475,97;0,00;266,16;193,56;2302,75
581;24/10/2022;1896,250;9241,25;14,42;6475,63;0,00;265,88;193,75;2306,00
582;24/10/2022;1896,313;9244,06;14,42;6475,28;0,00;265,59;193,94;2309,25
583;24/10/2022;1896,375;9246,88;14,42;6474,94;0,00;265,31;194,13;2312,50
584;24/10/2022;1896,438;9249,69;14,42;6474,59;0,00;265,03;194,31;2315,75
585;24/10/2022;1896,500;9252,50;14,42;6474,25;0,00;264,75;194,50;2319,00
586;24/10/2022;1896,563;9255,31;14,42;6473,91;0,00;264,47;194,69;2322,25
587;24/10/2022;1896,625;9258,13;14,42;6473,56;0,00;264,19;194,88;2325,50
588;24/10/2022;1896,688;9260,94;14,42;6473,22;0,00;263,91;195,06;2328,75
589;24/10/2022;1896,750;9263,75;14,42;6472,88;0,00;263,63;195,25;2332,00
590;24/10/2022;1896,813;9266,56;14,42;6472,53;0,00;263,34;195,44;2335,25
591;24/10/2022;1896,875;9269,38;14,42;6472,19;0,00;263,06;195,63;2338,50
592;24/10/2022;1896,938;9272,19;14,42;6471,84;0,00;262,78;195,81;2341,75
593;24/10/2022;1897,000;9275,00;14,42;6471,50;0,00;262,50;196,00;2345,00
594;24/10/2022;1897,063;9277,81;14,42;6471,16;0,00;262,22;196,19;2348,25
595;24/10/2022;1897,125;9280,63;14,42;6470,81;0,00;261,94;196,38;2351,50
596;24/10/2022;1897,188;9283,44;14,42;6470,47;0,00;261,66;196,56;2354,75
597;24/10/2022;1897,250;9286,25;14,42;6470,13;0,00;261,38;196,75;2358,00
598;24/10/2022;1897,313;9289,06;14,42;6469,78;0,00;261,09;196,94;2361,25
599;24/10/2022;1897,375;9291,88;14,42;6469,44;0,00;260,81;197,13;2364,50
600;24/10/2022;1897,438;9294,69;14,42;6469,09;0,00;260,53;197,31;2367,75
601;24/10/2022;1897,500;9297,50;14,42;6468,75;0,00;260,25;197,50;2371,00
602;24/10/2022;1897,563;9300,31;14,42;6468,41;0,00;259,97;197,69;2374,25
603;24/10/2022;1897,625;9303,13;14,42;6468,06;0,00;259,69;197,88;2377,50
604;24/10/2022;1897,688;9305,94;14,42;6467,72;0,00;259,41;198,06;2380,75
605;24/10/2022;1897,750;9308,75;14,42;6467,38;0,00;259,13;198,25;2384,00
606;24/10/2022;1897,813;9311,56;14,42;6467,03;0,00;258,84;198,44;2387,25
607;24/10/2022;1897,875;9314,38;14,42;6466,69;0,00;258,56;198,63;2390,50
608;24/10/2022;1897,938;9317,19;14,42;6466,34;0,00;258,28;198,81;2393,75
609;24/10/2022;1898,000;9320,00;14,42;6466,00;0,00;258,00;199,00;2397,00
610;24/10/2022;1898,063;9319,43;14,42;6465,74;0,00;257,76;198,91;2397,02
611;24/10/2022;1898,125;9318,86;14,42;6465,48;0,00;257,52;198,83;2397,03
612;24/10/2022;1898,188;9318,29;14,42;6465,23;0,00;257,27;198,74;2397,05
613;24/10/2022;1898,250;9317,72;14,42;6464,97;0,00;257,03;198,66;2397,06
614;24/10/2022;1898,313;9317,15;14,42;6464,71;0,00;256,79;198,57;2397,08
615;24/10/2022;1898,375;9316,58;14,42;6464,45;0,00;256,55;198,48;2397,09
616;24/10/2022;1898,438;9316,01;14,42;6464,20;0,00;256,30;198,40;2397,11
617;24/10/2022;1898,500;9315,44;14,43;6463,94;0,00;256,06;198,31;2397,13
618;24/10/2022;1898,563;9314,87;14,43;6463,68;0,00;255,82;198,23;2397,14
619;24/10/2022;1898,625;9314,30;14,43;6463,42;0,00;255,58;198,14;2397,16
620;24/10/2022;1898,688;9313,73;14,43;6463,16;0,00;255,34;198,05;2397,17
621;24/10/2022;1898,750;9313,16;14,43;6462,91;0,00;255,09;197,97;2397,19
622;24/10/2022;1898,813;9312,59;14,43;6462,65;0,00;254,85;197,88;2397,20
623;24/10/2022;1898,875;9312,02;14,43;6462,39;0,00;254,61;197,80;2397,22
624;24/10/2022;1898,938;9311,45;14,43;6462,13;0,00;254,37;197,71;2397,23
625;24/10/2022;1899,000;9310,88;14,43;6461,88;0,00;254,13;197,63;2397,25
626;24/10/2022;1899,063;9310,30;14,43;6461,62;0,00;253,88;197,54;2397,27
627;24/10/2022;1899,125;9309,73;14,43;6461,36;0,00;253,64;197,45;2397,28
628;24/10/2022;1899,188;9309,16;14,43;6461,10;0,00;253,40;197,37;2397,30
629;24/10/2022;1899,250;9308,59;14,43;6460,84;0,00;253,16;197,28;2397,31
630;24/10/2022;1899,313;9308,02;14,43;6460,59;0,00;252,91;197,20;2397,33
631;24/10/2022;1899,375;9307,45;14,43;6460,33;0,00;252,67;197,11;2397,34
632;24/10/2022;1899,438;9306,88;14,43;6460,07;0,00;252,43;197,02;2397,36
633;24/10/2022;1899,500;9306,31;14,44;6459,81;0,00;252,19;196,94;2397,38
634;24/10/2022;1899,563;9305,74;14,44;6459,55;0,00;251,95;196,85;2397,39
635;24/10/2022;1899,625;9305,17;14,44;6459,30;0,00;251,70;196,77;2397,41
636;24/10/2022;1899,688;9304,60;14,44;6459,04;0,00;251,46;196,68;2397,42
637;24/10/2022;1899,750;9304,03;14,44;6458,78;0,00;251,22;196,59;2397,44
638;24/10/2022;1899,813;9303,46;14,44;6458,52;0,00;250,98;196,51;2397,45
639;24/10/2022;1899,875;9302,89;14,44;6458,27;0,00;250,73;196,42;2397,47
640;24/10/2022;1899,938;9302,32;14,44;6458,01;0,00;250,49;196,34;2397,48
641;24/10/2022;1900,000;9301,75;14,44;6457,75;0,00;250,25;196,25;2397,50
642;24/10/2022;1900,063;9301,18;14,44;6457,49;0,00;250,01;196,16;2397,52
643;24/10/2022;1900,125;9300,61;14,44;6457,23;0,00;249,77;196,08;2397,53
644;24/10/2022;1900,188;9300,04;14,44;6456,98;0,00;249,52;195,99;2397,55
645;24/10/2022;1900,250;9299,47;14,44;6456,72;0,00;249,28;195,91;2397,56
646;24/10/2022;1900,313;9298,90;14,44;6456,46;0,00;249,04;195,82;2397,58
647;24/10/2022;1900,375;9298,33;14,44;6456,20;0,00;248,80;195,73;2397,59
648;24/10/2022;1900,438;9297,76;14,44;6455,95;0,00;248,55;195,65;2397,61
649;24/10/2022;1900,500;9297,19;14,45;6455,69;0,00;248,31;195,56;2397,63
650;24/10/2022;1900,563;9296,62;14,45;6455,43;0,00;248,07;195,48;2397,64
651;24/10/2022;1900,625;9296,05;14,45;6455,17;0,00;247,83;195,39;2397,66
652;24/10/2022;1900,688;9295,48;14,45;6454,91;0,00;247,59;195,30;2397,67
653;24/10/2022;1900,750;9294,91;14,45;6454,66;0,00;247,34;195,22;2397,69
654;24/10/2022;1900,813;9294,34;14,45;6454,40;0,00;247,10;195,13;2397,70
655;24/10/2022;1900,875;9293,77;14,45;6454,14;0,00;246,86;195,05;2397,72
656;24/10/2022;1900,938;9293,20;14,45;6453,88;0,00;246,62;194,96;2397,73
657;24/10/2022;1901,000;9292,63;14,45;6453,63;0,00;246,38;194,88;2397,75
658;24/10/2022;1901,063;9292,05;14,45;6453,37;0,00;246,13;194,79;2397,77
659;24/10/2022;1901,125;9291,48;14,45;6453,11;0,00;245,89;194,70;2397,78
660;24/10/2022;1901,188;9290,91;14,45;6452,85;0,00;245,65;194,62;2397,80
661;24/10/2022;1901,250;9290,34;14,45;6452,59;0,00;245,41;194,53;2397,81
662;24/10/2022;1901,313;9289,77;14,45;6452,34;0,00;245,16;194,45;2397,83
663;24/10/2022;1901,375;9289,20;14,45;6452,08;0,00;244,92;194,36;2397,84
664;24/10/2022;1901,438;9288,63;14,45;6451,82;0,00;244,68;194,27;2397,86
665;24/10/2022;1901,500;9288,06;14,45;6451,56;0,00;244,44;194,19;2397,88
666;24/10/2022;1901,563;9287,49;14,45;6451,30;0,00;244,20;194,10;2397,89
667;24/10/2022;1901,625;9286,92;14,45;6451,05;0,00;243,95;194,02;2397,91
668;24/10/2022;1901,688;9286,35;14,45;6450,79;0,00;243,71;193,93;2397,92
669;24/10/2022;1901,750;9285,78;14,45;6450,53;0,00;243,47;193,84;2397,94
670;24/10/2022;1901,813;9285,21;14,45;6450,27;0,00;243,23;193,76;2397,95
671;24/10/2022;1901,875;9284,64;14,45;6450,02;0,00;242,98;193,67;2397,97
672;24/10/2022;1901,938;9284,07;14,45;6449,76;0,00;242,74;193,59;2397,98
673;24/10/2022;1902,000;9283,50;14,45;6449,50;0,00;242,50;193,50;2398,00
674;24/10/2022;1902,063;9282,93;14,45;6449,24;0,00;242,26;193,41;2398,02
675;24/10/2022;1902,125;9282,36;14,45;6448,98;0,00;242,02;193,33;2398,03
676;24/10/2022;1902,188;9281,79;14,45;6448,73;0,00;241,77;193,24;2398,05
677;24/10/2022;1902,250;9281,22;14,45;6448,47;0,00;241,53;193,16;2398,06
678;24/10/2022;1902,313;9280,65;14,45;6448,21;0,00;241,29;193,07;2398,08
679;24/10/2022;1902,375;9280,08;14,45;6447,95;0,00;241,05;192,98;2398,09
680;24/10/2022;1902,438;9279,51;14,45;6447,70;0,00;240,80;192,90;2398,11
681;24/10/2022;1902,500;9278,94;14,45;6447,44;0,00;240,56;192,81;2398,13
682;24/10/2022;1902,563;9278,37;14,44;6447,18;0,00;240,32;192,73;2398,14
683;24/10/2022;1902,625;9277,80;14,44;6446,92;0,00;240,08;192,64;2398,16
684;24/10/2022;1902,688;9277,23;14,44;6446,66;0,00;239,84;192,55;2398,17
685;24/10/2022;1902,750;9276,66;14,44;6446,41;0,00;239,59;192,47;2398,19
686;24/10/2022;1902,813;9276,09;14,44;6446,15;0,00;239,35;192,38;2398,20
687;24/10/2022;1902,875;9275,52;14,44;6445,89;0,00;239,11;192,30;2398,22
688;24/10/2022;1902,938;9274,95;14,44;6445,63;0,00;238,87;192,21;2398,23
689;24/10/2022;1903,000;9274,38;14,44;6445,38;0,00;238,63;192,13;2398,25
690;24/10/2022;1903,063;9273,80;14,44;6445,12;0,00;238,38;192,04;2398,27
691;24/10/2022;1903,125;9273,23;14,44;6444,86;0,00;238,14;191,95;2398,28
692;24/10/2022;1903,188;9272,66;14,44;6444,60;0,00;237,90;191,87;2398,30
693;24/10/2022;1903,250;9272,09;14,44;6444,34;0,00;237,66;191,78;2398,31
694;24/10/2022;1903,313;9271,52;14,44;6444,09;0,00;237,41;191,70;2398,33
695;24/10/2022;1903,375;9270,95;14,44;6443,83;0,00;237,17;191,61;2398,34
696;24/10/2022;1903,438;9270,38;14,44;6443,57;0,00;236,93;191,52;2398,36
697;24/10/2022;1903,500;9269,81;14,44;6443,31;0,00;236,69;191,44;2398,38
698;24/10/2022;1903,563;9269,24;14,44;6443,05;0,00;236,45;191,35;2398,39
699;24/10/2022;1903,625;9268,67;14,44;6442,80;0,00;236,20;191,27;2398,41
700;24/10/2022;1903,688;9268,10;14,44;6442,54;0,00;235,96;191,18;2398,42
701;24/10/2022;1903,750;9267,53;14,44;6442,28;0,00;235,72;191,09;2398,44
702;24/10/2022;1903,813;9266,96;14,44;6442,02;0,00;235,48;191,01;2398,45
703;24/10/2022;1903,875;9266,39;14,44;6441,77;0,00;235,23;190,92;2398,47
704;24/10/2022;1903,938;9265,82;14,44;6441,51;0,00;234,99;190,84;2398,48
705;24/10/2022;1904,000;9265,25;14,44;6441,25;0,00;234,75;190,75;2398,50
706;24/10/2022;1904,063;9264,68;14,44;6440,99;0,00;234,51;190,66;2398,52
707;24/10/2022;1904,125;9264,11;14,44;6440,73;0,00;234,27;190,58;2398,53
708;24/10/2022;1904,188;9263,54;14,44;6440,48;0,00;234,02;190,49;2398,55
709;24/10/2022;1904,250;9262,97;14,44;6440,22;0,00;233,78;190,41;2398,56
710;24/10/2022;1904,313;9262,40;14,44;6439,96;0,00;233,54;190,32;2398,58
711;24/10/2022;1904,375;9261,83;14,44;6439,70;0,00;233,30;190,23;2398,59
712;24/10/2022;1904,438;9261,26;14,44;6439,45;0,00;233,05;190,15;2398,61
713;24/10/2022;1904,500;9260,69;14,45;6439,19;0,00;232,81;190,06;2398,63
714;24/10/2022;1904,563;9260,12;14,45;6438,93;0,00;232,57;189,98;2398,64
715;24/10/2022;1904,625;9259,55;14,45;6438,67;0,00;232,33;189,89;2398,66
716;24/10/2022;1904,688;9258,98;14,45;6438,41;0,00;232,09;189,80;2398,67
717;24/10/2022;1904,750;9258,41;14,45;6438,16;0,00;231,84;189,72;2398,69
718;24/10/2022;1904,813;9257,84;14,45;6437,90;0,00;231,60;189,63;2398,70
719;24/10/2022;1904,875;9257,27;14,45;6437,64;0,00;231,36;189,55;2398,72
720;24/10/2022;1904,938;9256,70;14,45;6437,38;0,00;231,12;189,46;2398,73
721;24/10/2022;1905,000;9256,13;14,45;6437,13;0,00;230,88;189,38;2398,75
722;24/10/2022;1905,063;9255,55;14,45;6436,87;0,00;230,63;189,29;2398,77
723;24/10/2022;1905,125;9254,98;14,45;6436,61;0,00;230,39;189,20;2398,78
724;24/10/2022;1905,188;9254,41;14,45;6436,35;0,00;230,15;189,12;2398,80
725;24/10/2022;1905,250;9253,84;14,45;6436,09;0,00;229,91;189,03;2398,81
726;24/10/2022;1905,313;9253,27;14,45;6435,84;0,00;229,66;188,95;2398,83
727;24/10/2022;1905,375;9252,70;14,45;6435,58;0,00;229,42;188,86;2398,84
728;24/10/2022;1905,438;9252,13;14,45;6435,32;0,00;229,18;188,77;2398,86
729;24/10/2022;1905,500;9251,56;14,46;6435,06;0,00;228,94;188,69;2398,88
730;24/10/2022;1905,563;9250,99;14,46;6434,80;0,00;228,70;188,60;2398,89
731;24/10/2022;1905,625;9250,42;14,46;6434,55;0,00;228,45;188,52;2398,91
732;24/10/2022;1905,688;9249,85;14,46;6434,29;0,00;228,21;188,43;2398,92
733;24/10/2022;1905,750;9249,28;14,46;6434,03;0,00;227,97;188,34;2398,94
734;24/10/2022;1905,813;9248,71;14,46;6433,77;0,00;227,73;188,26;2398,95
735;24/10/2022;1905,875;9248,14;14,46;6433,52;0,00;227,48;188,17;2398,97
736;24/10/2022;1905,938;9247,57;14,46;6433,26;0,00;227,24;188,09;2398,98
737;24/10/2022;1906,000;9247,00;14,46;6433,00;0,00;227,00;188,00;2399,00
738;24/10/2022;1906,063;9244,85;14,46;6432,77;0,00;226,76;187,88;2397,44
739;24/10/2022;1906,125;9242,71;14,46;6432,54;0,00;226,52;187,76;2395,88
740;24/10/2022;1906,188;9240,56;14,46;6432,31;0,00;226,28;187,64;2394,33
741;24/10/2022;1906,250;9238,42;14,46;6432,08;0,00;226,04;187,52;2392,77
742;24/10/2022;1906,313;9236,27;14,46;6431,85;0,00;225,80;187,40;2391,21
743;24/10/2022;1906,375;9234,13;14,46;6431,63;0,00;225,56;187,28;2389,65
744;24/10/2022;1906,438;9231,98;14,46;6431,40;0,00;225,32;187,16;2388,10
745;24/10/2022;1906,500;9229,83;14,46;6431,17;0,00;225,08;187,05;2386,54
746;24/10/2022;1906,563;9227,69;14,46;6430,94;0,00;224,84;186,93;2384,98
747;24/10/2022;1906,625;9225,54;14,46;6430,71;0,00;224,60;186,81;2383,42
748;24/10/2022;1906,688;9223,40;14,46;6430,48;0,00;224,36;186,69;2381,86
749;24/10/2022;1906,750;9221,25;14,46;6430,25;0,00;224,13;186,57;2380,31
750;24/10/2022;1906,813;9219,10;14,45;6430,02;0,00;223,89;186,45;2378,75
751;24/10/2022;1906,875;9216,96;14,45;6429,79;0,00;223,65;186,33;2377,19
752;24/10/2022;1906,938;9214,81;14,45;6429,56;0,00;223,41;186,21;2375,63
753;24/10/2022;1907,000;9212,67;14,45;6429,33;0,00;223,17;186,09;2374,08
754;24/10/2022;1907,063;9210,52;14,45;6429,10;0,00;222,93;185,97;2372,52
755;24/10/2022;1907,125;9208,38;14,45;6428,88;0,00;222,69;185,85;2370,96
756;24/10/2022;1907,188;9206,23;14,45;6428,65;0,00;222,45;185,73;2369,40
757;24/10/2022;1907,250;9204,08;14,45;6428,42;0,00;222,21;185,61;2367,84
758;24/10/2022;1907,313;9201,94;14,45;6428,19;0,00;221,97;185,49;2366,29
759;24/10/2022;1907,375;9199,79;14,45;6427,96;0,00;221,73;185,38;2364,73
760;24/10/2022;1907,438;9197,65;14,45;6427,73;0,00;221,49;185,26;2363,17
761;24/10/2022;1907,500;9195,50;14,45;6427,50;0,00;221,25;185,14;2361,61
762;24/10/2022;1907,563;9193,35;14,45;6427,27;0,00;221,01;185,02;2360,06
763;24/10/2022;1907,625;9191,21;14,45;6427,04;0,00;220,77;184,90;2358,50
764;24/10/2022;1907,688;9189,06;14,45;6426,81;0,00;220,53;184,78;2356,94
765;24/10/2022;1907,750;9186,92;14,45;6426,58;0,00;220,29;184,66;2355,38
766;24/10/2022;1907,813;9184,77;14,45;6426,35;0,00;220,05;184,54;2353,82
767;24/10/2022;1907,875;9182,63;14,45;6426,13;0,00;219,81;184,42;2352,27
768;24/10/2022;1907,938;9180,48;14,45;6425,90;0,00;219,57;184,30;2350,71
769;24/10/2022;1908,000;9178,33;14,45;6425,67;0,00;219,33;184,18;2349,15
770;24/10/2022;1908,063;9176,19;14,45;6425,44;0,00;219,09;184,06;2347,59
771;24/10/2022;1908,125;9174,04;14,45;6425,21;0,00;218,85;183,94;2346,04
772;24/10/2022;1908,188;9171,90;14,45;6424,98;0,00;218,61;183,82;2344,48
773;24/10/2022;1908,250;9169,75;14,45;6424,75;0,00;218,38;183,70;2342,92
774;24/10/2022;1908,313;9167,60;14,44;6424,52;0,00;218,14;183,59;2341,36
775;24/10/2022;1908,375;9165,46;14,44;6424,29;0,00;217,90;183,47;2339,80
776;24/10/2022;1908,438;9163,31;14,44;6424,06;0,00;217,66;183,35;2338,25
777;24/10/2022;1908,500;9161,17;14,44;6423,83;0,00;217,42;183,23;2336,69
778;24/10/2022;1908,563;9159,02;14,44;6423,60;0,00;217,18;183,11;2335,13
779;24/10/2022;1908,625;9156,88;14,44;6423,38;0,00;216,94;182,99;2333,57
780;24/10/2022;1908,688;9154,73;14,44;6423,15;0,00;216,70;182,87;2332,02
781;24/10/2022;1908,750;9152,58;14,44;6422,92;0,00;216,46;182,75;2330,46
782;24/10/2022;1908,813;9150,44;14,44;6422,69;0,00;216,22;182,63;2328,90
783;24/10/2022;1908,875;9148,29;14,44;6422,46;0,00;215,98;182,51;2327,34
784;24/10/2022;1908,938;9146,15;14,44;6422,23;0,00;215,74;182,39;2325,78
785;24/10/2022;1909,000;9144,00;14,44;6422,00;0,00;215,50;182,27;2324,23
786;24/10/2022;1909,063;9141,85;14,44;6421,82;0,00;215,26;182,15;2322,62
787;24/10/2022;1909,125;9139,71;14,44;6421,64;0,00;215,02;182,03;2321,01
788;24/10/2022;1909,188;9137,56;14,44;6421,46;0,00;214,78;181,91;2319,41
789;24/10/2022;1909,250;9135,42;14,44;6421,28;0,00;214,54;181,80;2317,80
790;24/10/2022;1909,313;9133,27;14,44;6421,10;0,00;214,30;181,68;2316,19
791;24/10/2022;1909,375;9131,13;14,45;6420,92;0,00;214,06;181,56;2314,58
792;24/10/2022;1909,438;9128,98;14,45;6420,74;0,00;213,82;181,44;2312,98
793;24/10/2022;1909,500;9126,83;14,45;6420,56;0,00;213,58;181,32;2311,37
794;24/10/2022;1909,563;9124,69;14,45;6420,38;0,00;213,34;181,20;2309,76
795;24/10/2022;1909,625;9122,54;14,45;6420,20;0,00;213,10;181,08;2308,15
796;24/10/2022;1909,688;9120,40;14,45;6420,02;0,00;212,86;180,96;2306,55
797;24/10/2022;1909,750;9118,25;14,45;6419,84;0,00;212,63;180,84;2304,94
798;24/10/2022;1909,813;9116,10;14,45;6419,66;0,00;212,39;180,72;2303,33
799;24/10/2022;1909,875;9113,96;14,45;6419,48;0,00;212,15;180,60;2301,73
800;24/10/2022;1909,938;9111,81;14,45;6419,30;0,00;211,91;180,48;2300,12
801;24/10/2022;1910,000;9109,67;14,45;6419,13;0,00;211,67;180,36;2298,51
802;24/10/2022;1910,063;9107,52;14,45;6418,95;0,00;211,43;180,24;2296,90
803;24/10/2022;1910,125;9105,38;14,46;6418,77;0,00;211,19;180,13;2295,30
804;24/10/2022;1910,188;9103,23;14,46;6418,59;0,00;210,95;180,01;2293,69
805;24/10/2022;1910,250;9101,08;14,46;6418,41;0,00;210,71;179,89;2292,08
806;24/10/2022;1910,313;9098,94;14,46;6418,23;0,00;210,47;179,77;2290,48
807;24/10/2022;1910,375;9096,79;14,46;6418,05;0,00;210,23;179,65;2288,87
808;24/10/2022;1910,438;9094,65;14,46;6417,87;0,00;209,99;179,53;2287,26
809;24/10/2022;1910,500;9092,50;14,46;6417,69;0,00;209,75;179,41;2285,65
810;24/10/2022;1910,563;9090,35;14,46;6417,51;0,00;209,51;179,29;2284,05
811;24/10/2022;1910,625;9088,21;14,46;6417,33;0,00;209,27;179,17;2282,44
812;24/10/2022;1910,688;9086,06;14,46;6417,15;0,00;209,03;179,05;2280,83
813;24/10/2022;1910,750;9083,92;14,46;6416,97;0,00;208,79;178,93;2279,22
814;24/10/2022;1910,813;9081,77;14,46;6416,79;0,00;208,55;178,81;2277,62
815;24/10/2022;1910,875;9079,63;14,46;6416,61;0,00;208,31;178,69;2276,01
816;24/10/2022;1910,938;9077,48;14,47;6416,43;0,00;208,07;178,57;2274,40
817;24/10/2022;1911,000;9075,33;14,47;6416,25;0,00;207,83;178,45;2272,80
818;24/10/2022;1911,063;9073,19;14,47;6416,07;0,00;207,59;178,34;2271,19
819;24/10/2022;1911,125;9071,04;14,47;6415,89;0,00;207,35;178,22;2269,58
820;24/10/2022;1911,188;9068,90;14,47;6415,71;0,00;207,11;178,10;2267,97
821;24/10/2022;1911,250;9066,75;14,47;6415,53;0,00;206,88;177,98;2266,37
822;24/10/2022;1911,313;9064,60;14,47;6415,35;0,00;206,64;177,86;2264,76
823;24/10/2022;1911,375;9062,46;14,47;6415,17;0,00;206,40;177,74;2263,15
824;24/10/2022;1911,438;9060,31;14,47;6414,99;0,00;206,16;177,62;2261,54
825;24/10/2022;1911,500;9058,17;14,47;6414,81;0,00;205,92;177,50;2259,94
826;24/10/2022;1911,563;9056,02;14,47;6414,63;0,00;205,68;177,38;2258,33
827;24/10/2022;1911,625;9053,88;14,47;6414,45;0,00;205,44;177,26;2256,72
828;24/10/2022;1911,688;9051,73;14,48;6414,27;0,00;205,20;177,14;2255,12
829;24/10/2022;1911,750;9049,58;14,48;6414,09;0,00;204,96;177,02;2253,51
830;24/10/2022;1911,813;9047,44;14,48;6413,91;0,00;204,72;176,90;2251,90
831;24/10/2022;1911,875;9045,29;14,48;6413,73;0,00;204,48;176,78;2250,29
832;24/10/2022;1911,938;9043,15;14,48;6413,55;0,00;204,24;176,66;2248,69
833;24/10/2022;1912,000;9041,00;14,48;6413,38;0,00;204,00;176,55;2247,08
834;24/10/2022;1912,063;9040,10;14,48;6413,20;0,00;203,74;176,43;2246,74
835;24/10/2022;1912,125;9039,20;14,48;6413,02;0,00;203,48;176,31;2246,40
836;24/10/2022;1912,188;9038,30;14,48;6412,84;0,00;203,21;176,19;2246,06
837;24/10/2022;1912,250;9037,40;14,48;6412,66;0,00;202,95;176,07;2245,72
838;24/10/2022;1912,313;9036,50;14,48;6412,48;0,00;202,69;175,95;2245,39
839;24/10/2022;1912,375;9035,60;14,48;6412,30;0,00;202,43;175,83;2245,05
840;24/10/2022;1912,438;9034,70;14,48;6412,12;0,00;202,16;175,71;2244,71
841;24/10/2022;1912,500;9033,80;14,47;6411,94;0,00;201,90;175,59;2244,37
842;24/10/2022;1912,563;9032,90;14,47;6411,76;0,00;201,64;175,47;2244,03
843;24/10/2022;1912,625;9032,00;14,47;6411,58;0,00;201,38;175,35;2243,69
844;24/10/2022;1912,688;9031,10;14,47;6411,40;0,00;201,11;175,23;2243,36
845;24/10/2022;1912,750;9030,20;14,47;6411,22;0,00;200,85;175,11;2243,02
846;24/10/2022;1912,813;9029,30;14,47;6411,04;0,00;200,59;174,99;2242,68
847;24/10/2022;1912,875;9028,40;14,47;6410,86;0,00;200,32;174,88;2242,34
848;24/10/2022;1912,938;9027,50;14,47;6410,68;0,00;200,06;174,76;2242,00
849;24/10/2022;1913,000;9026,60;14,47;6410,50;0,00;199,80;174,64;2241,66
850;24/10/2022;1913,063;9025,70;14,47;6410,32;0,00;199,54;174,52;2241,33
851;24/10/2022;1913,125;9024,80;14,47;6410,14;0,00;199,28;174,40;2240,99
852;24/10/2022;1913,188;9023,90;14,47;6409,96;0,00;199,01;174,28;2240,65
853;24/10/2022;1913,250;9023,00;14,47;6409,78;0,00;198,75;174,16;2240,31
854;24/10/2022;1913,313;9022,10;14,47;6409,60;0,00;198,49;174,04;2239,97
855;24/10/2022;1913,375;9021,20;14,47;6409,42;0,00;198,23;173,92;2239,63
856;24/10/2022;1913,438;9020,30;14,47;6409,24;0,00;197,96;173,80;2239,29
857;24/10/2022;1913,500;9019,40;14,47;6409,06;0,00;197,70;173,68;2238,96
858;24/10/2022;1913,563;9018,50;14,46;6408,88;0,00;197,44;173,56;2238,62
859;24/10/2022;1913,625;9017,60;14,46;6408,70;0,00;197,18;173,44;2238,28
860;24/10/2022;1913,688;9016,70;14,46;6408,52;0,00;196,91;173,32;2237,94
861;24/10/2022;1913,750;9015,80;14,46;6408,34;0,00;196,65;173,20;2237,60
862;24/10/2022;1913,813;9014,90;14,46;6408,16;0,00;196,39;173,09;2237,26
863;24/10/2022;1913,875;9014,00;14,46;6407,98;0,00;196,13;172,97;2236,92
864;24/10/2022;1913,938;9013,10;14,46;6407,80;0,00;195,86;172,85;2236,59
865;24/10/2022;1914,000;9012,20;14,46;6407,63;0,00;195,60;172,73;2236,25
866;24/10/2022;1914,063;9011,30;14,46;6407,45;0,00;195,34;172,61;2235,91
867;24/10/2022;1914,125;9010,40;14,46;6407,27;0,00;195,07;172,49;2235,57
868;24/10/2022;1914,188;9009,50;14,46;6407,09;0,00;194,81;172,37;2235,23
869;24/10/2022;1914,250;9008,60;14,46;6406,91;0,00;194,55;172,25;2234,89
870;24/10/2022;1914,313;9007,70;14,46;6406,73;0,00;194,29;172,13;2234,56
871;24/10/2022;1914,375;9006,80;14,46;6406,55;0,00;194,03;172,01;2234,22
872;24/10/2022;1914,438;9005,90;14,46;6406,37;0,00;193,76;171,89;2233,88
873;24/10/2022;1914,500;9005,00;14,47;6406,19;0,00;193,50;171,77;2233,54
874;24/10/2022;1914,563;9004,10;14,47;6406,01;0,00;193,24;171,65;2233,20
875;24/10/2022;1914,625;9003,20;14,47;6405,83;0,00;192,98;171,53;2232,86
876;24/10/2022;1914,688;9002,30;14,47;6405,65;0,00;192,71;171,41;2232,52
877;24/10/2022;1914,750;9001,40;14,47;6405,47;0,00;192,45;171,30;2232,19
878;24/10/2022;1914,813;9000,50;14,47;6405,29;0,00;192,19;171,18;2231,85
879;24/10/2022;1914,875;8999,60;14,47;6405,11;0,00;191,93;171,06;2231,51
880;24/10/2022;1914,938;8998,70;14,47;6404,93;0,00;191,66;170,94;2231,17
881;24/10/2022;1915,000;8997,80;14,47;6404,75;0,00;191,40;170,82;2230,83
882;24/10/2022;1915,063;8996,90;14,47;6404,57;0,00;191,14;170,70;2230,49
883;24/10/2022;1915,125;8996,00;14,47;6404,39;0,00;190,88;170,58;2230,15
884;24/10/2022;1915,188;8995,10;14,47;6404,21;0,00;190,61;170,46;2229,82
885;24/10/2022;1915,250;8994,20;14,47;6404,03;0,00;190,35;170,34;2229,48
886;24/10/2022;1915,313;8993,30;14,47;6403,85;0,00;190,09;170,22;2229,14
887;24/10/2022;1915,375;8992,40;14,47;6403,67;0,00;189,82;170,10;2228,80
888;24/10/2022;1915,438;8991,50;14,47;6403,49;0,00;189,56;169,98;2228,46
889;24/10/2022;1915,500;8990,60;14,48;6403,31;0,00;189,30;169,86;2228,12
890;24/10/2022;1915,563;8989,70;14,48;6403,13;0,00;189,04;169,74;2227,79
891;24/10/2022;1915,625;8988,80;14,48;6402,95;0,00;188,78;169,63;2227,45
892;24/10/2022;1915,688;8987,90;14,48;6402,77;0,00;188,51;169,51;2227,11
893;24/10/2022;1915,750;8987,00;14,48;6402,59;0,00;188,25;169,39;2226,77
894;24/10/2022;1915,813;8986,10;14,48;6402,41;0,00;187,99;169,27;2226,43
895;24/10/2022;1915,875;8985,20;14,48;6402,23;0,00;187,73;169,15;2226,09
896;24/10/2022;1915,938;8984,30;14,48;6402,05;0,00;187,46;169,03;2225,75
897;24/10/2022;1916,000;8983,40;14,48;6401,88;0,00;187,20;168,91;2225,42
898;24/10/2022;1916,063;8982,50;14,48;6401,70;0,00;186,94;168,79;2225,08
899;24/10/2022;1916,125;8981,60;14,48;6401,52;0,00;186,68;168,67;2224,74
900;24/10/2022;1916,188;8980,70;14,48;6401,34;0,00;186,41;168,55;2224,40
901;24/10/2022;1916,250;8979,80;14,48;6401,16;0,00;186,15;168,43;2224,06
902;24/10/2022;1916,313;8978,90;14,48;6400,98;0,00;185,89;168,31;2223,72
903;24/10/2022;1916,375;8978,00;14,48;6400,80;0,00;185,63;168,19;2223,38
904;24/10/2022;1916,438;8977,10;14,48;6400,62;0,00;185,36;168,07;2223,05
905;24/10/2022;1916,500;8976,20;14,49;6400,44;0,00;185,10;167,95;2222,71
906;24/10/2022;1916,563;8975,30;14,49;6400,26;0,00;184,84;167,84;2222,37
907;24/10/2022;1916,625;8974,40;14,49;6400,08;0,00;184,58;167,72;2222,03
908;24/10/2022;1916,688;8973,50;14,49;6399,90;0,00;184,31;167,60;2221,69
909;24/10/2022;1916,750;8972,60;14,49;6399,72;0,00;184,05;167,48;2221,35
910;24/10/2022;1916,813;8971,70;14,49;6399,54;0,00;183,79;167,36;2221,02
911;24/10/2022;1916,875;8970,80;14,49;6399,36;0,00;183,53;167,24;2220,68
912;24/10/2022;1916,938;8969,90;14,49;6399,18;0,00;183,26;167,12;2220,34
913;24/10/2022;1917,000;8969,00;14,49;6399,00;0,00;183,00;167,00;2220,00
914;24/10/2022;1917,063;8969,00;14,49;6399,00;0,00;183,00;167,00;2220,00
915;24/10/2022;1917,125;8969,00;14,49;6399,00;0,00;183,00;167,00;2220,00
916;24/10/2022;1917,188;8969,00;14,49;6399,00;0,00;183,00;167,00;2220,00
917;24/10/2022;1917,250;8969,00;14,49;6399,00;0,00;183,00;167,00;2220,00
918;24/10/2022;1917,313;8969,00;14,49;6399,00;0,00;183,00;167,00;2220,00
919;24/10/2022;1917,375;8969,00;14,49;6399,00;0,00;183,00;167,00;2220,00
920;24/10/2022;1917,438;8969,00;14,49;6399,00;0,00;183,00;167,00;2220,00
921;24/10/2022;1917,500;8969,00;14,49;6399,00;0,00;183,00;167,00;2220,00
922;24/10/2022;1917,563;8969,00;14,49;6399,00;0,00;183,00;167,00;2220,00
923;24/10/2022;1917,625;8969,00;14,49;6399,00;0,00;183,00;167,00;2220,00
924;24/10/2022;1917,688;8969,00;14,49;6399,00;0,00;183,00;167,00;2220,00
925;24/10/2022;1917,750;8969,00;14,49;6399,00;0,00;183,00;167,00;2220,00
926;24/10/2022;1917,813;8969,00;14,49;6399,00;0,00;183,00;167,00;2220,00
927;24/10/2022;1917,875;8969,00;14,49;6399,00;0,00;183,00;167,00;2220,00
928;24/10/2022;1917,938;8969,00;14,49;6399,00;0,00;183,00;167,00;2220,00
929;24/10/2022;1918,000;8969,00;14,49;6399,00;0,00;183,00;167,00;2220,00
930;24/10/2022;1918,063;8969,00;14,49;6399,00;0,00;183,00;167,00;2220,00
931;24/10/2022;1918,125;8969,00;14,49;6399,00;0,00;183,00;167,00;2220,00
932;24/10/2022;1918,188;8969,00;14,49;6399,00;0,00;183,00;167,00;2220,00
933;24/10/2022;1918,250;8969,00;14,49;6399,00;0,00;183,00;167,00;2220,00
934;24/10/2022;1918,313;8969,00;14,49;6399,00;0,00;183,00;167,00;2220,00
935;24/10/2022;1918,375;8969,00;14,49;6399,00;0,00;183,00;167,00;2220,00
936;24/10/2022;1918,438;8969,00;14,49;6399,00;0,00;183,00;167,00;2220,00
937;24/10/2022;1918,500;8969,00;14,49;6399,00;0,00;183,00;167,00;2220,00
938;24/10/2022;1918,563;8969,00;14,49;6399,00;0,00;183,00;167,00;2220,00
939;24/10/2022;1918,625;8969,00;14,49;6399,00;0,00;183,00;167,00;2220,00
940;24/10/2022;1918,688;8969,00;14,49;6399,00;0,00;183,00;167,00;2220,00
941;24/10/2022;1918,750;8969,00;14,49;6399,00;0,00;183,00;167,00;2220,00
942;24/10/2022;1918,813;8969,00;14,49;6399,00;0,00;183,00;167,00;2220,00
943;24/10/2022;1918,875;8969,00;14,49;6399,00;0,00;183,00;167,00;2220,00
944;24/10/2022;1918,938;8969,00;14,49;6399,00;0,00;183,00;167,00;2220,00
945;24/10/2022;1919,000;8969,00;14,49;6399,00;0,00;183,00;167,00;2220,00
946;24/10/2022;1919,063;8969,00;14,49;6399,00;0,00;183,00;167,00;2220,00
947;24/10/2022;1919,125;8969,00;14,49;6399,00;0,00;183,00;167,00;2220,00
948;24/10/2022;1919,188;8969,00;14,49;6399,00;0,00;183,00;167,00;2220,00
949;24/10/2022;1919,250;8969,00;14,49;6399,00;0,00;183,00;167,00;2220,00
950;24/10/2022;1919,313;8969,00;14,49;6399,00;0,00;183,00;167,00;2220,00
951;24/10/2022;1919,375;8969,00;14,49;6399,00;0,00;183,00;167,00;2220,00
952;24/10/2022;1919,438;8969,00;14,49;6399,00;0,00;183,00;167,00;2220,00
953;24/10/2022;1919,500;8969,00;14,49;6399,00;0,00;183,00;167,00;2220,00
954;24/10/2022;1919,563;8969,00;14,49;6399,00;0,00;183,00;167,00;2220,00
955;24/10/2022;1919,625;8969,00;14,49;6399,00;0,00;183,00;167,00;2220,00
956;24/10/2022;1919,688;8969,00;14,49;6399,00;0,00;183,00;167,00;2220,00
957;24/10/2022;1919,750;8969,00;14,49;6399,00;0,00;183,00;167,00;2220,00
958;24/10/2022;1919,813;8969,00;14,49;6399,00;0,00;183,00;167,00;2220,00
959;24/10/2022;1919,875;8969,00;14,49;6399,00;0,00;183,00;167,00;2220,00
960;24/10/2022;1919,938;8969,00;14,49;6399,00;0,00;183,00;167,00;2220,00
